ask-your-pharmacist|https://www.zonnic.ca/ca/en/ask-your-pharmacist|address-lookup-field,arrow-link-dark,at-element-marker,ava-nav-menu,background-cover,background-v-top,bat-agegate,bat-button,bat-card-info,bat-cmp-contentfragmentcollection,bat-cta,bat-cta-style,bat-email-verification,bat-faq-default,bat-footer-bottom,bat-footer-payment-icons,bat-footer-social-nav,bat-footer-zonnic,bat-footer-zonnic-container,bat-footer-zonnic-copyright,bat-footer-zonnic-disclaimer,bat-footer-zonnic-label-page-breadcrumb,bat-footer-zonnic-logo,bat-footer-zonnic-logo-icon,bat-footer-zonnic-main,bat-footer-zonnic-nav,bat-footer-zonnic-nav-menu,bat-footer-zonnic-nav-menu-title,bat-footer-zonnic-submenu,bat-footer-zonnic-top,bat-form,bat-form-block,bat-form-block-text,bat-form-field,bat-form-field-set,bat-form-field-tip,bat-form-messages,bat-form-msg,bat-form-step,bat-header,bat-header-account,bat-header-account-icon-label,bat-header-account-icon-label-auth,bat-header-account-link,bat-header-account-menu,bat-header-content,bat-header-fixed-spacer,bat-header-logo,bat-header-menu,bat-header-menu-button,bat-header-nav,bat-header-promo,bat-header-promo-link,bat-header-stores,bat-header-stores-link,bat-header-support,bat-header-support-link,bat-header-top,bat-header-utils,bat-header-wrapper,bat-headline,bat-headline-style,bat-hero-zonnic,bat-icon,bat-image,bat-language,bat-location,bat-message,bat-message-text,bat-messagebar,bat-minicart,bat-minicart-basket-total,bat-minicart-count,bat-minicart-empty-content,bat-minicart-empty-headline,bat-minicart-empty-icon,bat-minicart-empty-message,bat-minicart-subtotal-label,bat-minicart-subtotal-value,bat-minicart-total-items,bat-minicart-wrapper,bat-modal,bat-modal-close,bat-modal-content,bat-navigation,bat-navigation-group,bat-navigation-group-list,bat-navigation-group-list-item,bat-navigation-group-list-item-link,bat-page,bat-section,bat-section-content,bat-section-content-style,bat-section-modal,bat-section-style,bat-text,bat-wrapper,breadcrumb-description,button-dark,button-secondary-dark,cmp-experiencefragment,consent-block,container-fluid,cq-dd-paragraph,cta-hide,cta-label,cta-logged-in-user,cta-logged-out-user,cta-show,current-page,d-align-right,d-block,d-lg-block,d-lg-none,d-md-block,d-md-none,d-none,d-sm-block,d-sm-none,d-xl-block,d-xl-none,display-address,email-cant-verify,email-invalid,embedded-messaging,error-msg,existing-user,existing-user-close,fa-plus,field-note,full-width,gallery-steel-grey-gradient,global-components,headline2-color2,icon-center,icon-plus,login-error-message,login-success-message,lookup-field,m-align-left,margin-medium,margin-none,margin-small,margin-xsmall,menu-title,newsletter-headline,padding-bottom-large,padding-bottom-medium,padding-bottom-small,padding-bottom-xsmall,padding-left-large,padding-left-medium,padding-left-small,padding-right-large,padding-right-medium,padding-right-small,padding-top-large,padding-top-medium,padding-top-small,padding-top-xsmall,page-theme,radio-input,radio-set,same-as-top,select-wrapper,submenu-content,to-login,toggle-visibility,user-invalid,what-is-zonnic,why-zonnic,xf-content-height,your-address,your-details,zonnic-logo,zonnic-menu,zonnic-newsletter-modal
ask-your-pharmacist|https://www.zonnic.ca/ca/fr/ask-your-pharmacist|address-lookup-field,arrow-link-dark,at-element-marker,ava-nav-menu,background-cover,background-v-top,bat-agegate,bat-button,bat-card-info,bat-cmp-contentfragmentcollection,bat-cta,bat-cta-style,bat-email-verification,bat-faq-default,bat-footer-bottom,bat-footer-payment-icons,bat-footer-social-nav,bat-footer-zonnic,bat-footer-zonnic-container,bat-footer-zonnic-copyright,bat-footer-zonnic-disclaimer,bat-footer-zonnic-label-page-breadcrumb,bat-footer-zonnic-logo,bat-footer-zonnic-logo-icon,bat-footer-zonnic-main,bat-footer-zonnic-nav,bat-footer-zonnic-nav-menu,bat-footer-zonnic-nav-menu-title,bat-footer-zonnic-submenu,bat-footer-zonnic-top,bat-form,bat-form-block,bat-form-block-text,bat-form-field,bat-form-field-set,bat-form-field-tip,bat-form-messages,bat-form-msg,bat-form-step,bat-header,bat-header-account,bat-header-account-icon-label,bat-header-account-icon-label-auth,bat-header-account-link,bat-header-account-menu,bat-header-content,bat-header-fixed-spacer,bat-header-logo,bat-header-menu,bat-header-menu-button,bat-header-nav,bat-header-promo,bat-header-promo-link,bat-header-stores,bat-header-stores-link,bat-header-support,bat-header-support-link,bat-header-top,bat-header-utils,bat-header-wrapper,bat-headline,bat-headline-style,bat-hero-zonnic,bat-icon,bat-image,bat-language,bat-location,bat-message,bat-message-text,bat-messagebar,bat-minicart,bat-minicart-basket-total,bat-minicart-count,bat-minicart-empty-content,bat-minicart-empty-headline,bat-minicart-empty-icon,bat-minicart-empty-message,bat-minicart-subtotal-label,bat-minicart-subtotal-value,bat-minicart-total-items,bat-minicart-wrapper,bat-modal,bat-modal-close,bat-modal-content,bat-navigation,bat-navigation-group,bat-navigation-group-list,bat-navigation-group-list-item,bat-navigation-group-list-item-link,bat-page,bat-section,bat-section-content,bat-section-content-style,bat-section-modal,bat-section-style,bat-text,bat-wrapper,breadcrumb-description,button-dark,button-secondary-dark,cmp-experiencefragment,consent-block,container-fluid,cq-dd-paragraph,cta-hide,cta-label,cta-logged-in-user,cta-logged-out-user,cta-show,current-page,d-align-right,d-block,d-lg-block,d-lg-none,d-md-block,d-md-none,d-none,d-sm-block,d-sm-none,d-xl-block,d-xl-none,display-address,embedded-messaging,error-msg,existing-user,existing-user-close,fa-plus,field-note,full-width,gallery-steel-grey-gradient,global-components,headline2-color2,icon-center,icon-plus,login-error-message,login-success-message,lookup-field,m-align-left,margin-medium,margin-none,margin-small,margin-xsmall,menu-title,newsletter-headline,newsletter-subheadline,padding-bottom-large,padding-bottom-medium,padding-bottom-small,padding-bottom-xsmall,padding-left-large,padding-left-medium,padding-left-small,padding-right-large,padding-right-medium,padding-right-small,padding-top-large,padding-top-medium,padding-top-small,padding-top-xsmall,page-theme,radio-input,radio-set,rte-temp,same-as-top,select-wrapper,submenu-content,to-login,toggle-visibility,what-is-zonnic,why-zonnic,xf-content-height,your-address,your-details,zonnic-logo,zonnic-menu,zonnic-newsletter-modal
blog|https://www.zonnic.ca/ca/en/blog/how-to-use-nicotine-pouches|address-lookup-field,arrow-link-dark,at-element-marker,ava-nav-menu,background-cover,background-v-top,bat-agegate,bat-button,bat-card,bat-card-info,bat-cmp-contentfragmentcollection,bat-cta,bat-cta-style,bat-email-verification,bat-faq-default,bat-footer-bottom,bat-footer-payment-icons,bat-footer-social-nav,bat-footer-zonnic,bat-footer-zonnic-container,bat-footer-zonnic-copyright,bat-footer-zonnic-disclaimer,bat-footer-zonnic-label-page-breadcrumb,bat-footer-zonnic-logo,bat-footer-zonnic-logo-icon,bat-footer-zonnic-main,bat-footer-zonnic-nav,bat-footer-zonnic-nav-menu,bat-footer-zonnic-nav-menu-title,bat-footer-zonnic-submenu,bat-footer-zonnic-top,bat-form,bat-form-block,bat-form-block-text,bat-form-field,bat-form-field-set,bat-form-field-tip,bat-form-messages,bat-form-msg,bat-form-step,bat-header,bat-header-account,bat-header-account-icon-label,bat-header-account-icon-label-auth,bat-header-account-link,bat-header-account-menu,bat-header-content,bat-header-fixed-spacer,bat-header-logo,bat-header-menu,bat-header-menu-button,bat-header-nav,bat-header-promo,bat-header-promo-link,bat-header-stores,bat-header-stores-link,bat-header-support,bat-header-support-link,bat-header-top,bat-header-utils,bat-header-wrapper,bat-headline,bat-headline-style,bat-headline-sub,bat-icon,bat-image,bat-language,bat-location,bat-message,bat-message-text,bat-messagebar,bat-minicart,bat-minicart-basket-total,bat-minicart-count,bat-minicart-empty-content,bat-minicart-empty-headline,bat-minicart-empty-icon,bat-minicart-empty-message,bat-minicart-subtotal-label,bat-minicart-subtotal-value,bat-minicart-total-items,bat-minicart-wrapper,bat-modal,bat-modal-close,bat-modal-content,bat-navigation,bat-navigation-group,bat-navigation-group-list,bat-navigation-group-list-item,bat-navigation-group-list-item-link,bat-page,bat-section,bat-section-content,bat-section-content-style,bat-section-modal,bat-section-style,bat-text,bat-wrapper,blog-wrapper-with-image,breadcrumb-description,button-dark,button-secondary-dark,consent-block,container-fluid,cq-dd-paragraph,cta-hide,cta-label,cta-logged-in-user,cta-logged-out-user,cta-show,current-page,d-align-right,d-block,d-lg-block,d-lg-none,d-md-block,d-md-none,d-none,d-sm-block,d-sm-none,d-xl-block,d-xl-none,display-address,email-cant-verify,email-invalid,error-msg,existing-user,existing-user-close,fa-plus,field-note,full-width,gallery-steel-grey-gradient,global-components,headline1-color1,headline2-color1,icon-center,icon-plus,icon-right,login-error-message,login-success-message,lookup-field,m-align-left,margin-medium,margin-none,margin-small,menu-title,newsletter-headline,padding-bottom-medium,padding-left-medium,padding-left-small,padding-right-medium,padding-right-small,padding-top-medium,padding-top-xsmall,page-theme,radio-input,radio-set,select-wrapper,submenu-content,text-right,to-login,toggle-visibility,user-invalid,what-is-zonnic,why-zonnic,your-address,your-details,zonnic-logo,zonnic-menu,zonnic-newsletter-modal
blog|https://www.zonnic.ca/ca/en/blog/benefits-quitting-smoking|address-lookup-field,arrow-link-dark,at-element-marker,ava-nav-menu,background-cover,background-v-top,bat-agegate,bat-button,bat-card,bat-card-info,bat-cmp-contentfragmentcollection,bat-cta,bat-cta-style,bat-email-verification,bat-faq-default,bat-footer-bottom,bat-footer-payment-icons,bat-footer-social-nav,bat-footer-zonnic,bat-footer-zonnic-container,bat-footer-zonnic-copyright,bat-footer-zonnic-disclaimer,bat-footer-zonnic-label-page-breadcrumb,bat-footer-zonnic-logo,bat-footer-zonnic-logo-icon,bat-footer-zonnic-main,bat-footer-zonnic-nav,bat-footer-zonnic-nav-menu,bat-footer-zonnic-nav-menu-title,bat-footer-zonnic-submenu,bat-footer-zonnic-top,bat-form,bat-form-block,bat-form-block-text,bat-form-field,bat-form-field-set,bat-form-field-tip,bat-form-messages,bat-form-msg,bat-form-step,bat-header,bat-header-account,bat-header-account-icon-label,bat-header-account-icon-label-auth,bat-header-account-link,bat-header-account-menu,bat-header-content,bat-header-fixed-spacer,bat-header-logo,bat-header-menu,bat-header-menu-button,bat-header-nav,bat-header-promo,bat-header-promo-link,bat-header-stores,bat-header-stores-link,bat-header-support,bat-header-support-link,bat-header-top,bat-header-utils,bat-header-wrapper,bat-headline,bat-headline-style,bat-headline-sub,bat-icon,bat-image,bat-language,bat-location,bat-message,bat-message-text,bat-messagebar,bat-minicart,bat-minicart-basket-total,bat-minicart-count,bat-minicart-empty-content,bat-minicart-empty-headline,bat-minicart-empty-icon,bat-minicart-empty-message,bat-minicart-subtotal-label,bat-minicart-subtotal-value,bat-minicart-total-items,bat-minicart-wrapper,bat-modal,bat-modal-close,bat-modal-content,bat-navigation,bat-navigation-group,bat-navigation-group-list,bat-navigation-group-list-item,bat-navigation-group-list-item-link,bat-page,bat-section,bat-section-content,bat-section-content-style,bat-section-modal,bat-section-style,bat-text,bat-wrapper,blog-wrapper-with-image,breadcrumb-description,button-dark,button-secondary-dark,consent-block,container-fluid,cq-dd-paragraph,cta-hide,cta-label,cta-logged-in-user,cta-logged-out-user,cta-show,current-page,d-align-right,d-block,d-lg-block,d-lg-none,d-md-block,d-md-none,d-none,d-sm-block,d-sm-none,d-xl-block,d-xl-none,display-address,email-cant-verify,email-invalid,error-msg,existing-user,existing-user-close,fa-plus,field-note,full-width,gallery-steel-grey-gradient,global-components,headline1-color1,headline2-color1,icon-center,icon-plus,icon-right,login-error-message,login-success-message,lookup-field,m-align-left,margin-medium,margin-none,margin-small,menu-title,newsletter-headline,padding-bottom-medium,padding-left-medium,padding-left-small,padding-right-medium,padding-right-small,padding-top-medium,padding-top-xsmall,page-theme,radio-input,radio-set,rte-temp,select-wrapper,submenu-content,text-right,to-login,toggle-visibility,user-invalid,what-is-zonnic,why-zonnic,your-address,your-details,zonnic-logo,zonnic-menu,zonnic-newsletter-modal
blog|https://www.zonnic.ca/ca/en/blog/world-kindness-day-2025|address-lookup-field,arrow-link-dark,at-element-marker,ava-nav-menu,background-cover,background-v-top,bat-agegate,bat-button,bat-card,bat-card-info,bat-cmp-contentfragmentcollection,bat-cta,bat-cta-style,bat-email-verification,bat-faq-default,bat-footer-bottom,bat-footer-payment-icons,bat-footer-social-nav,bat-footer-zonnic,bat-footer-zonnic-container,bat-footer-zonnic-copyright,bat-footer-zonnic-disclaimer,bat-footer-zonnic-label-page-breadcrumb,bat-footer-zonnic-logo,bat-footer-zonnic-logo-icon,bat-footer-zonnic-main,bat-footer-zonnic-nav,bat-footer-zonnic-nav-menu,bat-footer-zonnic-nav-menu-title,bat-footer-zonnic-submenu,bat-footer-zonnic-top,bat-form,bat-form-block,bat-form-block-text,bat-form-field,bat-form-field-set,bat-form-field-tip,bat-form-messages,bat-form-msg,bat-form-step,bat-header,bat-header-account,bat-header-account-icon-label,bat-header-account-icon-label-auth,bat-header-account-link,bat-header-account-menu,bat-header-content,bat-header-fixed-spacer,bat-header-logo,bat-header-menu,bat-header-menu-button,bat-header-nav,bat-header-promo,bat-header-promo-link,bat-header-stores,bat-header-stores-link,bat-header-support,bat-header-support-link,bat-header-top,bat-header-utils,bat-header-wrapper,bat-headline,bat-headline-style,bat-headline-sub,bat-icon,bat-image,bat-language,bat-location,bat-message,bat-message-text,bat-messagebar,bat-minicart,bat-minicart-basket-total,bat-minicart-count,bat-minicart-empty-content,bat-minicart-empty-headline,bat-minicart-empty-icon,bat-minicart-empty-message,bat-minicart-subtotal-label,bat-minicart-subtotal-value,bat-minicart-total-items,bat-minicart-wrapper,bat-modal,bat-modal-close,bat-modal-content,bat-navigation,bat-navigation-group,bat-navigation-group-list,bat-navigation-group-list-item,bat-navigation-group-list-item-link,bat-page,bat-section,bat-section-content,bat-section-content-style,bat-section-modal,bat-section-style,bat-text,bat-wrapper,blog-wrapper-with-image,breadcrumb-description,button-dark,button-secondary-dark,consent-block,container-fluid,cq-dd-paragraph,cta-hide,cta-label,cta-logged-in-user,cta-logged-out-user,cta-show,current-page,d-align-right,d-block,d-lg-block,d-lg-none,d-md-block,d-md-none,d-none,d-sm-block,d-sm-none,d-xl-block,d-xl-none,display-address,email-cant-verify,email-invalid,error-msg,existing-user,existing-user-close,fa-plus,field-note,full-width,gallery-steel-grey-gradient,global-components,headline1-color1,headline2-color1,icon-center,icon-plus,icon-right,login-error-message,login-success-message,lookup-field,m-align-left,margin-large,margin-medium,margin-none,margin-small,menu-title,newsletter-headline,padding-bottom-medium,padding-left-medium,padding-left-small,padding-right-medium,padding-right-small,padding-top-medium,padding-top-xsmall,page-theme,radio-input,radio-set,select-wrapper,submenu-content,text-right,to-login,toggle-visibility,user-invalid,what-is-zonnic,why-zonnic,your-address,your-details,zonnic-logo,zonnic-menu,zonnic-newsletter-modal
blog|https://www.zonnic.ca/ca/en/blog/tips-for-cutting-back|address-lookup-field,arrow-link-dark,at-element-marker,ava-nav-menu,background-cover,background-v-top,bat-agegate,bat-button,bat-card,bat-cta,bat-cta-style,bat-email-verification,bat-footer-bottom,bat-footer-payment-icons,bat-footer-social-nav,bat-footer-zonnic,bat-footer-zonnic-container,bat-footer-zonnic-copyright,bat-footer-zonnic-disclaimer,bat-footer-zonnic-label-page-breadcrumb,bat-footer-zonnic-logo,bat-footer-zonnic-logo-icon,bat-footer-zonnic-main,bat-footer-zonnic-nav,bat-footer-zonnic-nav-menu,bat-footer-zonnic-nav-menu-title,bat-footer-zonnic-submenu,bat-footer-zonnic-top,bat-form,bat-form-block,bat-form-block-text,bat-form-field,bat-form-field-set,bat-form-field-tip,bat-form-messages,bat-form-msg,bat-form-step,bat-header,bat-header-account,bat-header-account-icon-label,bat-header-account-icon-label-auth,bat-header-account-link,bat-header-account-menu,bat-header-content,bat-header-fixed-spacer,bat-header-logo,bat-header-menu,bat-header-menu-button,bat-header-nav,bat-header-promo,bat-header-promo-link,bat-header-stores,bat-header-stores-link,bat-header-support,bat-header-support-link,bat-header-top,bat-header-utils,bat-header-wrapper,bat-headline,bat-headline-style,bat-headline-sub,bat-icon,bat-image,bat-language,bat-location,bat-message,bat-message-text,bat-messagebar,bat-minicart,bat-minicart-basket-total,bat-minicart-count,bat-minicart-empty-content,bat-minicart-empty-headline,bat-minicart-empty-icon,bat-minicart-empty-message,bat-minicart-subtotal-label,bat-minicart-subtotal-value,bat-minicart-total-items,bat-minicart-wrapper,bat-modal,bat-modal-close,bat-modal-content,bat-navigation,bat-navigation-group,bat-navigation-group-list,bat-navigation-group-list-item,bat-navigation-group-list-item-link,bat-page,bat-section,bat-section-content,bat-section-content-style,bat-section-modal,bat-section-style,bat-text,bat-wrapper,blog-wrapper-with-image,breadcrumb-description,button-dark,button-secondary-dark,consent-block,container-fluid,cq-dd-paragraph,cta-hide,cta-label,cta-logged-in-user,cta-logged-out-user,cta-show,current-page,d-align-right,d-block,d-lg-block,d-lg-none,d-md-block,d-md-none,d-none,d-sm-block,d-sm-none,d-xl-block,d-xl-none,display-address,email-cant-verify,email-invalid,error-msg,existing-user,existing-user-close,field-note,full-width,gallery-steel-grey-gradient,global-components,headline1-color1,headline2-color1,icon-plus,icon-right,login-error-message,login-success-message,lookup-field,m-align-left,margin-medium,margin-none,margin-small,menu-title,newsletter-headline,padding-bottom-medium,padding-left-medium,padding-left-small,padding-right-medium,padding-right-small,padding-top-medium,page-theme,radio-input,radio-set,rte-temp,select-wrapper,submenu-content,text-right,to-login,toggle-visibility,user-invalid,what-is-zonnic,why-zonnic,your-address,your-details,zonnic-logo,zonnic-menu,zonnic-newsletter-modal
blog|https://www.zonnic.ca/ca/en/blog/side-effects-quitting-smoking|address-lookup-field,arrow-link-dark,at-element-marker,ava-nav-menu,background-cover,background-v-top,bat-agegate,bat-button,bat-card,bat-card-info,bat-cmp-contentfragmentcollection,bat-cta,bat-cta-style,bat-email-verification,bat-faq-default,bat-footer-bottom,bat-footer-payment-icons,bat-footer-social-nav,bat-footer-zonnic,bat-footer-zonnic-container,bat-footer-zonnic-copyright,bat-footer-zonnic-disclaimer,bat-footer-zonnic-label-page-breadcrumb,bat-footer-zonnic-logo,bat-footer-zonnic-logo-icon,bat-footer-zonnic-main,bat-footer-zonnic-nav,bat-footer-zonnic-nav-menu,bat-footer-zonnic-nav-menu-title,bat-footer-zonnic-submenu,bat-footer-zonnic-top,bat-form,bat-form-block,bat-form-block-text,bat-form-field,bat-form-field-set,bat-form-field-tip,bat-form-messages,bat-form-msg,bat-form-step,bat-header,bat-header-account,bat-header-account-icon-label,bat-header-account-icon-label-auth,bat-header-account-link,bat-header-account-menu,bat-header-content,bat-header-fixed-spacer,bat-header-logo,bat-header-menu,bat-header-menu-button,bat-header-nav,bat-header-promo,bat-header-promo-link,bat-header-stores,bat-header-stores-link,bat-header-support,bat-header-support-link,bat-header-top,bat-header-utils,bat-header-wrapper,bat-headline,bat-headline-style,bat-headline-sub,bat-icon,bat-image,bat-language,bat-location,bat-message,bat-message-text,bat-messagebar,bat-minicart,bat-minicart-basket-total,bat-minicart-count,bat-minicart-empty-content,bat-minicart-empty-headline,bat-minicart-empty-icon,bat-minicart-empty-message,bat-minicart-subtotal-label,bat-minicart-subtotal-value,bat-minicart-total-items,bat-minicart-wrapper,bat-modal,bat-modal-close,bat-modal-content,bat-navigation,bat-navigation-group,bat-navigation-group-list,bat-navigation-group-list-item,bat-navigation-group-list-item-link,bat-page,bat-section,bat-section-content,bat-section-content-style,bat-section-modal,bat-section-style,bat-text,bat-wrapper,blog-wrapper-with-image,breadcrumb-description,button-dark,button-secondary-dark,consent-block,container-fluid,cq-dd-paragraph,cta-hide,cta-label,cta-logged-in-user,cta-logged-out-user,cta-show,current-page,d-align-right,d-block,d-lg-block,d-lg-none,d-md-block,d-md-none,d-none,d-sm-block,d-sm-none,d-xl-block,d-xl-none,display-address,email-cant-verify,email-invalid,error-msg,existing-user,existing-user-close,fa-plus,field-note,full-width,gallery-steel-grey-gradient,global-components,headline1-color1,headline2-color1,icon-center,icon-plus,icon-right,login-error-message,login-success-message,lookup-field,m-align-left,margin-medium,margin-none,margin-small,menu-title,newsletter-headline,padding-bottom-medium,padding-left-medium,padding-left-small,padding-right-medium,padding-right-small,padding-top-medium,padding-top-xsmall,page-theme,radio-input,radio-set,select-wrapper,submenu-content,text-right,to-login,toggle-visibility,user-invalid,what-is-zonnic,why-zonnic,your-address,your-details,zonnic-logo,zonnic-menu,zonnic-newsletter-modal
blog|https://www.zonnic.ca/ca/en/blog/new-ZONNIC-mint-flavours|address-lookup-field,arrow-link-dark,at-element-marker,ava-nav-menu,background-cover,background-v-top,bat-agegate,bat-button,bat-card,bat-card-info,bat-cmp-contentfragmentcollection,bat-cta,bat-cta-style,bat-email-verification,bat-faq-default,bat-footer-bottom,bat-footer-payment-icons,bat-footer-social-nav,bat-footer-zonnic,bat-footer-zonnic-container,bat-footer-zonnic-copyright,bat-footer-zonnic-disclaimer,bat-footer-zonnic-label-page-breadcrumb,bat-footer-zonnic-logo,bat-footer-zonnic-logo-icon,bat-footer-zonnic-main,bat-footer-zonnic-nav,bat-footer-zonnic-nav-menu,bat-footer-zonnic-nav-menu-title,bat-footer-zonnic-submenu,bat-footer-zonnic-top,bat-form,bat-form-block,bat-form-block-text,bat-form-field,bat-form-field-set,bat-form-field-tip,bat-form-messages,bat-form-msg,bat-form-step,bat-header,bat-header-account,bat-header-account-icon-label,bat-header-account-icon-label-auth,bat-header-account-link,bat-header-account-menu,bat-header-content,bat-header-fixed-spacer,bat-header-logo,bat-header-menu,bat-header-menu-button,bat-header-nav,bat-header-promo,bat-header-promo-link,bat-header-stores,bat-header-stores-link,bat-header-support,bat-header-support-link,bat-header-top,bat-header-utils,bat-header-wrapper,bat-headline,bat-headline-style,bat-headline-sub,bat-icon,bat-image,bat-language,bat-location,bat-message,bat-message-text,bat-messagebar,bat-minicart,bat-minicart-basket-total,bat-minicart-count,bat-minicart-empty-content,bat-minicart-empty-headline,bat-minicart-empty-icon,bat-minicart-empty-message,bat-minicart-subtotal-label,bat-minicart-subtotal-value,bat-minicart-total-items,bat-minicart-wrapper,bat-modal,bat-modal-close,bat-modal-content,bat-navigation,bat-navigation-group,bat-navigation-group-list,bat-navigation-group-list-item,bat-navigation-group-list-item-link,bat-page,bat-section,bat-section-content,bat-section-content-style,bat-section-modal,bat-section-style,bat-text,bat-wrapper,blog-wrapper-with-image,breadcrumb-description,button-dark,button-secondary-dark,consent-block,container-fluid,cq-dd-paragraph,cta-hide,cta-label,cta-logged-in-user,cta-logged-out-user,cta-show,current-page,d-align-right,d-block,d-lg-block,d-lg-none,d-md-block,d-md-none,d-none,d-sm-block,d-sm-none,d-xl-block,d-xl-none,display-address,email-cant-verify,email-invalid,error-msg,existing-user,existing-user-close,fa-plus,field-note,full-width,gallery-steel-grey-gradient,global-components,headline1-color1,headline2-color1,icon-center,icon-plus,icon-right,login-error-message,login-success-message,lookup-field,m-align-left,margin-medium,margin-none,margin-small,menu-title,newsletter-headline,padding-bottom-medium,padding-left-medium,padding-left-small,padding-right-medium,padding-right-small,padding-top-medium,padding-top-xsmall,page-theme,radio-input,radio-set,select-wrapper,submenu-content,text-right,to-login,toggle-visibility,user-invalid,what-is-zonnic,why-zonnic,your-address,your-details,zonnic-logo,zonnic-menu,zonnic-newsletter-modal
blog|https://www.zonnic.ca/ca/en/blog/healthy-habits-after-cutting-back-smoking|address-lookup-field,arrow-link-dark,at-element-marker,ava-nav-menu,background-cover,background-v-top,bat-agegate,bat-button,bat-card,bat-cta,bat-cta-style,bat-email-verification,bat-footer-bottom,bat-footer-payment-icons,bat-footer-social-nav,bat-footer-zonnic,bat-footer-zonnic-container,bat-footer-zonnic-copyright,bat-footer-zonnic-disclaimer,bat-footer-zonnic-label-page-breadcrumb,bat-footer-zonnic-logo,bat-footer-zonnic-logo-icon,bat-footer-zonnic-main,bat-footer-zonnic-nav,bat-footer-zonnic-nav-menu,bat-footer-zonnic-nav-menu-title,bat-footer-zonnic-submenu,bat-footer-zonnic-top,bat-form,bat-form-block,bat-form-block-text,bat-form-field,bat-form-field-set,bat-form-field-tip,bat-form-messages,bat-form-msg,bat-form-step,bat-header,bat-header-account,bat-header-account-icon-label,bat-header-account-icon-label-auth,bat-header-account-link,bat-header-account-menu,bat-header-content,bat-header-fixed-spacer,bat-header-logo,bat-header-menu,bat-header-menu-button,bat-header-nav,bat-header-promo,bat-header-promo-link,bat-header-stores,bat-header-stores-link,bat-header-support,bat-header-support-link,bat-header-top,bat-header-utils,bat-header-wrapper,bat-headline,bat-headline-style,bat-headline-sub,bat-icon,bat-image,bat-language,bat-location,bat-message,bat-message-text,bat-messagebar,bat-minicart,bat-minicart-basket-total,bat-minicart-count,bat-minicart-empty-content,bat-minicart-empty-headline,bat-minicart-empty-icon,bat-minicart-empty-message,bat-minicart-subtotal-label,bat-minicart-subtotal-value,bat-minicart-total-items,bat-minicart-wrapper,bat-modal,bat-modal-close,bat-modal-content,bat-navigation,bat-navigation-group,bat-navigation-group-list,bat-navigation-group-list-item,bat-navigation-group-list-item-link,bat-page,bat-section,bat-section-content,bat-section-content-style,bat-section-modal,bat-section-style,bat-text,bat-wrapper,blog-wrapper-with-image,breadcrumb-description,button-dark,button-secondary-dark,consent-block,container-fluid,cq-dd-paragraph,cta-hide,cta-label,cta-logged-in-user,cta-logged-out-user,cta-show,current-page,d-align-right,d-block,d-lg-block,d-lg-none,d-md-block,d-md-none,d-none,d-sm-block,d-sm-none,d-xl-block,d-xl-none,display-address,email-cant-verify,email-invalid,error-msg,existing-user,existing-user-close,field-note,full-width,gallery-steel-grey-gradient,global-components,headline1-color1,headline2-color1,icon-plus,icon-right,login-error-message,login-success-message,lookup-field,m-align-left,margin-medium,margin-none,margin-small,menu-title,newsletter-headline,padding-bottom-medium,padding-left-medium,padding-left-small,padding-right-medium,padding-right-small,padding-top-medium,page-theme,radio-input,radio-set,select-wrapper,submenu-content,text-right,to-login,toggle-visibility,user-invalid,what-is-zonnic,why-zonnic,your-address,your-details,zonnic-logo,zonnic-menu,zonnic-newsletter-modal
blog|https://www.zonnic.ca/ca/fr/blog/start-your-journey|address-lookup-field,arrow-link-dark,at-element-marker,ava-nav-menu,background-cover,background-v-top,bat-agegate,bat-button,bat-card,bat-card-info,bat-cmp-contentfragmentcollection,bat-cta,bat-cta-style,bat-email-verification,bat-faq-default,bat-footer-bottom,bat-footer-payment-icons,bat-footer-social-nav,bat-footer-zonnic,bat-footer-zonnic-container,bat-footer-zonnic-copyright,bat-footer-zonnic-disclaimer,bat-footer-zonnic-label-page-breadcrumb,bat-footer-zonnic-logo,bat-footer-zonnic-logo-icon,bat-footer-zonnic-main,bat-footer-zonnic-nav,bat-footer-zonnic-nav-menu,bat-footer-zonnic-nav-menu-title,bat-footer-zonnic-submenu,bat-footer-zonnic-top,bat-form,bat-form-block,bat-form-block-text,bat-form-field,bat-form-field-set,bat-form-field-tip,bat-form-messages,bat-form-msg,bat-form-step,bat-header,bat-header-account,bat-header-account-icon-label,bat-header-account-icon-label-auth,bat-header-account-link,bat-header-account-menu,bat-header-content,bat-header-fixed-spacer,bat-header-logo,bat-header-menu,bat-header-menu-button,bat-header-nav,bat-header-promo,bat-header-promo-link,bat-header-stores,bat-header-stores-link,bat-header-support,bat-header-support-link,bat-header-top,bat-header-utils,bat-header-wrapper,bat-headline,bat-headline-style,bat-headline-sub,bat-icon,bat-image,bat-language,bat-location,bat-message,bat-message-text,bat-messagebar,bat-minicart,bat-minicart-basket-total,bat-minicart-count,bat-minicart-empty-content,bat-minicart-empty-headline,bat-minicart-empty-icon,bat-minicart-empty-message,bat-minicart-subtotal-label,bat-minicart-subtotal-value,bat-minicart-total-items,bat-minicart-wrapper,bat-modal,bat-modal-close,bat-modal-content,bat-navigation,bat-navigation-group,bat-navigation-group-list,bat-navigation-group-list-item,bat-navigation-group-list-item-link,bat-page,bat-section,bat-section-content,bat-section-content-style,bat-section-modal,bat-section-style,bat-text,bat-wrapper,blog-wrapper-with-image,breadcrumb-description,button-dark,button-secondary-dark,consent-block,container-fluid,cq-dd-paragraph,cta-hide,cta-label,cta-logged-in-user,cta-logged-out-user,cta-show,current-page,d-align-right,d-block,d-lg-block,d-lg-none,d-md-block,d-md-none,d-none,d-sm-block,d-sm-none,d-xl-block,d-xl-none,display-address,error-msg,existing-user,existing-user-close,fa-plus,field-note,full-width,gallery-steel-grey-gradient,global-components,headline1-color1,headline2-color1,icon-center,icon-plus,icon-right,login-error-message,login-success-message,lookup-field,m-align-left,margin-medium,margin-none,margin-small,menu-title,newsletter-headline,newsletter-subheadline,padding-bottom-medium,padding-left-medium,padding-left-small,padding-right-medium,padding-right-small,padding-top-medium,padding-top-xsmall,page-theme,radio-input,radio-set,select-wrapper,submenu-content,text-right,to-login,toggle-visibility,what-is-zonnic,why-zonnic,your-address,your-details,zonnic-logo,zonnic-menu,zonnic-newsletter-modal
blog|https://www.zonnic.ca/ca/en/blog/fostering-smoke-free-environment|address-lookup-field,arrow-link-dark,at-element-marker,ava-nav-menu,background-cover,background-v-top,bat-agegate,bat-button,bat-card,bat-cta,bat-cta-style,bat-email-verification,bat-footer-bottom,bat-footer-payment-icons,bat-footer-social-nav,bat-footer-zonnic,bat-footer-zonnic-container,bat-footer-zonnic-copyright,bat-footer-zonnic-disclaimer,bat-footer-zonnic-label-page-breadcrumb,bat-footer-zonnic-logo,bat-footer-zonnic-logo-icon,bat-footer-zonnic-main,bat-footer-zonnic-nav,bat-footer-zonnic-nav-menu,bat-footer-zonnic-nav-menu-title,bat-footer-zonnic-submenu,bat-footer-zonnic-top,bat-form,bat-form-block,bat-form-block-text,bat-form-field,bat-form-field-set,bat-form-field-tip,bat-form-messages,bat-form-msg,bat-form-step,bat-header,bat-header-account,bat-header-account-icon-label,bat-header-account-icon-label-auth,bat-header-account-link,bat-header-account-menu,bat-header-content,bat-header-fixed-spacer,bat-header-logo,bat-header-menu,bat-header-menu-button,bat-header-nav,bat-header-promo,bat-header-promo-link,bat-header-stores,bat-header-stores-link,bat-header-support,bat-header-support-link,bat-header-top,bat-header-utils,bat-header-wrapper,bat-headline,bat-headline-style,bat-headline-sub,bat-icon,bat-image,bat-language,bat-location,bat-message,bat-message-text,bat-messagebar,bat-minicart,bat-minicart-basket-total,bat-minicart-count,bat-minicart-empty-content,bat-minicart-empty-headline,bat-minicart-empty-icon,bat-minicart-empty-message,bat-minicart-subtotal-label,bat-minicart-subtotal-value,bat-minicart-total-items,bat-minicart-wrapper,bat-modal,bat-modal-close,bat-modal-content,bat-navigation,bat-navigation-group,bat-navigation-group-list,bat-navigation-group-list-item,bat-navigation-group-list-item-link,bat-page,bat-section,bat-section-content,bat-section-content-style,bat-section-modal,bat-section-style,bat-text,bat-wrapper,blog-wrapper-with-image,breadcrumb-description,button-dark,button-secondary-dark,consent-block,container-fluid,cq-dd-paragraph,cta-hide,cta-label,cta-logged-in-user,cta-logged-out-user,cta-show,current-page,d-align-right,d-block,d-lg-block,d-lg-none,d-md-block,d-md-none,d-none,d-sm-block,d-sm-none,d-xl-block,d-xl-none,display-address,email-cant-verify,email-invalid,error-msg,existing-user,existing-user-close,field-note,full-width,gallery-steel-grey-gradient,global-components,headline1-color1,headline2-color1,icon-plus,icon-right,login-error-message,login-success-message,lookup-field,m-align-left,margin-medium,margin-none,margin-small,menu-title,newsletter-headline,padding-bottom-medium,padding-left-medium,padding-left-small,padding-right-medium,padding-right-small,padding-top-medium,page-theme,radio-input,radio-set,select-wrapper,submenu-content,text-right,to-login,toggle-visibility,user-invalid,what-is-zonnic,why-zonnic,your-address,your-details,zonnic-logo,zonnic-menu,zonnic-newsletter-modal
blog|https://www.zonnic.ca/ca/fr/blog/international-self-care-day|address-lookup-field,arrow-link-dark,at-element-marker,ava-nav-menu,background-cover,background-v-top,bat-agegate,bat-button,bat-card,bat-card-info,bat-cmp-contentfragmentcollection,bat-cta,bat-cta-style,bat-email-verification,bat-faq-default,bat-footer-bottom,bat-footer-payment-icons,bat-footer-social-nav,bat-footer-zonnic,bat-footer-zonnic-container,bat-footer-zonnic-copyright,bat-footer-zonnic-disclaimer,bat-footer-zonnic-label-page-breadcrumb,bat-footer-zonnic-logo,bat-footer-zonnic-logo-icon,bat-footer-zonnic-main,bat-footer-zonnic-nav,bat-footer-zonnic-nav-menu,bat-footer-zonnic-nav-menu-title,bat-footer-zonnic-submenu,bat-footer-zonnic-top,bat-form,bat-form-block,bat-form-block-text,bat-form-field,bat-form-field-set,bat-form-field-tip,bat-form-messages,bat-form-msg,bat-form-step,bat-header,bat-header-account,bat-header-account-icon-label,bat-header-account-icon-label-auth,bat-header-account-link,bat-header-account-menu,bat-header-content,bat-header-fixed-spacer,bat-header-logo,bat-header-menu,bat-header-menu-button,bat-header-nav,bat-header-promo,bat-header-promo-link,bat-header-stores,bat-header-stores-link,bat-header-support,bat-header-support-link,bat-header-top,bat-header-utils,bat-header-wrapper,bat-headline,bat-headline-style,bat-headline-sub,bat-icon,bat-image,bat-language,bat-location,bat-message,bat-message-text,bat-messagebar,bat-minicart,bat-minicart-basket-total,bat-minicart-count,bat-minicart-empty-content,bat-minicart-empty-headline,bat-minicart-empty-icon,bat-minicart-empty-message,bat-minicart-subtotal-label,bat-minicart-subtotal-value,bat-minicart-total-items,bat-minicart-wrapper,bat-modal,bat-modal-close,bat-modal-content,bat-navigation,bat-navigation-group,bat-navigation-group-list,bat-navigation-group-list-item,bat-navigation-group-list-item-link,bat-page,bat-section,bat-section-content,bat-section-content-style,bat-section-modal,bat-section-style,bat-text,bat-wrapper,blog-wrapper-with-image,breadcrumb-description,button-dark,button-secondary-dark,consent-block,container-fluid,cq-dd-paragraph,cta-hide,cta-label,cta-logged-in-user,cta-logged-out-user,cta-show,current-page,d-align-right,d-block,d-lg-block,d-lg-none,d-md-block,d-md-none,d-none,d-sm-block,d-sm-none,d-xl-block,d-xl-none,display-address,error-msg,existing-user,existing-user-close,fa-plus,field-note,full-width,gallery-steel-grey-gradient,global-components,headline1-color1,headline2-color1,icon-center,icon-plus,icon-right,login-error-message,login-success-message,lookup-field,m-align-left,margin-medium,margin-none,margin-small,menu-title,newsletter-headline,newsletter-subheadline,padding-bottom-medium,padding-left-medium,padding-left-small,padding-right-medium,padding-right-small,padding-top-medium,padding-top-small,padding-top-xsmall,page-theme,radio-input,radio-set,select-wrapper,submenu-content,text-right,to-login,toggle-visibility,what-is-zonnic,why-zonnic,your-address,your-details,zonnic-logo,zonnic-menu,zonnic-newsletter-modal
blog|https://www.zonnic.ca/ca/en/blog/can-you-drink-with-nicotine-pouches|address-lookup-field,arrow-link-dark,at-element-marker,ava-nav-menu,background-cover,background-v-top,bat-agegate,bat-button,bat-card,bat-card-info,bat-cmp-contentfragmentcollection,bat-cta,bat-cta-style,bat-email-verification,bat-faq-default,bat-footer-bottom,bat-footer-payment-icons,bat-footer-social-nav,bat-footer-zonnic,bat-footer-zonnic-container,bat-footer-zonnic-copyright,bat-footer-zonnic-disclaimer,bat-footer-zonnic-label-page-breadcrumb,bat-footer-zonnic-logo,bat-footer-zonnic-logo-icon,bat-footer-zonnic-main,bat-footer-zonnic-nav,bat-footer-zonnic-nav-menu,bat-footer-zonnic-nav-menu-title,bat-footer-zonnic-submenu,bat-footer-zonnic-top,bat-form,bat-form-block,bat-form-block-text,bat-form-field,bat-form-field-set,bat-form-field-tip,bat-form-messages,bat-form-msg,bat-form-step,bat-header,bat-header-account,bat-header-account-icon-label,bat-header-account-icon-label-auth,bat-header-account-link,bat-header-account-menu,bat-header-content,bat-header-fixed-spacer,bat-header-logo,bat-header-menu,bat-header-menu-button,bat-header-nav,bat-header-promo,bat-header-promo-link,bat-header-stores,bat-header-stores-link,bat-header-support,bat-header-support-link,bat-header-top,bat-header-utils,bat-header-wrapper,bat-headline,bat-headline-style,bat-headline-sub,bat-icon,bat-image,bat-language,bat-location,bat-message,bat-message-text,bat-messagebar,bat-minicart,bat-minicart-basket-total,bat-minicart-count,bat-minicart-empty-content,bat-minicart-empty-headline,bat-minicart-empty-icon,bat-minicart-empty-message,bat-minicart-subtotal-label,bat-minicart-subtotal-value,bat-minicart-total-items,bat-minicart-wrapper,bat-modal,bat-modal-close,bat-modal-content,bat-navigation,bat-navigation-group,bat-navigation-group-list,bat-navigation-group-list-item,bat-navigation-group-list-item-link,bat-page,bat-section,bat-section-content,bat-section-content-style,bat-section-modal,bat-section-style,bat-text,bat-wrapper,blog-wrapper-with-image,breadcrumb-description,button-dark,button-secondary-dark,consent-block,container-fluid,cq-dd-paragraph,cta-hide,cta-label,cta-logged-in-user,cta-logged-out-user,cta-show,current-page,d-align-right,d-block,d-lg-block,d-lg-none,d-md-block,d-md-none,d-none,d-sm-block,d-sm-none,d-xl-block,d-xl-none,display-address,email-cant-verify,email-invalid,error-msg,existing-user,existing-user-close,fa-plus,field-note,full-width,gallery-steel-grey-gradient,global-components,headline1-color1,headline2-color1,icon-center,icon-plus,icon-right,login-error-message,login-success-message,lookup-field,m-align-left,margin-large,margin-medium,margin-none,margin-small,menu-title,newsletter-headline,padding-bottom-medium,padding-left-medium,padding-left-small,padding-right-medium,padding-right-small,padding-top-medium,padding-top-xsmall,page-theme,radio-input,radio-set,select-wrapper,submenu-content,text-right,to-login,toggle-visibility,user-invalid,what-is-zonnic,why-zonnic,your-address,your-details,zonnic-logo,zonnic-menu,zonnic-newsletter-modal
blog|https://www.zonnic.ca/ca/fr/blog/world-no-tobacco-day|address-lookup-field,arrow-link-dark,at-element-marker,ava-nav-menu,background-cover,background-v-top,bat-agegate,bat-button,bat-card,bat-card-info,bat-cmp-contentfragmentcollection,bat-cta,bat-cta-style,bat-email-verification,bat-faq-default,bat-footer-bottom,bat-footer-payment-icons,bat-footer-social-nav,bat-footer-zonnic,bat-footer-zonnic-container,bat-footer-zonnic-copyright,bat-footer-zonnic-disclaimer,bat-footer-zonnic-label-page-breadcrumb,bat-footer-zonnic-logo,bat-footer-zonnic-logo-icon,bat-footer-zonnic-main,bat-footer-zonnic-nav,bat-footer-zonnic-nav-menu,bat-footer-zonnic-nav-menu-title,bat-footer-zonnic-submenu,bat-footer-zonnic-top,bat-form,bat-form-block,bat-form-block-text,bat-form-field,bat-form-field-set,bat-form-field-tip,bat-form-messages,bat-form-msg,bat-form-step,bat-header,bat-header-account,bat-header-account-icon-label,bat-header-account-icon-label-auth,bat-header-account-link,bat-header-account-menu,bat-header-content,bat-header-fixed-spacer,bat-header-logo,bat-header-menu,bat-header-menu-button,bat-header-nav,bat-header-promo,bat-header-promo-link,bat-header-stores,bat-header-stores-link,bat-header-support,bat-header-support-link,bat-header-top,bat-header-utils,bat-header-wrapper,bat-headline,bat-headline-style,bat-headline-sub,bat-icon,bat-image,bat-language,bat-location,bat-message,bat-message-text,bat-messagebar,bat-minicart,bat-minicart-basket-total,bat-minicart-count,bat-minicart-empty-content,bat-minicart-empty-headline,bat-minicart-empty-icon,bat-minicart-empty-message,bat-minicart-subtotal-label,bat-minicart-subtotal-value,bat-minicart-total-items,bat-minicart-wrapper,bat-modal,bat-modal-close,bat-modal-content,bat-navigation,bat-navigation-group,bat-navigation-group-list,bat-navigation-group-list-item,bat-navigation-group-list-item-link,bat-page,bat-section,bat-section-content,bat-section-content-style,bat-section-modal,bat-section-style,bat-text,bat-wrapper,blog-wrapper-with-image,breadcrumb-description,button-dark,button-secondary-dark,consent-block,container-fluid,cq-dd-paragraph,cta-hide,cta-label,cta-logged-in-user,cta-logged-out-user,cta-show,current-page,d-align-right,d-block,d-lg-block,d-lg-none,d-md-block,d-md-none,d-none,d-sm-block,d-sm-none,d-xl-block,d-xl-none,display-address,error-msg,existing-user,existing-user-close,fa-plus,field-note,full-width,gallery-steel-grey-gradient,global-components,headline1-color1,headline2-color1,icon-center,icon-plus,icon-right,login-error-message,login-success-message,lookup-field,m-align-left,margin-medium,margin-none,margin-small,menu-title,newsletter-headline,newsletter-subheadline,padding-bottom-medium,padding-left-medium,padding-left-small,padding-right-medium,padding-right-small,padding-top-medium,padding-top-xsmall,page-theme,radio-input,radio-set,select-wrapper,submenu-content,text-right,to-login,toggle-visibility,what-is-zonnic,why-zonnic,your-address,your-details,zonnic-logo,zonnic-menu,zonnic-newsletter-modal
blog|https://www.zonnic.ca/ca/fr/blog/tips-for-cutting-back|address-lookup-field,arrow-link-dark,at-element-marker,ava-nav-menu,background-cover,background-v-top,bat-agegate,bat-button,bat-card,bat-cta,bat-cta-style,bat-email-verification,bat-footer-bottom,bat-footer-payment-icons,bat-footer-social-nav,bat-footer-zonnic,bat-footer-zonnic-container,bat-footer-zonnic-copyright,bat-footer-zonnic-disclaimer,bat-footer-zonnic-label-page-breadcrumb,bat-footer-zonnic-logo,bat-footer-zonnic-logo-icon,bat-footer-zonnic-main,bat-footer-zonnic-nav,bat-footer-zonnic-nav-menu,bat-footer-zonnic-nav-menu-title,bat-footer-zonnic-submenu,bat-footer-zonnic-top,bat-form,bat-form-block,bat-form-block-text,bat-form-field,bat-form-field-set,bat-form-field-tip,bat-form-messages,bat-form-msg,bat-form-step,bat-header,bat-header-account,bat-header-account-icon-label,bat-header-account-icon-label-auth,bat-header-account-link,bat-header-account-menu,bat-header-content,bat-header-fixed-spacer,bat-header-logo,bat-header-menu,bat-header-menu-button,bat-header-nav,bat-header-promo,bat-header-promo-link,bat-header-stores,bat-header-stores-link,bat-header-support,bat-header-support-link,bat-header-top,bat-header-utils,bat-header-wrapper,bat-headline,bat-headline-style,bat-headline-sub,bat-icon,bat-image,bat-language,bat-location,bat-message,bat-message-text,bat-messagebar,bat-minicart,bat-minicart-basket-total,bat-minicart-count,bat-minicart-empty-content,bat-minicart-empty-headline,bat-minicart-empty-icon,bat-minicart-empty-message,bat-minicart-subtotal-label,bat-minicart-subtotal-value,bat-minicart-total-items,bat-minicart-wrapper,bat-modal,bat-modal-close,bat-modal-content,bat-navigation,bat-navigation-group,bat-navigation-group-list,bat-navigation-group-list-item,bat-navigation-group-list-item-link,bat-page,bat-section,bat-section-content,bat-section-content-style,bat-section-modal,bat-section-style,bat-text,bat-wrapper,blog-wrapper-with-image,breadcrumb-description,button-dark,button-secondary-dark,consent-block,container-fluid,cq-dd-paragraph,cta-hide,cta-label,cta-logged-in-user,cta-logged-out-user,cta-show,current-page,d-align-right,d-block,d-lg-block,d-lg-none,d-md-block,d-md-none,d-none,d-sm-block,d-sm-none,d-xl-block,d-xl-none,display-address,error-msg,existing-user,existing-user-close,field-note,full-width,gallery-steel-grey-gradient,global-components,headline1-color1,headline2-color1,icon-plus,icon-right,login-error-message,login-success-message,lookup-field,m-align-left,margin-medium,margin-none,margin-small,menu-title,newsletter-headline,newsletter-subheadline,padding-bottom-medium,padding-left-medium,padding-left-small,padding-right-medium,padding-right-small,padding-top-medium,page-theme,radio-input,radio-set,rte-temp,select-wrapper,submenu-content,text-right,to-login,toggle-visibility,what-is-zonnic,why-zonnic,your-address,your-details,zonnic-logo,zonnic-menu,zonnic-newsletter-modal
blog|https://www.zonnic.ca/ca/en/blog/resources-tips-cut-back|address-lookup-field,arrow-link-dark,at-element-marker,ava-nav-menu,background-cover,background-v-top,bat-agegate,bat-button,bat-card,bat-cta,bat-cta-style,bat-email-verification,bat-footer-bottom,bat-footer-payment-icons,bat-footer-social-nav,bat-footer-zonnic,bat-footer-zonnic-container,bat-footer-zonnic-copyright,bat-footer-zonnic-disclaimer,bat-footer-zonnic-label-page-breadcrumb,bat-footer-zonnic-logo,bat-footer-zonnic-logo-icon,bat-footer-zonnic-main,bat-footer-zonnic-nav,bat-footer-zonnic-nav-menu,bat-footer-zonnic-nav-menu-title,bat-footer-zonnic-submenu,bat-footer-zonnic-top,bat-form,bat-form-block,bat-form-block-text,bat-form-field,bat-form-field-set,bat-form-field-tip,bat-form-messages,bat-form-msg,bat-form-step,bat-header,bat-header-account,bat-header-account-icon-label,bat-header-account-icon-label-auth,bat-header-account-link,bat-header-account-menu,bat-header-content,bat-header-fixed-spacer,bat-header-logo,bat-header-menu,bat-header-menu-button,bat-header-nav,bat-header-promo,bat-header-promo-link,bat-header-stores,bat-header-stores-link,bat-header-support,bat-header-support-link,bat-header-top,bat-header-utils,bat-header-wrapper,bat-headline,bat-headline-style,bat-headline-sub,bat-icon,bat-image,bat-language,bat-location,bat-message,bat-message-text,bat-messagebar,bat-minicart,bat-minicart-basket-total,bat-minicart-count,bat-minicart-empty-content,bat-minicart-empty-headline,bat-minicart-empty-icon,bat-minicart-empty-message,bat-minicart-subtotal-label,bat-minicart-subtotal-value,bat-minicart-total-items,bat-minicart-wrapper,bat-modal,bat-modal-close,bat-modal-content,bat-navigation,bat-navigation-group,bat-navigation-group-list,bat-navigation-group-list-item,bat-navigation-group-list-item-link,bat-page,bat-section,bat-section-content,bat-section-content-style,bat-section-modal,bat-section-style,bat-text,bat-wrapper,blog-wrapper-with-image,breadcrumb-description,button-dark,button-secondary-dark,consent-block,container-fluid,cq-dd-paragraph,cta-hide,cta-label,cta-logged-in-user,cta-logged-out-user,cta-show,current-page,d-align-right,d-block,d-lg-block,d-lg-none,d-md-block,d-md-none,d-none,d-sm-block,d-sm-none,d-xl-block,d-xl-none,display-address,email-cant-verify,email-invalid,error-msg,existing-user,existing-user-close,field-note,full-width,gallery-steel-grey-gradient,global-components,headline1-color1,headline2-color1,icon-plus,icon-right,login-error-message,login-success-message,lookup-field,m-align-left,margin-medium,margin-none,margin-small,menu-title,newsletter-headline,padding-bottom-medium,padding-left-medium,padding-left-small,padding-right-medium,padding-right-small,padding-top-medium,page-theme,radio-input,radio-set,select-wrapper,submenu-content,text-right,to-login,toggle-visibility,user-invalid,what-is-zonnic,why-zonnic,your-address,your-details,zonnic-logo,zonnic-menu,zonnic-newsletter-modal
blog|https://www.zonnic.ca/ca/en/blog/start-fresh-with-ZONNIC|address-lookup-field,arrow-link-dark,at-element-marker,ava-nav-menu,background-cover,background-v-top,bat-agegate,bat-button,bat-card,bat-card-info,bat-cmp-contentfragmentcollection,bat-cta,bat-cta-style,bat-email-verification,bat-faq-default,bat-footer-bottom,bat-footer-payment-icons,bat-footer-social-nav,bat-footer-zonnic,bat-footer-zonnic-container,bat-footer-zonnic-copyright,bat-footer-zonnic-disclaimer,bat-footer-zonnic-label-page-breadcrumb,bat-footer-zonnic-logo,bat-footer-zonnic-logo-icon,bat-footer-zonnic-main,bat-footer-zonnic-nav,bat-footer-zonnic-nav-menu,bat-footer-zonnic-nav-menu-title,bat-footer-zonnic-submenu,bat-footer-zonnic-top,bat-form,bat-form-block,bat-form-block-text,bat-form-field,bat-form-field-set,bat-form-field-tip,bat-form-messages,bat-form-msg,bat-form-step,bat-header,bat-header-account,bat-header-account-icon-label,bat-header-account-icon-label-auth,bat-header-account-link,bat-header-account-menu,bat-header-content,bat-header-fixed-spacer,bat-header-logo,bat-header-menu,bat-header-menu-button,bat-header-nav,bat-header-promo,bat-header-promo-link,bat-header-stores,bat-header-stores-link,bat-header-support,bat-header-support-link,bat-header-top,bat-header-utils,bat-header-wrapper,bat-headline,bat-headline-style,bat-headline-sub,bat-icon,bat-image,bat-language,bat-location,bat-message,bat-message-text,bat-messagebar,bat-minicart,bat-minicart-basket-total,bat-minicart-count,bat-minicart-empty-content,bat-minicart-empty-headline,bat-minicart-empty-icon,bat-minicart-empty-message,bat-minicart-subtotal-label,bat-minicart-subtotal-value,bat-minicart-total-items,bat-minicart-wrapper,bat-modal,bat-modal-close,bat-modal-content,bat-navigation,bat-navigation-group,bat-navigation-group-list,bat-navigation-group-list-item,bat-navigation-group-list-item-link,bat-page,bat-section,bat-section-content,bat-section-content-style,bat-section-modal,bat-section-style,bat-text,bat-wrapper,blog-wrapper-with-image,breadcrumb-description,button-dark,button-secondary-dark,consent-block,container-fluid,cq-dd-paragraph,cta-hide,cta-label,cta-logged-in-user,cta-logged-out-user,cta-show,current-page,d-align-right,d-block,d-lg-block,d-lg-none,d-md-block,d-md-none,d-none,d-sm-block,d-sm-none,d-xl-block,d-xl-none,display-address,email-cant-verify,email-invalid,error-msg,existing-user,existing-user-close,fa-plus,field-note,full-width,gallery-steel-grey-gradient,global-components,headline1-color1,headline2-color1,icon-center,icon-plus,icon-right,login-error-message,login-success-message,lookup-field,m-align-left,margin-medium,margin-none,margin-small,menu-title,newsletter-headline,padding-bottom-medium,padding-left-medium,padding-left-small,padding-right-medium,padding-right-small,padding-top-medium,padding-top-xsmall,page-theme,radio-input,radio-set,select-wrapper,submenu-content,text-right,to-login,toggle-visibility,user-invalid,what-is-zonnic,why-zonnic,your-address,your-details,zonnic-logo,zonnic-menu,zonnic-newsletter-modal
blog|https://www.zonnic.ca/ca/en/blog/what-are-nicotine-pouches|address-lookup-field,arrow-link-dark,at-element-marker,ava-nav-menu,background-cover,background-v-top,bat-agegate,bat-button,bat-card,bat-card-info,bat-cmp-contentfragmentcollection,bat-cta,bat-cta-style,bat-email-verification,bat-faq-default,bat-footer-bottom,bat-footer-payment-icons,bat-footer-social-nav,bat-footer-zonnic,bat-footer-zonnic-container,bat-footer-zonnic-copyright,bat-footer-zonnic-disclaimer,bat-footer-zonnic-label-page-breadcrumb,bat-footer-zonnic-logo,bat-footer-zonnic-logo-icon,bat-footer-zonnic-main,bat-footer-zonnic-nav,bat-footer-zonnic-nav-menu,bat-footer-zonnic-nav-menu-title,bat-footer-zonnic-submenu,bat-footer-zonnic-top,bat-form,bat-form-block,bat-form-block-text,bat-form-field,bat-form-field-set,bat-form-field-tip,bat-form-messages,bat-form-msg,bat-form-step,bat-header,bat-header-account,bat-header-account-icon-label,bat-header-account-icon-label-auth,bat-header-account-link,bat-header-account-menu,bat-header-content,bat-header-fixed-spacer,bat-header-logo,bat-header-menu,bat-header-menu-button,bat-header-nav,bat-header-promo,bat-header-promo-link,bat-header-stores,bat-header-stores-link,bat-header-support,bat-header-support-link,bat-header-top,bat-header-utils,bat-header-wrapper,bat-headline,bat-headline-style,bat-headline-sub,bat-icon,bat-image,bat-language,bat-location,bat-message,bat-message-text,bat-messagebar,bat-minicart,bat-minicart-basket-total,bat-minicart-count,bat-minicart-empty-content,bat-minicart-empty-headline,bat-minicart-empty-icon,bat-minicart-empty-message,bat-minicart-subtotal-label,bat-minicart-subtotal-value,bat-minicart-total-items,bat-minicart-wrapper,bat-modal,bat-modal-close,bat-modal-content,bat-navigation,bat-navigation-group,bat-navigation-group-list,bat-navigation-group-list-item,bat-navigation-group-list-item-link,bat-page,bat-section,bat-section-content,bat-section-content-style,bat-section-modal,bat-section-style,bat-text,bat-wrapper,blog-wrapper-with-image,breadcrumb-description,button-dark,button-secondary-dark,consent-block,container-fluid,cq-dd-paragraph,cta-hide,cta-label,cta-logged-in-user,cta-logged-out-user,cta-show,current-page,d-align-right,d-block,d-lg-block,d-lg-none,d-md-block,d-md-none,d-none,d-sm-block,d-sm-none,d-xl-block,d-xl-none,display-address,email-cant-verify,email-invalid,error-msg,existing-user,existing-user-close,fa-plus,field-note,full-width,gallery-steel-grey-gradient,global-components,headline1-color1,headline2-color1,icon-center,icon-plus,icon-right,login-error-message,login-success-message,lookup-field,m-align-left,margin-medium,margin-none,margin-small,menu-title,newsletter-headline,padding-bottom-medium,padding-left-medium,padding-left-small,padding-right-medium,padding-right-small,padding-top-medium,padding-top-xsmall,page-theme,radio-input,radio-set,select-wrapper,submenu-content,text-right,to-login,toggle-visibility,user-invalid,what-is-zonnic,why-zonnic,your-address,your-details,zonnic-logo,zonnic-menu,zonnic-newsletter-modal
blog|https://www.zonnic.ca/ca/en/blog/world-no-tobacco-day-quit-with-zonnic|address-lookup-field,arrow-link-dark,at-element-marker,ava-nav-menu,background-cover,background-v-top,bat-agegate,bat-button,bat-card,bat-card-info,bat-cmp-contentfragmentcollection,bat-cta,bat-cta-style,bat-email-verification,bat-faq-default,bat-footer-bottom,bat-footer-payment-icons,bat-footer-social-nav,bat-footer-zonnic,bat-footer-zonnic-container,bat-footer-zonnic-copyright,bat-footer-zonnic-disclaimer,bat-footer-zonnic-label-page-breadcrumb,bat-footer-zonnic-logo,bat-footer-zonnic-logo-icon,bat-footer-zonnic-main,bat-footer-zonnic-nav,bat-footer-zonnic-nav-menu,bat-footer-zonnic-nav-menu-title,bat-footer-zonnic-submenu,bat-footer-zonnic-top,bat-form,bat-form-block,bat-form-block-text,bat-form-field,bat-form-field-set,bat-form-field-tip,bat-form-messages,bat-form-msg,bat-form-step,bat-header,bat-header-account,bat-header-account-icon-label,bat-header-account-icon-label-auth,bat-header-account-link,bat-header-account-menu,bat-header-content,bat-header-fixed-spacer,bat-header-logo,bat-header-menu,bat-header-menu-button,bat-header-nav,bat-header-promo,bat-header-promo-link,bat-header-stores,bat-header-stores-link,bat-header-support,bat-header-support-link,bat-header-top,bat-header-utils,bat-header-wrapper,bat-headline,bat-headline-style,bat-headline-sub,bat-icon,bat-image,bat-language,bat-location,bat-message,bat-message-text,bat-messagebar,bat-minicart,bat-minicart-basket-total,bat-minicart-count,bat-minicart-empty-content,bat-minicart-empty-headline,bat-minicart-empty-icon,bat-minicart-empty-message,bat-minicart-subtotal-label,bat-minicart-subtotal-value,bat-minicart-total-items,bat-minicart-wrapper,bat-modal,bat-modal-close,bat-modal-content,bat-navigation,bat-navigation-group,bat-navigation-group-list,bat-navigation-group-list-item,bat-navigation-group-list-item-link,bat-page,bat-section,bat-section-content,bat-section-content-style,bat-section-modal,bat-section-style,bat-text,bat-wrapper,blog-wrapper-with-image,breadcrumb-description,button-dark,button-secondary-dark,consent-block,container-fluid,cq-dd-paragraph,cta-hide,cta-label,cta-logged-in-user,cta-logged-out-user,cta-show,current-page,d-align-right,d-block,d-lg-block,d-lg-none,d-md-block,d-md-none,d-none,d-sm-block,d-sm-none,d-xl-block,d-xl-none,dark-gray,display-address,email-cant-verify,email-invalid,error-msg,existing-user,existing-user-close,fa-plus,field-note,full-width,gallery-steel-grey-gradient,global-components,headline1-color1,headline2-color1,icon-center,icon-plus,icon-right,login-error-message,login-success-message,lookup-field,m-align-left,margin-large,margin-medium,margin-none,margin-small,menu-title,newsletter-headline,padding-bottom-medium,padding-bottom-small,padding-left-medium,padding-left-small,padding-right-medium,padding-right-small,padding-top-medium,padding-top-xsmall,page-theme,radio-input,radio-set,select-wrapper,submenu-content,text-right,to-login,toggle-visibility,user-invalid,what-is-zonnic,why-zonnic,your-address,your-details,zonnic-logo,zonnic-menu,zonnic-newsletter-modal
blog|https://www.zonnic.ca/ca/en/blog/before-buying-nicotine-pouches|address-lookup-field,arrow-link-dark,at-element-marker,ava-nav-menu,background-cover,background-v-top,bat-agegate,bat-button,bat-card,bat-card-info,bat-cmp-contentfragmentcollection,bat-cta,bat-cta-style,bat-email-verification,bat-faq-default,bat-footer-bottom,bat-footer-payment-icons,bat-footer-social-nav,bat-footer-zonnic,bat-footer-zonnic-container,bat-footer-zonnic-copyright,bat-footer-zonnic-disclaimer,bat-footer-zonnic-label-page-breadcrumb,bat-footer-zonnic-logo,bat-footer-zonnic-logo-icon,bat-footer-zonnic-main,bat-footer-zonnic-nav,bat-footer-zonnic-nav-menu,bat-footer-zonnic-nav-menu-title,bat-footer-zonnic-submenu,bat-footer-zonnic-top,bat-form,bat-form-block,bat-form-block-text,bat-form-field,bat-form-field-set,bat-form-field-tip,bat-form-messages,bat-form-msg,bat-form-step,bat-header,bat-header-account,bat-header-account-icon-label,bat-header-account-icon-label-auth,bat-header-account-link,bat-header-account-menu,bat-header-content,bat-header-fixed-spacer,bat-header-logo,bat-header-menu,bat-header-menu-button,bat-header-nav,bat-header-promo,bat-header-promo-link,bat-header-stores,bat-header-stores-link,bat-header-support,bat-header-support-link,bat-header-top,bat-header-utils,bat-header-wrapper,bat-headline,bat-headline-style,bat-headline-sub,bat-icon,bat-image,bat-language,bat-location,bat-message,bat-message-text,bat-messagebar,bat-minicart,bat-minicart-basket-total,bat-minicart-count,bat-minicart-empty-content,bat-minicart-empty-headline,bat-minicart-empty-icon,bat-minicart-empty-message,bat-minicart-subtotal-label,bat-minicart-subtotal-value,bat-minicart-total-items,bat-minicart-wrapper,bat-modal,bat-modal-close,bat-modal-content,bat-navigation,bat-navigation-group,bat-navigation-group-list,bat-navigation-group-list-item,bat-navigation-group-list-item-link,bat-page,bat-section,bat-section-content,bat-section-content-style,bat-section-modal,bat-section-style,bat-text,bat-wrapper,blog-wrapper-with-image,breadcrumb-description,button-dark,button-secondary-dark,consent-block,container-fluid,cq-dd-paragraph,cta-hide,cta-label,cta-logged-in-user,cta-logged-out-user,cta-show,current-page,d-align-right,d-block,d-lg-block,d-lg-none,d-md-block,d-md-none,d-none,d-sm-block,d-sm-none,d-xl-block,d-xl-none,display-address,email-cant-verify,email-invalid,error-msg,existing-user,existing-user-close,fa-plus,field-note,full-width,gallery-steel-grey-gradient,global-components,headline1-color1,headline2-color1,icon-center,icon-plus,icon-right,login-error-message,login-success-message,lookup-field,m-align-left,margin-medium,margin-none,margin-small,menu-title,newsletter-headline,padding-bottom-medium,padding-left-medium,padding-left-small,padding-right-medium,padding-right-small,padding-top-medium,padding-top-xsmall,page-theme,radio-input,radio-set,select-wrapper,submenu-content,text-right,to-login,toggle-visibility,user-invalid,what-is-zonnic,why-zonnic,your-address,your-details,zonnic-logo,zonnic-menu,zonnic-newsletter-modal
blog|https://www.zonnic.ca/ca/fr/blog/world-mental-health-day-2025|address-lookup-field,arrow-link-dark,at-element-marker,ava-nav-menu,background-cover,background-v-top,bat-agegate,bat-button,bat-card,bat-card-info,bat-cmp-contentfragmentcollection,bat-cta,bat-cta-style,bat-email-verification,bat-faq-default,bat-footer-bottom,bat-footer-payment-icons,bat-footer-social-nav,bat-footer-zonnic,bat-footer-zonnic-container,bat-footer-zonnic-copyright,bat-footer-zonnic-disclaimer,bat-footer-zonnic-label-page-breadcrumb,bat-footer-zonnic-logo,bat-footer-zonnic-logo-icon,bat-footer-zonnic-main,bat-footer-zonnic-nav,bat-footer-zonnic-nav-menu,bat-footer-zonnic-nav-menu-title,bat-footer-zonnic-submenu,bat-footer-zonnic-top,bat-form,bat-form-block,bat-form-block-text,bat-form-field,bat-form-field-set,bat-form-field-tip,bat-form-messages,bat-form-msg,bat-form-step,bat-header,bat-header-account,bat-header-account-icon-label,bat-header-account-icon-label-auth,bat-header-account-link,bat-header-account-menu,bat-header-content,bat-header-fixed-spacer,bat-header-logo,bat-header-menu,bat-header-menu-button,bat-header-nav,bat-header-promo,bat-header-promo-link,bat-header-stores,bat-header-stores-link,bat-header-support,bat-header-support-link,bat-header-top,bat-header-utils,bat-header-wrapper,bat-headline,bat-headline-style,bat-headline-sub,bat-icon,bat-image,bat-language,bat-location,bat-message,bat-message-text,bat-messagebar,bat-minicart,bat-minicart-basket-total,bat-minicart-count,bat-minicart-empty-content,bat-minicart-empty-headline,bat-minicart-empty-icon,bat-minicart-empty-message,bat-minicart-subtotal-label,bat-minicart-subtotal-value,bat-minicart-total-items,bat-minicart-wrapper,bat-modal,bat-modal-close,bat-modal-content,bat-navigation,bat-navigation-group,bat-navigation-group-list,bat-navigation-group-list-item,bat-navigation-group-list-item-link,bat-page,bat-section,bat-section-content,bat-section-content-style,bat-section-modal,bat-section-style,bat-text,bat-wrapper,blog-wrapper-with-image,breadcrumb-description,button-dark,button-secondary-dark,consent-block,container-fluid,cq-dd-paragraph,cta-hide,cta-label,cta-logged-in-user,cta-logged-out-user,cta-show,current-page,d-align-right,d-block,d-lg-block,d-lg-none,d-md-block,d-md-none,d-none,d-sm-block,d-sm-none,d-xl-block,d-xl-none,display-address,error-msg,existing-user,existing-user-close,fa-plus,field-note,full-width,gallery-steel-grey-gradient,global-components,headline1-color1,headline2-color1,icon-center,icon-plus,icon-right,login-error-message,login-success-message,lookup-field,m-align-left,margin-medium,margin-none,margin-small,menu-title,newsletter-headline,newsletter-subheadline,padding-bottom-medium,padding-left-medium,padding-left-small,padding-right-medium,padding-right-small,padding-top-medium,padding-top-small,padding-top-xsmall,page-theme,radio-input,radio-set,select-wrapper,submenu-content,text-right,to-login,toggle-visibility,what-is-zonnic,why-zonnic,your-address,your-details,zonnic-logo,zonnic-menu,zonnic-newsletter-modal
blog|https://www.zonnic.ca/ca/en/blog/global-wellness-day|address-lookup-field,arrow-link-dark,at-element-marker,ava-nav-menu,background-cover,background-v-top,bat-agegate,bat-button,bat-card,bat-card-info,bat-cmp-contentfragmentcollection,bat-cta,bat-cta-style,bat-email-verification,bat-faq-default,bat-footer-bottom,bat-footer-payment-icons,bat-footer-social-nav,bat-footer-zonnic,bat-footer-zonnic-container,bat-footer-zonnic-copyright,bat-footer-zonnic-disclaimer,bat-footer-zonnic-label-page-breadcrumb,bat-footer-zonnic-logo,bat-footer-zonnic-logo-icon,bat-footer-zonnic-main,bat-footer-zonnic-nav,bat-footer-zonnic-nav-menu,bat-footer-zonnic-nav-menu-title,bat-footer-zonnic-submenu,bat-footer-zonnic-top,bat-form,bat-form-block,bat-form-block-text,bat-form-field,bat-form-field-set,bat-form-field-tip,bat-form-messages,bat-form-msg,bat-form-step,bat-header,bat-header-account,bat-header-account-icon-label,bat-header-account-icon-label-auth,bat-header-account-link,bat-header-account-menu,bat-header-content,bat-header-fixed-spacer,bat-header-logo,bat-header-menu,bat-header-menu-button,bat-header-nav,bat-header-promo,bat-header-promo-link,bat-header-stores,bat-header-stores-link,bat-header-support,bat-header-support-link,bat-header-top,bat-header-utils,bat-header-wrapper,bat-headline,bat-headline-style,bat-headline-sub,bat-icon,bat-image,bat-language,bat-location,bat-message,bat-message-text,bat-messagebar,bat-minicart,bat-minicart-basket-total,bat-minicart-count,bat-minicart-empty-content,bat-minicart-empty-headline,bat-minicart-empty-icon,bat-minicart-empty-message,bat-minicart-subtotal-label,bat-minicart-subtotal-value,bat-minicart-total-items,bat-minicart-wrapper,bat-modal,bat-modal-close,bat-modal-content,bat-navigation,bat-navigation-group,bat-navigation-group-list,bat-navigation-group-list-item,bat-navigation-group-list-item-link,bat-page,bat-section,bat-section-content,bat-section-content-style,bat-section-modal,bat-section-style,bat-text,bat-wrapper,blog-wrapper-with-image,breadcrumb-description,button-dark,button-secondary-dark,consent-block,container-fluid,cq-dd-paragraph,cta-hide,cta-label,cta-logged-in-user,cta-logged-out-user,cta-show,current-page,d-align-right,d-block,d-lg-block,d-lg-none,d-md-block,d-md-none,d-none,d-sm-block,d-sm-none,d-xl-block,d-xl-none,display-address,email-cant-verify,email-invalid,error-msg,existing-user,existing-user-close,fa-plus,field-note,full-width,gallery-steel-grey-gradient,global-components,headline1-color1,headline2-color1,icon-center,icon-plus,icon-right,login-error-message,login-success-message,lookup-field,m-align-left,margin-large,margin-medium,margin-none,margin-small,menu-title,newsletter-headline,padding-bottom-medium,padding-left-medium,padding-left-small,padding-right-medium,padding-right-small,padding-top-medium,padding-top-xsmall,page-theme,radio-input,radio-set,select-wrapper,submenu-content,text-right,to-login,toggle-visibility,user-invalid,what-is-zonnic,why-zonnic,your-address,your-details,zonnic-logo,zonnic-menu,zonnic-newsletter-modal
blog|https://www.zonnic.ca/ca/fr/blog/complete-guide-to-nicotine-pouches|address-lookup-field,arrow-link-dark,at-element-marker,ava-nav-menu,background-cover,background-v-top,bat-agegate,bat-button,bat-card,bat-card-info,bat-cmp-contentfragmentcollection,bat-cta,bat-cta-style,bat-email-verification,bat-faq-default,bat-footer-bottom,bat-footer-payment-icons,bat-footer-social-nav,bat-footer-zonnic,bat-footer-zonnic-container,bat-footer-zonnic-copyright,bat-footer-zonnic-disclaimer,bat-footer-zonnic-label-page-breadcrumb,bat-footer-zonnic-logo,bat-footer-zonnic-logo-icon,bat-footer-zonnic-main,bat-footer-zonnic-nav,bat-footer-zonnic-nav-menu,bat-footer-zonnic-nav-menu-title,bat-footer-zonnic-submenu,bat-footer-zonnic-top,bat-form,bat-form-block,bat-form-block-text,bat-form-field,bat-form-field-set,bat-form-field-tip,bat-form-messages,bat-form-msg,bat-form-step,bat-header,bat-header-account,bat-header-account-icon-label,bat-header-account-icon-label-auth,bat-header-account-link,bat-header-account-menu,bat-header-content,bat-header-fixed-spacer,bat-header-logo,bat-header-menu,bat-header-menu-button,bat-header-nav,bat-header-promo,bat-header-promo-link,bat-header-stores,bat-header-stores-link,bat-header-support,bat-header-support-link,bat-header-top,bat-header-utils,bat-header-wrapper,bat-headline,bat-headline-style,bat-headline-sub,bat-icon,bat-image,bat-language,bat-location,bat-message,bat-message-text,bat-messagebar,bat-minicart,bat-minicart-basket-total,bat-minicart-count,bat-minicart-empty-content,bat-minicart-empty-headline,bat-minicart-empty-icon,bat-minicart-empty-message,bat-minicart-subtotal-label,bat-minicart-subtotal-value,bat-minicart-total-items,bat-minicart-wrapper,bat-modal,bat-modal-close,bat-modal-content,bat-navigation,bat-navigation-group,bat-navigation-group-list,bat-navigation-group-list-item,bat-navigation-group-list-item-link,bat-page,bat-section,bat-section-content,bat-section-content-style,bat-section-modal,bat-section-style,bat-text,bat-wrapper,blog-wrapper-with-image,breadcrumb-description,button-dark,button-secondary-dark,consent-block,container-fluid,cq-dd-paragraph,cta-hide,cta-label,cta-logged-in-user,cta-logged-out-user,cta-show,current-page,d-align-right,d-block,d-lg-block,d-lg-none,d-md-block,d-md-none,d-none,d-sm-block,d-sm-none,d-xl-block,d-xl-none,display-address,error-msg,existing-user,existing-user-close,fa-plus,field-note,full-width,gallery-steel-grey-gradient,global-components,headline1-color1,headline2-color1,icon-center,icon-plus,icon-right,login-error-message,login-success-message,lookup-field,m-align-left,margin-medium,margin-none,margin-small,menu-title,newsletter-headline,newsletter-subheadline,padding-bottom-medium,padding-left-medium,padding-left-small,padding-right-medium,padding-right-small,padding-top-medium,padding-top-xsmall,page-theme,radio-input,radio-set,select-wrapper,submenu-content,text-right,to-login,toggle-visibility,what-is-zonnic,why-zonnic,your-address,your-details,zonnic-logo,zonnic-menu,zonnic-newsletter-modal
blog|https://www.zonnic.ca/ca/fr/blog/benefits-of-nicotine-pouches|address-lookup-field,arrow-link-dark,at-element-marker,ava-nav-menu,background-cover,background-v-top,bat-agegate,bat-button,bat-card,bat-card-info,bat-cmp-contentfragmentcollection,bat-cta,bat-cta-style,bat-email-verification,bat-faq-default,bat-footer-bottom,bat-footer-payment-icons,bat-footer-social-nav,bat-footer-zonnic,bat-footer-zonnic-container,bat-footer-zonnic-copyright,bat-footer-zonnic-disclaimer,bat-footer-zonnic-label-page-breadcrumb,bat-footer-zonnic-logo,bat-footer-zonnic-logo-icon,bat-footer-zonnic-main,bat-footer-zonnic-nav,bat-footer-zonnic-nav-menu,bat-footer-zonnic-nav-menu-title,bat-footer-zonnic-submenu,bat-footer-zonnic-top,bat-form,bat-form-block,bat-form-block-text,bat-form-field,bat-form-field-set,bat-form-field-tip,bat-form-messages,bat-form-msg,bat-form-step,bat-header,bat-header-account,bat-header-account-icon-label,bat-header-account-icon-label-auth,bat-header-account-link,bat-header-account-menu,bat-header-content,bat-header-fixed-spacer,bat-header-logo,bat-header-menu,bat-header-menu-button,bat-header-nav,bat-header-promo,bat-header-promo-link,bat-header-stores,bat-header-stores-link,bat-header-support,bat-header-support-link,bat-header-top,bat-header-utils,bat-header-wrapper,bat-headline,bat-headline-style,bat-headline-sub,bat-icon,bat-image,bat-language,bat-location,bat-message,bat-message-text,bat-messagebar,bat-minicart,bat-minicart-basket-total,bat-minicart-count,bat-minicart-empty-content,bat-minicart-empty-headline,bat-minicart-empty-icon,bat-minicart-empty-message,bat-minicart-subtotal-label,bat-minicart-subtotal-value,bat-minicart-total-items,bat-minicart-wrapper,bat-modal,bat-modal-close,bat-modal-content,bat-navigation,bat-navigation-group,bat-navigation-group-list,bat-navigation-group-list-item,bat-navigation-group-list-item-link,bat-page,bat-section,bat-section-content,bat-section-content-style,bat-section-modal,bat-section-style,bat-text,bat-wrapper,blog-wrapper-with-image,breadcrumb-description,button-dark,button-secondary-dark,consent-block,container-fluid,cq-dd-paragraph,cta-hide,cta-label,cta-logged-in-user,cta-logged-out-user,cta-show,current-page,d-align-right,d-block,d-lg-block,d-lg-none,d-md-block,d-md-none,d-none,d-sm-block,d-sm-none,d-xl-block,d-xl-none,display-address,error-msg,existing-user,existing-user-close,fa-plus,field-note,full-width,gallery-steel-grey-gradient,global-components,headline1-color1,headline2-color1,icon-center,icon-plus,icon-right,login-error-message,login-success-message,lookup-field,m-align-left,margin-medium,margin-none,margin-small,menu-title,newsletter-headline,newsletter-subheadline,padding-bottom-medium,padding-left-medium,padding-left-small,padding-right-medium,padding-right-small,padding-top-medium,padding-top-xsmall,page-theme,radio-input,radio-set,select-wrapper,submenu-content,text-right,to-login,toggle-visibility,what-is-zonnic,why-zonnic,your-address,your-details,zonnic-logo,zonnic-menu,zonnic-newsletter-modal
blog|https://www.zonnic.ca/ca/fr/blog/canada-day-2025|address-lookup-field,arrow-link-dark,at-element-marker,ava-nav-menu,background-cover,background-v-top,bat-agegate,bat-button,bat-card,bat-card-info,bat-cmp-contentfragmentcollection,bat-cta,bat-cta-style,bat-email-verification,bat-faq-default,bat-footer-bottom,bat-footer-payment-icons,bat-footer-social-nav,bat-footer-zonnic,bat-footer-zonnic-container,bat-footer-zonnic-copyright,bat-footer-zonnic-disclaimer,bat-footer-zonnic-label-page-breadcrumb,bat-footer-zonnic-logo,bat-footer-zonnic-logo-icon,bat-footer-zonnic-main,bat-footer-zonnic-nav,bat-footer-zonnic-nav-menu,bat-footer-zonnic-nav-menu-title,bat-footer-zonnic-submenu,bat-footer-zonnic-top,bat-form,bat-form-block,bat-form-block-text,bat-form-field,bat-form-field-set,bat-form-field-tip,bat-form-messages,bat-form-msg,bat-form-step,bat-header,bat-header-account,bat-header-account-icon-label,bat-header-account-icon-label-auth,bat-header-account-link,bat-header-account-menu,bat-header-content,bat-header-fixed-spacer,bat-header-logo,bat-header-menu,bat-header-menu-button,bat-header-nav,bat-header-promo,bat-header-promo-link,bat-header-stores,bat-header-stores-link,bat-header-support,bat-header-support-link,bat-header-top,bat-header-utils,bat-header-wrapper,bat-headline,bat-headline-style,bat-headline-sub,bat-icon,bat-image,bat-language,bat-location,bat-message,bat-message-text,bat-messagebar,bat-minicart,bat-minicart-basket-total,bat-minicart-count,bat-minicart-empty-content,bat-minicart-empty-headline,bat-minicart-empty-icon,bat-minicart-empty-message,bat-minicart-subtotal-label,bat-minicart-subtotal-value,bat-minicart-total-items,bat-minicart-wrapper,bat-modal,bat-modal-close,bat-modal-content,bat-navigation,bat-navigation-group,bat-navigation-group-list,bat-navigation-group-list-item,bat-navigation-group-list-item-link,bat-page,bat-section,bat-section-content,bat-section-content-style,bat-section-modal,bat-section-style,bat-text,bat-wrapper,blog-wrapper-with-image,breadcrumb-description,button-dark,button-secondary-dark,consent-block,container-fluid,cq-dd-paragraph,cta-hide,cta-label,cta-logged-in-user,cta-logged-out-user,cta-show,current-page,d-align-right,d-block,d-lg-block,d-lg-none,d-md-block,d-md-none,d-none,d-sm-block,d-sm-none,d-xl-block,d-xl-none,display-address,error-msg,existing-user,existing-user-close,fa-plus,field-note,full-width,gallery-steel-grey-gradient,global-components,headline1-color1,headline2-color1,icon-center,icon-plus,icon-right,login-error-message,login-success-message,lookup-field,m-align-left,margin-medium,margin-none,margin-small,menu-title,newsletter-headline,newsletter-subheadline,padding-bottom-medium,padding-left-medium,padding-left-small,padding-right-medium,padding-right-small,padding-top-medium,padding-top-small,padding-top-xsmall,page-theme,radio-input,radio-set,select-wrapper,submenu-content,text-right,to-login,toggle-visibility,what-is-zonnic,why-zonnic,your-address,your-details,zonnic-logo,zonnic-menu,zonnic-newsletter-modal
blog|https://www.zonnic.ca/ca/en/blog/where-to-buy-nicotine-pouches|address-lookup-field,arrow-link-dark,at-element-marker,ava-nav-menu,background-cover,background-v-top,bat-agegate,bat-button,bat-card,bat-card-info,bat-cmp-contentfragmentcollection,bat-cta,bat-cta-style,bat-email-verification,bat-faq-default,bat-footer-bottom,bat-footer-payment-icons,bat-footer-social-nav,bat-footer-zonnic,bat-footer-zonnic-container,bat-footer-zonnic-copyright,bat-footer-zonnic-disclaimer,bat-footer-zonnic-label-page-breadcrumb,bat-footer-zonnic-logo,bat-footer-zonnic-logo-icon,bat-footer-zonnic-main,bat-footer-zonnic-nav,bat-footer-zonnic-nav-menu,bat-footer-zonnic-nav-menu-title,bat-footer-zonnic-submenu,bat-footer-zonnic-top,bat-form,bat-form-block,bat-form-block-text,bat-form-field,bat-form-field-set,bat-form-field-tip,bat-form-messages,bat-form-msg,bat-form-step,bat-header,bat-header-account,bat-header-account-icon-label,bat-header-account-icon-label-auth,bat-header-account-link,bat-header-account-menu,bat-header-content,bat-header-fixed-spacer,bat-header-logo,bat-header-menu,bat-header-menu-button,bat-header-nav,bat-header-promo,bat-header-promo-link,bat-header-stores,bat-header-stores-link,bat-header-support,bat-header-support-link,bat-header-top,bat-header-utils,bat-header-wrapper,bat-headline,bat-headline-style,bat-headline-sub,bat-icon,bat-image,bat-language,bat-location,bat-message,bat-message-text,bat-messagebar,bat-minicart,bat-minicart-basket-total,bat-minicart-count,bat-minicart-empty-content,bat-minicart-empty-headline,bat-minicart-empty-icon,bat-minicart-empty-message,bat-minicart-subtotal-label,bat-minicart-subtotal-value,bat-minicart-total-items,bat-minicart-wrapper,bat-modal,bat-modal-close,bat-modal-content,bat-navigation,bat-navigation-group,bat-navigation-group-list,bat-navigation-group-list-item,bat-navigation-group-list-item-link,bat-page,bat-section,bat-section-content,bat-section-content-style,bat-section-modal,bat-section-style,bat-text,bat-wrapper,blog-wrapper-with-image,breadcrumb-description,button-dark,button-secondary-dark,consent-block,container-fluid,cq-dd-paragraph,cta-hide,cta-label,cta-logged-in-user,cta-logged-out-user,cta-show,current-page,d-align-right,d-block,d-lg-block,d-lg-none,d-md-block,d-md-none,d-none,d-sm-block,d-sm-none,d-xl-block,d-xl-none,display-address,email-cant-verify,email-invalid,error-msg,existing-user,existing-user-close,fa-plus,field-note,full-width,gallery-steel-grey-gradient,global-components,headline1-color1,headline2-color1,icon-center,icon-plus,icon-right,login-error-message,login-success-message,lookup-field,m-align-left,margin-medium,margin-none,margin-small,menu-title,newsletter-headline,padding-bottom-medium,padding-left-medium,padding-left-small,padding-right-medium,padding-right-small,padding-top-medium,padding-top-xsmall,page-theme,radio-input,radio-set,select-wrapper,submenu-content,text-right,to-login,toggle-visibility,user-invalid,what-is-zonnic,why-zonnic,your-address,your-details,zonnic-logo,zonnic-menu,zonnic-newsletter-modal
blog|https://www.zonnic.ca/ca/en/blog/reset-your-routine-this-fall|address-lookup-field,arrow-link-dark,at-element-marker,ava-nav-menu,background-cover,background-v-top,bat-agegate,bat-button,bat-card,bat-card-info,bat-cmp-contentfragmentcollection,bat-cta,bat-cta-style,bat-email-verification,bat-faq-default,bat-footer-bottom,bat-footer-payment-icons,bat-footer-social-nav,bat-footer-zonnic,bat-footer-zonnic-container,bat-footer-zonnic-copyright,bat-footer-zonnic-disclaimer,bat-footer-zonnic-label-page-breadcrumb,bat-footer-zonnic-logo,bat-footer-zonnic-logo-icon,bat-footer-zonnic-main,bat-footer-zonnic-nav,bat-footer-zonnic-nav-menu,bat-footer-zonnic-nav-menu-title,bat-footer-zonnic-submenu,bat-footer-zonnic-top,bat-form,bat-form-block,bat-form-block-text,bat-form-field,bat-form-field-set,bat-form-field-tip,bat-form-messages,bat-form-msg,bat-form-step,bat-header,bat-header-account,bat-header-account-icon-label,bat-header-account-icon-label-auth,bat-header-account-link,bat-header-account-menu,bat-header-content,bat-header-fixed-spacer,bat-header-logo,bat-header-menu,bat-header-menu-button,bat-header-nav,bat-header-promo,bat-header-promo-link,bat-header-stores,bat-header-stores-link,bat-header-support,bat-header-support-link,bat-header-top,bat-header-utils,bat-header-wrapper,bat-headline,bat-headline-style,bat-headline-sub,bat-icon,bat-image,bat-language,bat-location,bat-message,bat-message-text,bat-messagebar,bat-minicart,bat-minicart-basket-total,bat-minicart-count,bat-minicart-empty-content,bat-minicart-empty-headline,bat-minicart-empty-icon,bat-minicart-empty-message,bat-minicart-subtotal-label,bat-minicart-subtotal-value,bat-minicart-total-items,bat-minicart-wrapper,bat-modal,bat-modal-close,bat-modal-content,bat-navigation,bat-navigation-group,bat-navigation-group-list,bat-navigation-group-list-item,bat-navigation-group-list-item-link,bat-page,bat-section,bat-section-content,bat-section-content-style,bat-section-modal,bat-section-style,bat-text,bat-wrapper,blog-wrapper-with-image,breadcrumb-description,button-dark,button-secondary-dark,consent-block,container-fluid,cq-dd-paragraph,cta-hide,cta-label,cta-logged-in-user,cta-logged-out-user,cta-show,current-page,d-align-right,d-block,d-lg-block,d-lg-none,d-md-block,d-md-none,d-none,d-sm-block,d-sm-none,d-xl-block,d-xl-none,display-address,email-cant-verify,email-invalid,error-msg,existing-user,existing-user-close,fa-plus,field-note,full-width,gallery-steel-grey-gradient,global-components,headline1-color1,headline2-color1,icon-center,icon-plus,icon-right,login-error-message,login-success-message,lookup-field,m-align-left,margin-large,margin-medium,margin-none,margin-small,menu-title,newsletter-headline,padding-bottom-medium,padding-left-medium,padding-left-small,padding-right-medium,padding-right-small,padding-top-medium,padding-top-xsmall,page-theme,radio-input,radio-set,select-wrapper,submenu-content,text-right,to-login,toggle-visibility,user-invalid,what-is-zonnic,why-zonnic,your-address,your-details,zonnic-logo,zonnic-menu,zonnic-newsletter-modal
blog|https://www.zonnic.ca/ca/fr/blog/world-no-tobacco-day-quit-with-zonnic|address-lookup-field,arrow-link-dark,at-element-marker,ava-nav-menu,background-cover,background-v-top,bat-agegate,bat-button,bat-card,bat-card-info,bat-cmp-contentfragmentcollection,bat-cta,bat-cta-style,bat-email-verification,bat-faq-default,bat-footer-bottom,bat-footer-payment-icons,bat-footer-social-nav,bat-footer-zonnic,bat-footer-zonnic-container,bat-footer-zonnic-copyright,bat-footer-zonnic-disclaimer,bat-footer-zonnic-label-page-breadcrumb,bat-footer-zonnic-logo,bat-footer-zonnic-logo-icon,bat-footer-zonnic-main,bat-footer-zonnic-nav,bat-footer-zonnic-nav-menu,bat-footer-zonnic-nav-menu-title,bat-footer-zonnic-submenu,bat-footer-zonnic-top,bat-form,bat-form-block,bat-form-block-text,bat-form-field,bat-form-field-set,bat-form-field-tip,bat-form-messages,bat-form-msg,bat-form-step,bat-header,bat-header-account,bat-header-account-icon-label,bat-header-account-icon-label-auth,bat-header-account-link,bat-header-account-menu,bat-header-content,bat-header-fixed-spacer,bat-header-logo,bat-header-menu,bat-header-menu-button,bat-header-nav,bat-header-promo,bat-header-promo-link,bat-header-stores,bat-header-stores-link,bat-header-support,bat-header-support-link,bat-header-top,bat-header-utils,bat-header-wrapper,bat-headline,bat-headline-style,bat-headline-sub,bat-icon,bat-image,bat-language,bat-location,bat-message,bat-message-text,bat-messagebar,bat-minicart,bat-minicart-basket-total,bat-minicart-count,bat-minicart-empty-content,bat-minicart-empty-headline,bat-minicart-empty-icon,bat-minicart-empty-message,bat-minicart-subtotal-label,bat-minicart-subtotal-value,bat-minicart-total-items,bat-minicart-wrapper,bat-modal,bat-modal-close,bat-modal-content,bat-navigation,bat-navigation-group,bat-navigation-group-list,bat-navigation-group-list-item,bat-navigation-group-list-item-link,bat-page,bat-section,bat-section-content,bat-section-content-style,bat-section-modal,bat-section-style,bat-text,bat-wrapper,blog-wrapper-with-image,breadcrumb-description,button-dark,button-secondary-dark,consent-block,container-fluid,cq-dd-paragraph,cta-hide,cta-label,cta-logged-in-user,cta-logged-out-user,cta-show,current-page,d-align-right,d-block,d-lg-block,d-lg-none,d-md-block,d-md-none,d-none,d-sm-block,d-sm-none,d-xl-block,d-xl-none,dark-gray,display-address,error-msg,existing-user,existing-user-close,fa-plus,field-note,full-width,gallery-steel-grey-gradient,global-components,headline1-color1,headline2-color1,icon-center,icon-plus,icon-right,login-error-message,login-success-message,lookup-field,m-align-left,margin-medium,margin-none,margin-small,menu-title,newsletter-headline,newsletter-subheadline,padding-bottom-medium,padding-bottom-small,padding-left-medium,padding-left-small,padding-right-medium,padding-right-small,padding-top-medium,padding-top-xsmall,page-theme,radio-input,radio-set,select-wrapper,submenu-content,text-right,to-login,toggle-visibility,what-is-zonnic,why-zonnic,your-address,your-details,zonnic-logo,zonnic-menu,zonnic-newsletter-modal
blog|https://www.zonnic.ca/ca/fr/blog/where-to-buy-nicotine-pouches|address-lookup-field,arrow-link-dark,at-element-marker,ava-nav-menu,background-cover,background-v-top,bat-agegate,bat-button,bat-card,bat-card-info,bat-cmp-contentfragmentcollection,bat-cta,bat-cta-style,bat-email-verification,bat-faq-default,bat-footer-bottom,bat-footer-payment-icons,bat-footer-social-nav,bat-footer-zonnic,bat-footer-zonnic-container,bat-footer-zonnic-copyright,bat-footer-zonnic-disclaimer,bat-footer-zonnic-label-page-breadcrumb,bat-footer-zonnic-logo,bat-footer-zonnic-logo-icon,bat-footer-zonnic-main,bat-footer-zonnic-nav,bat-footer-zonnic-nav-menu,bat-footer-zonnic-nav-menu-title,bat-footer-zonnic-submenu,bat-footer-zonnic-top,bat-form,bat-form-block,bat-form-block-text,bat-form-field,bat-form-field-set,bat-form-field-tip,bat-form-messages,bat-form-msg,bat-form-step,bat-header,bat-header-account,bat-header-account-icon-label,bat-header-account-icon-label-auth,bat-header-account-link,bat-header-account-menu,bat-header-content,bat-header-fixed-spacer,bat-header-logo,bat-header-menu,bat-header-menu-button,bat-header-nav,bat-header-promo,bat-header-promo-link,bat-header-stores,bat-header-stores-link,bat-header-support,bat-header-support-link,bat-header-top,bat-header-utils,bat-header-wrapper,bat-headline,bat-headline-style,bat-headline-sub,bat-icon,bat-image,bat-language,bat-location,bat-message,bat-message-text,bat-messagebar,bat-minicart,bat-minicart-basket-total,bat-minicart-count,bat-minicart-empty-content,bat-minicart-empty-headline,bat-minicart-empty-icon,bat-minicart-empty-message,bat-minicart-subtotal-label,bat-minicart-subtotal-value,bat-minicart-total-items,bat-minicart-wrapper,bat-modal,bat-modal-close,bat-modal-content,bat-navigation,bat-navigation-group,bat-navigation-group-list,bat-navigation-group-list-item,bat-navigation-group-list-item-link,bat-page,bat-section,bat-section-content,bat-section-content-style,bat-section-modal,bat-section-style,bat-text,bat-wrapper,blog-wrapper-with-image,breadcrumb-description,button-dark,button-secondary-dark,consent-block,container-fluid,cq-dd-paragraph,cta-hide,cta-label,cta-logged-in-user,cta-logged-out-user,cta-show,current-page,d-align-right,d-block,d-lg-block,d-lg-none,d-md-block,d-md-none,d-none,d-sm-block,d-sm-none,d-xl-block,d-xl-none,display-address,error-msg,existing-user,existing-user-close,fa-plus,field-note,full-width,gallery-steel-grey-gradient,global-components,headline1-color1,headline2-color1,icon-center,icon-plus,icon-right,login-error-message,login-success-message,lookup-field,m-align-left,margin-medium,margin-none,margin-small,menu-title,newsletter-headline,newsletter-subheadline,padding-bottom-medium,padding-left-medium,padding-left-small,padding-right-medium,padding-right-small,padding-top-medium,padding-top-xsmall,page-theme,radio-input,radio-set,select-wrapper,submenu-content,text-right,to-login,toggle-visibility,what-is-zonnic,why-zonnic,your-address,your-details,zonnic-logo,zonnic-menu,zonnic-newsletter-modal
blog|https://www.zonnic.ca/ca/en/blog/world-no-tobacco-day|address-lookup-field,arrow-link-dark,at-element-marker,ava-nav-menu,background-cover,background-v-top,bat-agegate,bat-button,bat-card,bat-card-info,bat-cmp-contentfragmentcollection,bat-cta,bat-cta-style,bat-email-verification,bat-faq-default,bat-footer-bottom,bat-footer-payment-icons,bat-footer-social-nav,bat-footer-zonnic,bat-footer-zonnic-container,bat-footer-zonnic-copyright,bat-footer-zonnic-disclaimer,bat-footer-zonnic-label-page-breadcrumb,bat-footer-zonnic-logo,bat-footer-zonnic-logo-icon,bat-footer-zonnic-main,bat-footer-zonnic-nav,bat-footer-zonnic-nav-menu,bat-footer-zonnic-nav-menu-title,bat-footer-zonnic-submenu,bat-footer-zonnic-top,bat-form,bat-form-block,bat-form-block-text,bat-form-field,bat-form-field-set,bat-form-field-tip,bat-form-messages,bat-form-msg,bat-form-step,bat-header,bat-header-account,bat-header-account-icon-label,bat-header-account-icon-label-auth,bat-header-account-link,bat-header-account-menu,bat-header-content,bat-header-fixed-spacer,bat-header-logo,bat-header-menu,bat-header-menu-button,bat-header-nav,bat-header-promo,bat-header-promo-link,bat-header-stores,bat-header-stores-link,bat-header-support,bat-header-support-link,bat-header-top,bat-header-utils,bat-header-wrapper,bat-headline,bat-headline-style,bat-headline-sub,bat-icon,bat-image,bat-language,bat-location,bat-message,bat-message-text,bat-messagebar,bat-minicart,bat-minicart-basket-total,bat-minicart-count,bat-minicart-empty-content,bat-minicart-empty-headline,bat-minicart-empty-icon,bat-minicart-empty-message,bat-minicart-subtotal-label,bat-minicart-subtotal-value,bat-minicart-total-items,bat-minicart-wrapper,bat-modal,bat-modal-close,bat-modal-content,bat-navigation,bat-navigation-group,bat-navigation-group-list,bat-navigation-group-list-item,bat-navigation-group-list-item-link,bat-page,bat-section,bat-section-content,bat-section-content-style,bat-section-modal,bat-section-style,bat-text,bat-wrapper,blog-wrapper-with-image,breadcrumb-description,button-dark,button-secondary-dark,consent-block,container-fluid,cq-dd-paragraph,cta-hide,cta-label,cta-logged-in-user,cta-logged-out-user,cta-show,current-page,d-align-right,d-block,d-lg-block,d-lg-none,d-md-block,d-md-none,d-none,d-sm-block,d-sm-none,d-xl-block,d-xl-none,display-address,email-cant-verify,email-invalid,error-msg,existing-user,existing-user-close,fa-plus,field-note,full-width,gallery-steel-grey-gradient,global-components,headline1-color1,headline2-color1,icon-center,icon-plus,icon-right,login-error-message,login-success-message,lookup-field,m-align-left,margin-medium,margin-none,margin-small,menu-title,newsletter-headline,padding-bottom-medium,padding-left-medium,padding-left-small,padding-right-medium,padding-right-small,padding-top-medium,padding-top-xsmall,page-theme,radio-input,radio-set,select-wrapper,submenu-content,text-right,to-login,toggle-visibility,user-invalid,what-is-zonnic,why-zonnic,your-address,your-details,zonnic-logo,zonnic-menu,zonnic-newsletter-modal
blog|https://www.zonnic.ca/ca/fr/blog/where-can-i-get-zonnic|address-lookup-field,arrow-link-dark,at-element-marker,ava-nav-menu,background-cover,background-v-top,bat-agegate,bat-button,bat-card,bat-card-info,bat-cmp-contentfragmentcollection,bat-cta,bat-cta-style,bat-email-verification,bat-faq-default,bat-footer-bottom,bat-footer-payment-icons,bat-footer-social-nav,bat-footer-zonnic,bat-footer-zonnic-container,bat-footer-zonnic-copyright,bat-footer-zonnic-disclaimer,bat-footer-zonnic-label-page-breadcrumb,bat-footer-zonnic-logo,bat-footer-zonnic-logo-icon,bat-footer-zonnic-main,bat-footer-zonnic-nav,bat-footer-zonnic-nav-menu,bat-footer-zonnic-nav-menu-title,bat-footer-zonnic-submenu,bat-footer-zonnic-top,bat-form,bat-form-block,bat-form-block-text,bat-form-field,bat-form-field-set,bat-form-field-tip,bat-form-messages,bat-form-msg,bat-form-step,bat-header,bat-header-account,bat-header-account-icon-label,bat-header-account-icon-label-auth,bat-header-account-link,bat-header-account-menu,bat-header-content,bat-header-fixed-spacer,bat-header-logo,bat-header-menu,bat-header-menu-button,bat-header-nav,bat-header-promo,bat-header-promo-link,bat-header-stores,bat-header-stores-link,bat-header-support,bat-header-support-link,bat-header-top,bat-header-utils,bat-header-wrapper,bat-headline,bat-headline-style,bat-headline-sub,bat-icon,bat-image,bat-language,bat-location,bat-message,bat-message-text,bat-messagebar,bat-minicart,bat-minicart-basket-total,bat-minicart-count,bat-minicart-empty-content,bat-minicart-empty-headline,bat-minicart-empty-icon,bat-minicart-empty-message,bat-minicart-subtotal-label,bat-minicart-subtotal-value,bat-minicart-total-items,bat-minicart-wrapper,bat-modal,bat-modal-close,bat-modal-content,bat-navigation,bat-navigation-group,bat-navigation-group-list,bat-navigation-group-list-item,bat-navigation-group-list-item-link,bat-page,bat-section,bat-section-content,bat-section-content-style,bat-section-modal,bat-section-style,bat-text,bat-wrapper,blog-wrapper-with-image,breadcrumb-description,button-dark,button-secondary-dark,consent-block,container-fluid,cq-dd-paragraph,cta-hide,cta-label,cta-logged-in-user,cta-logged-out-user,cta-show,current-page,d-align-right,d-block,d-lg-block,d-lg-none,d-md-block,d-md-none,d-none,d-sm-block,d-sm-none,d-xl-block,d-xl-none,display-address,error-msg,existing-user,existing-user-close,fa-plus,field-note,full-width,gallery-steel-grey-gradient,global-components,headline1-color1,headline2-color1,icon-center,icon-plus,icon-right,login-error-message,login-success-message,lookup-field,m-align-left,margin-medium,margin-none,margin-small,menu-title,newsletter-headline,newsletter-subheadline,padding-bottom-medium,padding-left-medium,padding-left-small,padding-right-medium,padding-right-small,padding-top-medium,padding-top-xsmall,page-theme,radio-input,radio-set,select-wrapper,submenu-content,text-right,to-login,toggle-visibility,what-is-zonnic,why-zonnic,your-address,your-details,zonnic-logo,zonnic-menu,zonnic-newsletter-modal
blog|https://www.zonnic.ca/ca/en/blog|address-lookup-field,arrow-link-dark,at-element-marker,ava-nav-menu,background-cover,background-v-top,bat-agegate,bat-button,bat-card,bat-cta,bat-cta-style,bat-email-verification,bat-footer-bottom,bat-footer-payment-icons,bat-footer-social-nav,bat-footer-zonnic,bat-footer-zonnic-container,bat-footer-zonnic-copyright,bat-footer-zonnic-disclaimer,bat-footer-zonnic-label-page-breadcrumb,bat-footer-zonnic-logo,bat-footer-zonnic-logo-icon,bat-footer-zonnic-main,bat-footer-zonnic-nav,bat-footer-zonnic-nav-menu,bat-footer-zonnic-nav-menu-title,bat-footer-zonnic-submenu,bat-footer-zonnic-top,bat-form,bat-form-block,bat-form-block-text,bat-form-field,bat-form-field-set,bat-form-field-tip,bat-form-messages,bat-form-msg,bat-form-step,bat-header,bat-header-account,bat-header-account-icon-label,bat-header-account-icon-label-auth,bat-header-account-link,bat-header-account-menu,bat-header-content,bat-header-fixed-spacer,bat-header-logo,bat-header-menu,bat-header-menu-button,bat-header-nav,bat-header-promo,bat-header-promo-link,bat-header-stores,bat-header-stores-link,bat-header-support,bat-header-support-link,bat-header-top,bat-header-utils,bat-header-wrapper,bat-headline,bat-headline-style,bat-hero-zonnic,bat-icon,bat-image,bat-language,bat-location,bat-message,bat-message-text,bat-messagebar,bat-minicart,bat-minicart-basket-total,bat-minicart-count,bat-minicart-empty-content,bat-minicart-empty-headline,bat-minicart-empty-icon,bat-minicart-empty-message,bat-minicart-subtotal-label,bat-minicart-subtotal-value,bat-minicart-total-items,bat-minicart-wrapper,bat-modal,bat-modal-close,bat-modal-content,bat-navigation,bat-navigation-group,bat-navigation-group-list,bat-navigation-group-list-item,bat-navigation-group-list-item-link,bat-page,bat-section,bat-section-content,bat-section-content-style,bat-section-modal,bat-section-style,bat-text,bat-wrapper,breadcrumb-description,button-dark,button-secondary-dark,consent-block,container-fluid,cq-dd-paragraph,cta-hide,cta-label,cta-logged-in-user,cta-logged-out-user,cta-show,current-page,d-align-right,d-block,d-lg-block,d-lg-none,d-md-block,d-md-none,d-none,d-sm-block,d-sm-none,d-xl-block,d-xl-none,display-address,email-cant-verify,email-invalid,embedded-messaging,error-msg,existing-user,existing-user-close,field-note,full-width,gallery-steel-grey-gradient,global-components,headline1-large,icon-plus,login-error-message,login-success-message,lookup-field,m-align-left,margin-none,margin-small,menu-title,newsletter-headline,padding-bottom-large,padding-bottom-medium,padding-left-large,padding-left-medium,padding-left-small,padding-right-large,padding-right-medium,padding-right-small,padding-top-large,padding-top-medium,padding-top-small,padding-top-xsmall,page-theme,radio-input,radio-set,select-wrapper,submenu-content,to-login,toggle-visibility,user-invalid,what-is-zonnic,why-zonnic,your-address,your-details,zonnic-logo,zonnic-menu,zonnic-newsletter-modal
blog|https://www.zonnic.ca/ca/en/blog/first-step-towards-a-healthier-life|address-lookup-field,arrow-link-dark,at-element-marker,ava-nav-menu,background-cover,background-v-top,bat-agegate,bat-button,bat-card,bat-cta,bat-cta-style,bat-email-verification,bat-footer-bottom,bat-footer-payment-icons,bat-footer-social-nav,bat-footer-zonnic,bat-footer-zonnic-container,bat-footer-zonnic-copyright,bat-footer-zonnic-disclaimer,bat-footer-zonnic-label-page-breadcrumb,bat-footer-zonnic-logo,bat-footer-zonnic-logo-icon,bat-footer-zonnic-main,bat-footer-zonnic-nav,bat-footer-zonnic-nav-menu,bat-footer-zonnic-nav-menu-title,bat-footer-zonnic-submenu,bat-footer-zonnic-top,bat-form,bat-form-block,bat-form-block-text,bat-form-field,bat-form-field-set,bat-form-field-tip,bat-form-messages,bat-form-msg,bat-form-step,bat-header,bat-header-account,bat-header-account-icon-label,bat-header-account-icon-label-auth,bat-header-account-link,bat-header-account-menu,bat-header-content,bat-header-fixed-spacer,bat-header-logo,bat-header-menu,bat-header-menu-button,bat-header-nav,bat-header-promo,bat-header-promo-link,bat-header-stores,bat-header-stores-link,bat-header-support,bat-header-support-link,bat-header-top,bat-header-utils,bat-header-wrapper,bat-headline,bat-headline-style,bat-headline-sub,bat-icon,bat-image,bat-language,bat-location,bat-message,bat-message-text,bat-messagebar,bat-minicart,bat-minicart-basket-total,bat-minicart-count,bat-minicart-empty-content,bat-minicart-empty-headline,bat-minicart-empty-icon,bat-minicart-empty-message,bat-minicart-subtotal-label,bat-minicart-subtotal-value,bat-minicart-total-items,bat-minicart-wrapper,bat-modal,bat-modal-close,bat-modal-content,bat-navigation,bat-navigation-group,bat-navigation-group-list,bat-navigation-group-list-item,bat-navigation-group-list-item-link,bat-page,bat-section,bat-section-content,bat-section-content-style,bat-section-modal,bat-section-style,bat-text,bat-wrapper,blog-wrapper-with-image,breadcrumb-description,button-dark,button-secondary-dark,consent-block,container-fluid,cq-dd-paragraph,cta-hide,cta-label,cta-logged-in-user,cta-logged-out-user,cta-show,current-page,d-align-right,d-block,d-lg-block,d-lg-none,d-md-block,d-md-none,d-none,d-sm-block,d-sm-none,d-xl-block,d-xl-none,display-address,email-cant-verify,email-invalid,error-msg,existing-user,existing-user-close,field-note,full-width,gallery-steel-grey-gradient,global-components,headline1-color1,headline2-color1,icon-plus,icon-right,login-error-message,login-success-message,lookup-field,m-align-left,margin-medium,margin-none,margin-small,menu-title,newsletter-headline,padding-bottom-medium,padding-left-medium,padding-left-small,padding-right-medium,padding-right-small,padding-top-medium,page-theme,radio-input,radio-set,select-wrapper,submenu-content,text-right,to-login,toggle-visibility,user-invalid,what-is-zonnic,why-zonnic,your-address,your-details,zonnic-logo,zonnic-menu,zonnic-newsletter-modal
blog|https://www.zonnic.ca/ca/fr/blog/maintain-your-nicotine-pouches|address-lookup-field,arrow-link-dark,at-element-marker,ava-nav-menu,background-cover,background-v-top,bat-agegate,bat-button,bat-card,bat-card-info,bat-cmp-contentfragmentcollection,bat-cta,bat-cta-style,bat-email-verification,bat-faq-default,bat-footer-bottom,bat-footer-payment-icons,bat-footer-social-nav,bat-footer-zonnic,bat-footer-zonnic-container,bat-footer-zonnic-copyright,bat-footer-zonnic-disclaimer,bat-footer-zonnic-label-page-breadcrumb,bat-footer-zonnic-logo,bat-footer-zonnic-logo-icon,bat-footer-zonnic-main,bat-footer-zonnic-nav,bat-footer-zonnic-nav-menu,bat-footer-zonnic-nav-menu-title,bat-footer-zonnic-submenu,bat-footer-zonnic-top,bat-form,bat-form-block,bat-form-block-text,bat-form-field,bat-form-field-set,bat-form-field-tip,bat-form-messages,bat-form-msg,bat-form-step,bat-header,bat-header-account,bat-header-account-icon-label,bat-header-account-icon-label-auth,bat-header-account-link,bat-header-account-menu,bat-header-content,bat-header-fixed-spacer,bat-header-logo,bat-header-menu,bat-header-menu-button,bat-header-nav,bat-header-promo,bat-header-promo-link,bat-header-stores,bat-header-stores-link,bat-header-support,bat-header-support-link,bat-header-top,bat-header-utils,bat-header-wrapper,bat-headline,bat-headline-style,bat-headline-sub,bat-icon,bat-image,bat-language,bat-location,bat-message,bat-message-text,bat-messagebar,bat-minicart,bat-minicart-basket-total,bat-minicart-count,bat-minicart-empty-content,bat-minicart-empty-headline,bat-minicart-empty-icon,bat-minicart-empty-message,bat-minicart-subtotal-label,bat-minicart-subtotal-value,bat-minicart-total-items,bat-minicart-wrapper,bat-modal,bat-modal-close,bat-modal-content,bat-navigation,bat-navigation-group,bat-navigation-group-list,bat-navigation-group-list-item,bat-navigation-group-list-item-link,bat-page,bat-section,bat-section-content,bat-section-content-style,bat-section-modal,bat-section-style,bat-text,bat-wrapper,blog-wrapper-with-image,breadcrumb-description,button-dark,button-secondary-dark,consent-block,container-fluid,cq-dd-paragraph,cta-hide,cta-label,cta-logged-in-user,cta-logged-out-user,cta-show,current-page,d-align-right,d-block,d-lg-block,d-lg-none,d-md-block,d-md-none,d-none,d-sm-block,d-sm-none,d-xl-block,d-xl-none,display-address,error-msg,existing-user,existing-user-close,fa-plus,field-note,full-width,gallery-steel-grey-gradient,global-components,headline1-color1,headline2-color1,icon-center,icon-plus,icon-right,login-error-message,login-success-message,lookup-field,m-align-left,margin-medium,margin-none,margin-small,menu-title,newsletter-headline,newsletter-subheadline,padding-bottom-medium,padding-left-medium,padding-left-small,padding-right-medium,padding-right-small,padding-top-medium,padding-top-xsmall,page-theme,radio-input,radio-set,select-wrapper,submenu-content,text-right,to-login,toggle-visibility,what-is-zonnic,why-zonnic,your-address,your-details,zonnic-logo,zonnic-menu,zonnic-newsletter-modal
blog|https://www.zonnic.ca/ca/fr/blog/real-stories-quit-smoking|address-lookup-field,arrow-link-dark,at-element-marker,ava-nav-menu,background-cover,background-v-top,bat-agegate,bat-button,bat-card,bat-card-info,bat-cmp-contentfragmentcollection,bat-cta,bat-cta-style,bat-email-verification,bat-faq-default,bat-footer-bottom,bat-footer-payment-icons,bat-footer-social-nav,bat-footer-zonnic,bat-footer-zonnic-container,bat-footer-zonnic-copyright,bat-footer-zonnic-disclaimer,bat-footer-zonnic-label-page-breadcrumb,bat-footer-zonnic-logo,bat-footer-zonnic-logo-icon,bat-footer-zonnic-main,bat-footer-zonnic-nav,bat-footer-zonnic-nav-menu,bat-footer-zonnic-nav-menu-title,bat-footer-zonnic-submenu,bat-footer-zonnic-top,bat-form,bat-form-block,bat-form-block-text,bat-form-field,bat-form-field-set,bat-form-field-tip,bat-form-messages,bat-form-msg,bat-form-step,bat-header,bat-header-account,bat-header-account-icon-label,bat-header-account-icon-label-auth,bat-header-account-link,bat-header-account-menu,bat-header-content,bat-header-fixed-spacer,bat-header-logo,bat-header-menu,bat-header-menu-button,bat-header-nav,bat-header-promo,bat-header-promo-link,bat-header-stores,bat-header-stores-link,bat-header-support,bat-header-support-link,bat-header-top,bat-header-utils,bat-header-wrapper,bat-headline,bat-headline-style,bat-headline-sub,bat-icon,bat-image,bat-language,bat-location,bat-message,bat-message-text,bat-messagebar,bat-minicart,bat-minicart-basket-total,bat-minicart-count,bat-minicart-empty-content,bat-minicart-empty-headline,bat-minicart-empty-icon,bat-minicart-empty-message,bat-minicart-subtotal-label,bat-minicart-subtotal-value,bat-minicart-total-items,bat-minicart-wrapper,bat-modal,bat-modal-close,bat-modal-content,bat-navigation,bat-navigation-group,bat-navigation-group-list,bat-navigation-group-list-item,bat-navigation-group-list-item-link,bat-page,bat-section,bat-section-content,bat-section-content-style,bat-section-modal,bat-section-style,bat-text,bat-wrapper,blog-wrapper-with-image,breadcrumb-description,button-dark,button-secondary-dark,consent-block,container-fluid,cq-dd-paragraph,cta-hide,cta-label,cta-logged-in-user,cta-logged-out-user,cta-show,current-page,d-align-right,d-block,d-lg-block,d-lg-none,d-md-block,d-md-none,d-none,d-sm-block,d-sm-none,d-xl-block,d-xl-none,display-address,error-msg,existing-user,existing-user-close,fa-plus,field-note,full-width,gallery-steel-grey-gradient,global-components,headline1-color1,headline2-color1,icon-center,icon-plus,icon-right,login-error-message,login-success-message,lookup-field,m-align-left,margin-medium,margin-none,margin-small,menu-title,newsletter-headline,newsletter-subheadline,padding-bottom-medium,padding-left-medium,padding-left-small,padding-right-medium,padding-right-small,padding-top-medium,padding-top-small,padding-top-xsmall,page-theme,radio-input,radio-set,select-wrapper,submenu-content,text-right,to-login,toggle-visibility,what-is-zonnic,why-zonnic,your-address,your-details,zonnic-logo,zonnic-menu,zonnic-newsletter-modal
blog|https://www.zonnic.ca/ca/en/blog/nicotine-terms-glossary|address-lookup-field,arrow-link-dark,at-element-marker,ava-nav-menu,background-cover,background-v-top,bat-agegate,bat-button,bat-card,bat-card-info,bat-cmp-contentfragmentcollection,bat-cta,bat-cta-style,bat-email-verification,bat-faq-default,bat-footer-bottom,bat-footer-payment-icons,bat-footer-social-nav,bat-footer-zonnic,bat-footer-zonnic-container,bat-footer-zonnic-copyright,bat-footer-zonnic-disclaimer,bat-footer-zonnic-label-page-breadcrumb,bat-footer-zonnic-logo,bat-footer-zonnic-logo-icon,bat-footer-zonnic-main,bat-footer-zonnic-nav,bat-footer-zonnic-nav-menu,bat-footer-zonnic-nav-menu-title,bat-footer-zonnic-submenu,bat-footer-zonnic-top,bat-form,bat-form-block,bat-form-block-text,bat-form-field,bat-form-field-set,bat-form-field-tip,bat-form-messages,bat-form-msg,bat-form-step,bat-header,bat-header-account,bat-header-account-icon-label,bat-header-account-icon-label-auth,bat-header-account-link,bat-header-account-menu,bat-header-content,bat-header-fixed-spacer,bat-header-logo,bat-header-menu,bat-header-menu-button,bat-header-nav,bat-header-promo,bat-header-promo-link,bat-header-stores,bat-header-stores-link,bat-header-support,bat-header-support-link,bat-header-top,bat-header-utils,bat-header-wrapper,bat-headline,bat-headline-style,bat-headline-sub,bat-icon,bat-image,bat-language,bat-location,bat-message,bat-message-text,bat-messagebar,bat-minicart,bat-minicart-basket-total,bat-minicart-count,bat-minicart-empty-content,bat-minicart-empty-headline,bat-minicart-empty-icon,bat-minicart-empty-message,bat-minicart-subtotal-label,bat-minicart-subtotal-value,bat-minicart-total-items,bat-minicart-wrapper,bat-modal,bat-modal-close,bat-modal-content,bat-navigation,bat-navigation-group,bat-navigation-group-list,bat-navigation-group-list-item,bat-navigation-group-list-item-link,bat-page,bat-section,bat-section-content,bat-section-content-style,bat-section-modal,bat-section-style,bat-text,bat-wrapper,blog-wrapper-with-image,breadcrumb-description,button-dark,button-secondary-dark,consent-block,container-fluid,cq-dd-paragraph,cta-hide,cta-label,cta-logged-in-user,cta-logged-out-user,cta-show,current-page,d-align-right,d-block,d-lg-block,d-lg-none,d-md-block,d-md-none,d-none,d-sm-block,d-sm-none,d-xl-block,d-xl-none,display-address,email-cant-verify,email-invalid,error-msg,existing-user,existing-user-close,fa-plus,field-note,full-width,gallery-steel-grey-gradient,global-components,headline1-color1,headline2-color1,icon-center,icon-plus,icon-right,login-error-message,login-success-message,lookup-field,m-align-left,margin-large,margin-medium,margin-none,margin-small,menu-title,newsletter-headline,padding-bottom-medium,padding-left-medium,padding-left-small,padding-right-medium,padding-right-small,padding-top-medium,padding-top-xsmall,page-theme,radio-input,radio-set,select-wrapper,submenu-content,text-right,to-login,toggle-visibility,user-invalid,what-is-zonnic,why-zonnic,your-address,your-details,zonnic-logo,zonnic-menu,zonnic-newsletter-modal
blog|https://www.zonnic.ca/ca/fr/blog/first-step-towards-a-healthier-life|address-lookup-field,arrow-link-dark,at-element-marker,ava-nav-menu,background-cover,background-v-top,bat-agegate,bat-button,bat-card,bat-cta,bat-cta-style,bat-email-verification,bat-footer-bottom,bat-footer-payment-icons,bat-footer-social-nav,bat-footer-zonnic,bat-footer-zonnic-container,bat-footer-zonnic-copyright,bat-footer-zonnic-disclaimer,bat-footer-zonnic-label-page-breadcrumb,bat-footer-zonnic-logo,bat-footer-zonnic-logo-icon,bat-footer-zonnic-main,bat-footer-zonnic-nav,bat-footer-zonnic-nav-menu,bat-footer-zonnic-nav-menu-title,bat-footer-zonnic-submenu,bat-footer-zonnic-top,bat-form,bat-form-block,bat-form-block-text,bat-form-field,bat-form-field-set,bat-form-field-tip,bat-form-messages,bat-form-msg,bat-form-step,bat-header,bat-header-account,bat-header-account-icon-label,bat-header-account-icon-label-auth,bat-header-account-link,bat-header-account-menu,bat-header-content,bat-header-fixed-spacer,bat-header-logo,bat-header-menu,bat-header-menu-button,bat-header-nav,bat-header-promo,bat-header-promo-link,bat-header-stores,bat-header-stores-link,bat-header-support,bat-header-support-link,bat-header-top,bat-header-utils,bat-header-wrapper,bat-headline,bat-headline-style,bat-headline-sub,bat-icon,bat-image,bat-language,bat-location,bat-message,bat-message-text,bat-messagebar,bat-minicart,bat-minicart-basket-total,bat-minicart-count,bat-minicart-empty-content,bat-minicart-empty-headline,bat-minicart-empty-icon,bat-minicart-empty-message,bat-minicart-subtotal-label,bat-minicart-subtotal-value,bat-minicart-total-items,bat-minicart-wrapper,bat-modal,bat-modal-close,bat-modal-content,bat-navigation,bat-navigation-group,bat-navigation-group-list,bat-navigation-group-list-item,bat-navigation-group-list-item-link,bat-page,bat-section,bat-section-content,bat-section-content-style,bat-section-modal,bat-section-style,bat-text,bat-wrapper,blog-wrapper-with-image,breadcrumb-description,button-dark,button-secondary-dark,consent-block,container-fluid,cq-dd-paragraph,cta-hide,cta-label,cta-logged-in-user,cta-logged-out-user,cta-show,current-page,d-align-right,d-block,d-lg-block,d-lg-none,d-md-block,d-md-none,d-none,d-sm-block,d-sm-none,d-xl-block,d-xl-none,display-address,error-msg,existing-user,existing-user-close,field-note,full-width,gallery-steel-grey-gradient,global-components,headline1-color1,headline2-color1,icon-plus,icon-right,login-error-message,login-success-message,lookup-field,m-align-left,margin-medium,margin-none,margin-small,menu-title,newsletter-headline,newsletter-subheadline,padding-bottom-medium,padding-left-medium,padding-left-small,padding-right-medium,padding-right-small,padding-top-medium,page-theme,radio-input,radio-set,select-wrapper,submenu-content,text-right,to-login,toggle-visibility,what-is-zonnic,why-zonnic,your-address,your-details,zonnic-logo,zonnic-menu,zonnic-newsletter-modal
blog|https://www.zonnic.ca/ca/en/blog/difference-between-nicotine-pouches-and-snus|address-lookup-field,arrow-link-dark,at-element-marker,ava-nav-menu,background-cover,background-v-top,bat-agegate,bat-button,bat-card,bat-card-info,bat-cmp-contentfragmentcollection,bat-cta,bat-cta-style,bat-email-verification,bat-faq-default,bat-footer-bottom,bat-footer-payment-icons,bat-footer-social-nav,bat-footer-zonnic,bat-footer-zonnic-container,bat-footer-zonnic-copyright,bat-footer-zonnic-disclaimer,bat-footer-zonnic-label-page-breadcrumb,bat-footer-zonnic-logo,bat-footer-zonnic-logo-icon,bat-footer-zonnic-main,bat-footer-zonnic-nav,bat-footer-zonnic-nav-menu,bat-footer-zonnic-nav-menu-title,bat-footer-zonnic-submenu,bat-footer-zonnic-top,bat-form,bat-form-block,bat-form-block-text,bat-form-field,bat-form-field-set,bat-form-field-tip,bat-form-messages,bat-form-msg,bat-form-step,bat-header,bat-header-account,bat-header-account-icon-label,bat-header-account-icon-label-auth,bat-header-account-link,bat-header-account-menu,bat-header-content,bat-header-fixed-spacer,bat-header-logo,bat-header-menu,bat-header-menu-button,bat-header-nav,bat-header-promo,bat-header-promo-link,bat-header-stores,bat-header-stores-link,bat-header-support,bat-header-support-link,bat-header-top,bat-header-utils,bat-header-wrapper,bat-headline,bat-headline-style,bat-headline-sub,bat-icon,bat-image,bat-language,bat-location,bat-message,bat-message-text,bat-messagebar,bat-minicart,bat-minicart-basket-total,bat-minicart-count,bat-minicart-empty-content,bat-minicart-empty-headline,bat-minicart-empty-icon,bat-minicart-empty-message,bat-minicart-subtotal-label,bat-minicart-subtotal-value,bat-minicart-total-items,bat-minicart-wrapper,bat-modal,bat-modal-close,bat-modal-content,bat-navigation,bat-navigation-group,bat-navigation-group-list,bat-navigation-group-list-item,bat-navigation-group-list-item-link,bat-page,bat-section,bat-section-content,bat-section-content-style,bat-section-modal,bat-section-style,bat-text,bat-wrapper,blog-wrapper-with-image,breadcrumb-description,button-dark,button-secondary-dark,consent-block,container-fluid,cq-dd-paragraph,cta-hide,cta-label,cta-logged-in-user,cta-logged-out-user,cta-show,current-page,d-align-right,d-block,d-lg-block,d-lg-none,d-md-block,d-md-none,d-none,d-sm-block,d-sm-none,d-xl-block,d-xl-none,display-address,email-cant-verify,email-invalid,error-msg,existing-user,existing-user-close,fa-plus,field-note,full-width,gallery-steel-grey-gradient,global-components,headline1-color1,headline2-color1,icon-center,icon-plus,icon-right,login-error-message,login-success-message,lookup-field,m-align-left,margin-large,margin-medium,margin-none,margin-small,menu-title,newsletter-headline,padding-bottom-medium,padding-left-medium,padding-left-small,padding-right-medium,padding-right-small,padding-top-medium,padding-top-xsmall,page-theme,radio-input,radio-set,select-wrapper,submenu-content,text-right,to-login,toggle-visibility,user-invalid,what-is-zonnic,why-zonnic,your-address,your-details,zonnic-logo,zonnic-menu,zonnic-newsletter-modal
blog|https://www.zonnic.ca/ca/fr/blog/what-are-nicotine-pouches|address-lookup-field,arrow-link-dark,at-element-marker,ava-nav-menu,background-cover,background-v-top,bat-agegate,bat-button,bat-card,bat-card-info,bat-cmp-contentfragmentcollection,bat-cta,bat-cta-style,bat-email-verification,bat-faq-default,bat-footer-bottom,bat-footer-payment-icons,bat-footer-social-nav,bat-footer-zonnic,bat-footer-zonnic-container,bat-footer-zonnic-copyright,bat-footer-zonnic-disclaimer,bat-footer-zonnic-label-page-breadcrumb,bat-footer-zonnic-logo,bat-footer-zonnic-logo-icon,bat-footer-zonnic-main,bat-footer-zonnic-nav,bat-footer-zonnic-nav-menu,bat-footer-zonnic-nav-menu-title,bat-footer-zonnic-submenu,bat-footer-zonnic-top,bat-form,bat-form-block,bat-form-block-text,bat-form-field,bat-form-field-set,bat-form-field-tip,bat-form-messages,bat-form-msg,bat-form-step,bat-header,bat-header-account,bat-header-account-icon-label,bat-header-account-icon-label-auth,bat-header-account-link,bat-header-account-menu,bat-header-content,bat-header-fixed-spacer,bat-header-logo,bat-header-menu,bat-header-menu-button,bat-header-nav,bat-header-promo,bat-header-promo-link,bat-header-stores,bat-header-stores-link,bat-header-support,bat-header-support-link,bat-header-top,bat-header-utils,bat-header-wrapper,bat-headline,bat-headline-style,bat-headline-sub,bat-icon,bat-image,bat-language,bat-location,bat-message,bat-message-text,bat-messagebar,bat-minicart,bat-minicart-basket-total,bat-minicart-count,bat-minicart-empty-content,bat-minicart-empty-headline,bat-minicart-empty-icon,bat-minicart-empty-message,bat-minicart-subtotal-label,bat-minicart-subtotal-value,bat-minicart-total-items,bat-minicart-wrapper,bat-modal,bat-modal-close,bat-modal-content,bat-navigation,bat-navigation-group,bat-navigation-group-list,bat-navigation-group-list-item,bat-navigation-group-list-item-link,bat-page,bat-section,bat-section-content,bat-section-content-style,bat-section-modal,bat-section-style,bat-text,bat-wrapper,blog-wrapper-with-image,breadcrumb-description,button-dark,button-secondary-dark,consent-block,container-fluid,cq-dd-paragraph,cta-hide,cta-label,cta-logged-in-user,cta-logged-out-user,cta-show,current-page,d-align-right,d-block,d-lg-block,d-lg-none,d-md-block,d-md-none,d-none,d-sm-block,d-sm-none,d-xl-block,d-xl-none,display-address,error-msg,existing-user,existing-user-close,fa-plus,field-note,full-width,gallery-steel-grey-gradient,global-components,headline1-color1,headline2-color1,icon-center,icon-plus,icon-right,login-error-message,login-success-message,lookup-field,m-align-left,margin-medium,margin-none,margin-small,menu-title,newsletter-headline,newsletter-subheadline,padding-bottom-medium,padding-left-medium,padding-left-small,padding-right-medium,padding-right-small,padding-top-medium,padding-top-xsmall,page-theme,radio-input,radio-set,select-wrapper,submenu-content,text-right,to-login,toggle-visibility,what-is-zonnic,why-zonnic,your-address,your-details,zonnic-logo,zonnic-menu,zonnic-newsletter-modal
blog|https://www.zonnic.ca/ca/fr/blog/cutting-out-smoking-completely|address-lookup-field,arrow-link-dark,at-element-marker,ava-nav-menu,background-cover,background-v-top,bat-agegate,bat-button,bat-card,bat-cta,bat-cta-style,bat-email-verification,bat-footer-bottom,bat-footer-payment-icons,bat-footer-social-nav,bat-footer-zonnic,bat-footer-zonnic-container,bat-footer-zonnic-copyright,bat-footer-zonnic-disclaimer,bat-footer-zonnic-label-page-breadcrumb,bat-footer-zonnic-logo,bat-footer-zonnic-logo-icon,bat-footer-zonnic-main,bat-footer-zonnic-nav,bat-footer-zonnic-nav-menu,bat-footer-zonnic-nav-menu-title,bat-footer-zonnic-submenu,bat-footer-zonnic-top,bat-form,bat-form-block,bat-form-block-text,bat-form-field,bat-form-field-set,bat-form-field-tip,bat-form-messages,bat-form-msg,bat-form-step,bat-header,bat-header-account,bat-header-account-icon-label,bat-header-account-icon-label-auth,bat-header-account-link,bat-header-account-menu,bat-header-content,bat-header-fixed-spacer,bat-header-logo,bat-header-menu,bat-header-menu-button,bat-header-nav,bat-header-promo,bat-header-promo-link,bat-header-stores,bat-header-stores-link,bat-header-support,bat-header-support-link,bat-header-top,bat-header-utils,bat-header-wrapper,bat-headline,bat-headline-style,bat-headline-sub,bat-icon,bat-image,bat-language,bat-location,bat-message,bat-message-text,bat-messagebar,bat-minicart,bat-minicart-basket-total,bat-minicart-count,bat-minicart-empty-content,bat-minicart-empty-headline,bat-minicart-empty-icon,bat-minicart-empty-message,bat-minicart-subtotal-label,bat-minicart-subtotal-value,bat-minicart-total-items,bat-minicart-wrapper,bat-modal,bat-modal-close,bat-modal-content,bat-navigation,bat-navigation-group,bat-navigation-group-list,bat-navigation-group-list-item,bat-navigation-group-list-item-link,bat-page,bat-section,bat-section-content,bat-section-content-style,bat-section-modal,bat-section-style,bat-text,bat-wrapper,blog-wrapper-with-image,breadcrumb-description,button-dark,button-secondary-dark,consent-block,container-fluid,cq-dd-paragraph,cta-hide,cta-label,cta-logged-in-user,cta-logged-out-user,cta-show,current-page,d-align-right,d-block,d-lg-block,d-lg-none,d-md-block,d-md-none,d-none,d-sm-block,d-sm-none,d-xl-block,d-xl-none,display-address,error-msg,existing-user,existing-user-close,field-note,full-width,gallery-steel-grey-gradient,global-components,headline1-color1,headline2-color1,icon-plus,icon-right,login-error-message,login-success-message,lookup-field,m-align-left,margin-medium,margin-none,margin-small,menu-title,newsletter-headline,newsletter-subheadline,padding-bottom-medium,padding-left-medium,padding-left-small,padding-right-medium,padding-right-small,padding-top-medium,page-theme,radio-input,radio-set,rte-temp,select-wrapper,submenu-content,text-right,to-login,toggle-visibility,what-is-zonnic,why-zonnic,your-address,your-details,zonnic-logo,zonnic-menu,zonnic-newsletter-modal
blog|https://www.zonnic.ca/ca/en/blog/complete-guide-to-nicotine-pouches|address-lookup-field,arrow-link-dark,at-element-marker,ava-nav-menu,background-cover,background-v-top,bat-agegate,bat-button,bat-card,bat-card-info,bat-cmp-contentfragmentcollection,bat-cta,bat-cta-style,bat-email-verification,bat-faq-default,bat-footer-bottom,bat-footer-payment-icons,bat-footer-social-nav,bat-footer-zonnic,bat-footer-zonnic-container,bat-footer-zonnic-copyright,bat-footer-zonnic-disclaimer,bat-footer-zonnic-label-page-breadcrumb,bat-footer-zonnic-logo,bat-footer-zonnic-logo-icon,bat-footer-zonnic-main,bat-footer-zonnic-nav,bat-footer-zonnic-nav-menu,bat-footer-zonnic-nav-menu-title,bat-footer-zonnic-submenu,bat-footer-zonnic-top,bat-form,bat-form-block,bat-form-block-text,bat-form-field,bat-form-field-set,bat-form-field-tip,bat-form-messages,bat-form-msg,bat-form-step,bat-header,bat-header-account,bat-header-account-icon-label,bat-header-account-icon-label-auth,bat-header-account-link,bat-header-account-menu,bat-header-content,bat-header-fixed-spacer,bat-header-logo,bat-header-menu,bat-header-menu-button,bat-header-nav,bat-header-promo,bat-header-promo-link,bat-header-stores,bat-header-stores-link,bat-header-support,bat-header-support-link,bat-header-top,bat-header-utils,bat-header-wrapper,bat-headline,bat-headline-style,bat-headline-sub,bat-icon,bat-image,bat-language,bat-location,bat-message,bat-message-text,bat-messagebar,bat-minicart,bat-minicart-basket-total,bat-minicart-count,bat-minicart-empty-content,bat-minicart-empty-headline,bat-minicart-empty-icon,bat-minicart-empty-message,bat-minicart-subtotal-label,bat-minicart-subtotal-value,bat-minicart-total-items,bat-minicart-wrapper,bat-modal,bat-modal-close,bat-modal-content,bat-navigation,bat-navigation-group,bat-navigation-group-list,bat-navigation-group-list-item,bat-navigation-group-list-item-link,bat-page,bat-section,bat-section-content,bat-section-content-style,bat-section-modal,bat-section-style,bat-text,bat-wrapper,blog-wrapper-with-image,breadcrumb-description,button-dark,button-secondary-dark,consent-block,container-fluid,cq-dd-paragraph,cta-hide,cta-label,cta-logged-in-user,cta-logged-out-user,cta-show,current-page,d-align-right,d-block,d-lg-block,d-lg-none,d-md-block,d-md-none,d-none,d-sm-block,d-sm-none,d-xl-block,d-xl-none,display-address,email-cant-verify,email-invalid,error-msg,existing-user,existing-user-close,fa-plus,field-note,full-width,gallery-steel-grey-gradient,global-components,headline1-color1,headline2-color1,icon-center,icon-plus,icon-right,login-error-message,login-success-message,lookup-field,m-align-left,margin-medium,margin-none,margin-small,menu-title,newsletter-headline,padding-bottom-medium,padding-left-medium,padding-left-small,padding-right-medium,padding-right-small,padding-top-medium,padding-top-xsmall,page-theme,radio-input,radio-set,select-wrapper,submenu-content,text-right,to-login,toggle-visibility,user-invalid,what-is-zonnic,why-zonnic,your-address,your-details,zonnic-logo,zonnic-menu,zonnic-newsletter-modal
blog|https://www.zonnic.ca/ca/en/blog/canada-day-2025|address-lookup-field,arrow-link-dark,at-element-marker,ava-nav-menu,background-cover,background-v-top,bat-agegate,bat-button,bat-card,bat-card-info,bat-cmp-contentfragmentcollection,bat-cta,bat-cta-style,bat-email-verification,bat-faq-default,bat-footer-bottom,bat-footer-payment-icons,bat-footer-social-nav,bat-footer-zonnic,bat-footer-zonnic-container,bat-footer-zonnic-copyright,bat-footer-zonnic-disclaimer,bat-footer-zonnic-label-page-breadcrumb,bat-footer-zonnic-logo,bat-footer-zonnic-logo-icon,bat-footer-zonnic-main,bat-footer-zonnic-nav,bat-footer-zonnic-nav-menu,bat-footer-zonnic-nav-menu-title,bat-footer-zonnic-submenu,bat-footer-zonnic-top,bat-form,bat-form-block,bat-form-block-text,bat-form-field,bat-form-field-set,bat-form-field-tip,bat-form-messages,bat-form-msg,bat-form-step,bat-header,bat-header-account,bat-header-account-icon-label,bat-header-account-icon-label-auth,bat-header-account-link,bat-header-account-menu,bat-header-content,bat-header-fixed-spacer,bat-header-logo,bat-header-menu,bat-header-menu-button,bat-header-nav,bat-header-promo,bat-header-promo-link,bat-header-stores,bat-header-stores-link,bat-header-support,bat-header-support-link,bat-header-top,bat-header-utils,bat-header-wrapper,bat-headline,bat-headline-style,bat-headline-sub,bat-icon,bat-image,bat-language,bat-location,bat-message,bat-message-text,bat-messagebar,bat-minicart,bat-minicart-basket-total,bat-minicart-count,bat-minicart-empty-content,bat-minicart-empty-headline,bat-minicart-empty-icon,bat-minicart-empty-message,bat-minicart-subtotal-label,bat-minicart-subtotal-value,bat-minicart-total-items,bat-minicart-wrapper,bat-modal,bat-modal-close,bat-modal-content,bat-navigation,bat-navigation-group,bat-navigation-group-list,bat-navigation-group-list-item,bat-navigation-group-list-item-link,bat-page,bat-section,bat-section-content,bat-section-content-style,bat-section-modal,bat-section-style,bat-text,bat-wrapper,blog-wrapper-with-image,breadcrumb-description,button-dark,button-secondary-dark,consent-block,container-fluid,cq-dd-paragraph,cta-hide,cta-label,cta-logged-in-user,cta-logged-out-user,cta-show,current-page,d-align-right,d-block,d-lg-block,d-lg-none,d-md-block,d-md-none,d-none,d-sm-block,d-sm-none,d-xl-block,d-xl-none,display-address,email-cant-verify,email-invalid,error-msg,existing-user,existing-user-close,fa-plus,field-note,full-width,gallery-steel-grey-gradient,global-components,headline1-color1,headline2-color1,icon-center,icon-plus,icon-right,login-error-message,login-success-message,lookup-field,m-align-left,margin-large,margin-medium,margin-none,margin-small,menu-title,newsletter-headline,padding-bottom-medium,padding-left-medium,padding-left-small,padding-right-medium,padding-right-small,padding-top-medium,padding-top-xsmall,page-theme,radio-input,radio-set,select-wrapper,submenu-content,text-right,to-login,toggle-visibility,user-invalid,what-is-zonnic,why-zonnic,your-address,your-details,zonnic-logo,zonnic-menu,zonnic-newsletter-modal
blog|https://www.zonnic.ca/ca/en/blog/real-stories-cut-back-smoking|address-lookup-field,arrow-link-dark,at-element-marker,ava-nav-menu,background-cover,background-v-top,bat-agegate,bat-button,bat-card,bat-card-info,bat-cmp-contentfragmentcollection,bat-cta,bat-cta-style,bat-email-verification,bat-faq-default,bat-footer-bottom,bat-footer-payment-icons,bat-footer-social-nav,bat-footer-zonnic,bat-footer-zonnic-container,bat-footer-zonnic-copyright,bat-footer-zonnic-disclaimer,bat-footer-zonnic-label-page-breadcrumb,bat-footer-zonnic-logo,bat-footer-zonnic-logo-icon,bat-footer-zonnic-main,bat-footer-zonnic-nav,bat-footer-zonnic-nav-menu,bat-footer-zonnic-nav-menu-title,bat-footer-zonnic-submenu,bat-footer-zonnic-top,bat-form,bat-form-block,bat-form-block-text,bat-form-field,bat-form-field-set,bat-form-field-tip,bat-form-messages,bat-form-msg,bat-form-step,bat-header,bat-header-account,bat-header-account-icon-label,bat-header-account-icon-label-auth,bat-header-account-link,bat-header-account-menu,bat-header-content,bat-header-fixed-spacer,bat-header-logo,bat-header-menu,bat-header-menu-button,bat-header-nav,bat-header-promo,bat-header-promo-link,bat-header-stores,bat-header-stores-link,bat-header-support,bat-header-support-link,bat-header-top,bat-header-utils,bat-header-wrapper,bat-headline,bat-headline-style,bat-headline-sub,bat-icon,bat-image,bat-language,bat-location,bat-message,bat-message-text,bat-messagebar,bat-minicart,bat-minicart-basket-total,bat-minicart-count,bat-minicart-empty-content,bat-minicart-empty-headline,bat-minicart-empty-icon,bat-minicart-empty-message,bat-minicart-subtotal-label,bat-minicart-subtotal-value,bat-minicart-total-items,bat-minicart-wrapper,bat-modal,bat-modal-close,bat-modal-content,bat-navigation,bat-navigation-group,bat-navigation-group-list,bat-navigation-group-list-item,bat-navigation-group-list-item-link,bat-page,bat-section,bat-section-content,bat-section-content-style,bat-section-modal,bat-section-style,bat-text,bat-wrapper,blog-wrapper-with-image,breadcrumb-description,button-dark,button-secondary-dark,consent-block,container-fluid,cq-dd-paragraph,cta-hide,cta-label,cta-logged-in-user,cta-logged-out-user,cta-show,current-page,d-align-right,d-block,d-lg-block,d-lg-none,d-md-block,d-md-none,d-none,d-sm-block,d-sm-none,d-xl-block,d-xl-none,display-address,email-cant-verify,email-invalid,error-msg,existing-user,existing-user-close,fa-plus,field-note,full-width,gallery-steel-grey-gradient,global-components,headline1-color1,headline2-color1,icon-center,icon-plus,icon-right,login-error-message,login-success-message,lookup-field,m-align-left,margin-large,margin-medium,margin-none,margin-small,menu-title,newsletter-headline,padding-bottom-medium,padding-left-medium,padding-left-small,padding-right-medium,padding-right-small,padding-top-medium,padding-top-xsmall,page-theme,radio-input,radio-set,select-wrapper,submenu-content,text-right,to-login,toggle-visibility,user-invalid,what-is-zonnic,why-zonnic,your-address,your-details,zonnic-logo,zonnic-menu,zonnic-newsletter-modal
blog|https://www.zonnic.ca/ca/fr/blog|address-lookup-field,arrow-link-dark,at-element-marker,ava-nav-menu,background-cover,background-v-top,bat-agegate,bat-button,bat-card,bat-cta,bat-cta-style,bat-email-verification,bat-footer-bottom,bat-footer-payment-icons,bat-footer-social-nav,bat-footer-zonnic,bat-footer-zonnic-container,bat-footer-zonnic-copyright,bat-footer-zonnic-disclaimer,bat-footer-zonnic-label-page-breadcrumb,bat-footer-zonnic-logo,bat-footer-zonnic-logo-icon,bat-footer-zonnic-main,bat-footer-zonnic-nav,bat-footer-zonnic-nav-menu,bat-footer-zonnic-nav-menu-title,bat-footer-zonnic-submenu,bat-footer-zonnic-top,bat-form,bat-form-block,bat-form-block-text,bat-form-field,bat-form-field-set,bat-form-field-tip,bat-form-messages,bat-form-msg,bat-form-step,bat-header,bat-header-account,bat-header-account-icon-label,bat-header-account-icon-label-auth,bat-header-account-link,bat-header-account-menu,bat-header-content,bat-header-fixed-spacer,bat-header-logo,bat-header-menu,bat-header-menu-button,bat-header-nav,bat-header-promo,bat-header-promo-link,bat-header-stores,bat-header-stores-link,bat-header-support,bat-header-support-link,bat-header-top,bat-header-utils,bat-header-wrapper,bat-headline,bat-headline-style,bat-hero-zonnic,bat-icon,bat-image,bat-language,bat-location,bat-message,bat-message-text,bat-messagebar,bat-minicart,bat-minicart-basket-total,bat-minicart-count,bat-minicart-empty-content,bat-minicart-empty-headline,bat-minicart-empty-icon,bat-minicart-empty-message,bat-minicart-subtotal-label,bat-minicart-subtotal-value,bat-minicart-total-items,bat-minicart-wrapper,bat-modal,bat-modal-close,bat-modal-content,bat-navigation,bat-navigation-group,bat-navigation-group-list,bat-navigation-group-list-item,bat-navigation-group-list-item-link,bat-page,bat-section,bat-section-content,bat-section-content-style,bat-section-modal,bat-section-style,bat-text,bat-wrapper,breadcrumb-description,button-dark,button-secondary-dark,consent-block,container-fluid,cq-dd-paragraph,cta-hide,cta-label,cta-logged-in-user,cta-logged-out-user,cta-show,current-page,d-align-right,d-block,d-lg-block,d-md-block,d-none,d-sm-block,d-xl-block,display-address,embedded-messaging,error-msg,existing-user,existing-user-close,field-note,full-width,gallery-steel-grey-gradient,global-components,headline1-large,icon-plus,login-error-message,login-success-message,lookup-field,m-align-left,margin-none,margin-small,menu-title,newsletter-headline,newsletter-subheadline,padding-bottom-large,padding-bottom-medium,padding-left-large,padding-left-medium,padding-left-small,padding-right-large,padding-right-medium,padding-right-small,padding-top-large,padding-top-medium,padding-top-small,padding-top-xsmall,page-theme,radio-input,radio-set,select-wrapper,submenu-content,to-login,toggle-visibility,what-is-zonnic,why-zonnic,your-address,your-details,zonnic-logo,zonnic-menu,zonnic-newsletter-modal
blog|https://www.zonnic.ca/ca/en/blog/power-to-hold-back|address-lookup-field,arrow-link-dark,at-element-marker,ava-nav-menu,background-cover,background-v-top,bat-agegate,bat-button,bat-card,bat-cta,bat-cta-style,bat-email-verification,bat-footer-bottom,bat-footer-payment-icons,bat-footer-social-nav,bat-footer-zonnic,bat-footer-zonnic-container,bat-footer-zonnic-copyright,bat-footer-zonnic-disclaimer,bat-footer-zonnic-label-page-breadcrumb,bat-footer-zonnic-logo,bat-footer-zonnic-logo-icon,bat-footer-zonnic-main,bat-footer-zonnic-nav,bat-footer-zonnic-nav-menu,bat-footer-zonnic-nav-menu-title,bat-footer-zonnic-submenu,bat-footer-zonnic-top,bat-form,bat-form-block,bat-form-block-text,bat-form-field,bat-form-field-set,bat-form-field-tip,bat-form-messages,bat-form-msg,bat-form-step,bat-header,bat-header-account,bat-header-account-icon-label,bat-header-account-icon-label-auth,bat-header-account-link,bat-header-account-menu,bat-header-content,bat-header-fixed-spacer,bat-header-logo,bat-header-menu,bat-header-menu-button,bat-header-nav,bat-header-promo,bat-header-promo-link,bat-header-stores,bat-header-stores-link,bat-header-support,bat-header-support-link,bat-header-top,bat-header-utils,bat-header-wrapper,bat-headline,bat-headline-style,bat-headline-sub,bat-icon,bat-image,bat-language,bat-location,bat-message,bat-message-text,bat-messagebar,bat-minicart,bat-minicart-basket-total,bat-minicart-count,bat-minicart-empty-content,bat-minicart-empty-headline,bat-minicart-empty-icon,bat-minicart-empty-message,bat-minicart-subtotal-label,bat-minicart-subtotal-value,bat-minicart-total-items,bat-minicart-wrapper,bat-modal,bat-modal-close,bat-modal-content,bat-navigation,bat-navigation-group,bat-navigation-group-list,bat-navigation-group-list-item,bat-navigation-group-list-item-link,bat-page,bat-section,bat-section-content,bat-section-content-style,bat-section-modal,bat-section-style,bat-text,bat-wrapper,blog-wrapper-with-image,breadcrumb-description,button-dark,button-secondary-dark,consent-block,container-fluid,cq-dd-paragraph,cta-hide,cta-label,cta-logged-in-user,cta-logged-out-user,cta-show,current-page,d-align-right,d-block,d-lg-block,d-lg-none,d-md-block,d-md-none,d-none,d-sm-block,d-sm-none,d-xl-block,d-xl-none,display-address,email-cant-verify,email-invalid,error-msg,existing-user,existing-user-close,field-note,full-width,gallery-steel-grey-gradient,global-components,headline1-color1,headline2-color1,icon-plus,icon-right,login-error-message,login-success-message,lookup-field,m-align-left,margin-medium,margin-none,margin-small,menu-title,newsletter-headline,padding-bottom-medium,padding-left-medium,padding-left-small,padding-right-medium,padding-right-small,padding-top-medium,page-theme,radio-input,radio-set,select-wrapper,submenu-content,text-right,to-login,toggle-visibility,user-invalid,what-is-zonnic,why-zonnic,your-address,your-details,zonnic-logo,zonnic-menu,zonnic-newsletter-modal
blog|https://www.zonnic.ca/ca/fr/blog/nicotine-strength-guide|address-lookup-field,arrow-link-dark,at-element-marker,ava-nav-menu,background-cover,background-v-top,bat-agegate,bat-button,bat-card,bat-card-info,bat-cmp-contentfragmentcollection,bat-cta,bat-cta-style,bat-email-verification,bat-faq-default,bat-footer-bottom,bat-footer-payment-icons,bat-footer-social-nav,bat-footer-zonnic,bat-footer-zonnic-container,bat-footer-zonnic-copyright,bat-footer-zonnic-disclaimer,bat-footer-zonnic-label-page-breadcrumb,bat-footer-zonnic-logo,bat-footer-zonnic-logo-icon,bat-footer-zonnic-main,bat-footer-zonnic-nav,bat-footer-zonnic-nav-menu,bat-footer-zonnic-nav-menu-title,bat-footer-zonnic-submenu,bat-footer-zonnic-top,bat-form,bat-form-block,bat-form-block-text,bat-form-field,bat-form-field-set,bat-form-field-tip,bat-form-messages,bat-form-msg,bat-form-step,bat-header,bat-header-account,bat-header-account-icon-label,bat-header-account-icon-label-auth,bat-header-account-link,bat-header-account-menu,bat-header-content,bat-header-fixed-spacer,bat-header-logo,bat-header-menu,bat-header-menu-button,bat-header-nav,bat-header-promo,bat-header-promo-link,bat-header-stores,bat-header-stores-link,bat-header-support,bat-header-support-link,bat-header-top,bat-header-utils,bat-header-wrapper,bat-headline,bat-headline-style,bat-headline-sub,bat-icon,bat-image,bat-language,bat-location,bat-message,bat-message-text,bat-messagebar,bat-minicart,bat-minicart-basket-total,bat-minicart-count,bat-minicart-empty-content,bat-minicart-empty-headline,bat-minicart-empty-icon,bat-minicart-empty-message,bat-minicart-subtotal-label,bat-minicart-subtotal-value,bat-minicart-total-items,bat-minicart-wrapper,bat-modal,bat-modal-close,bat-modal-content,bat-navigation,bat-navigation-group,bat-navigation-group-list,bat-navigation-group-list-item,bat-navigation-group-list-item-link,bat-page,bat-section,bat-section-content,bat-section-content-style,bat-section-modal,bat-section-style,bat-text,bat-wrapper,blog-wrapper-with-image,breadcrumb-description,button-dark,button-secondary-dark,consent-block,container-fluid,cq-dd-paragraph,cta-hide,cta-label,cta-logged-in-user,cta-logged-out-user,cta-show,current-page,d-align-right,d-block,d-lg-block,d-lg-none,d-md-block,d-md-none,d-none,d-sm-block,d-sm-none,d-xl-block,d-xl-none,display-address,error-msg,existing-user,existing-user-close,fa-plus,field-note,full-width,gallery-steel-grey-gradient,global-components,headline1-color1,headline2-color1,icon-center,icon-plus,icon-right,login-error-message,login-success-message,lookup-field,m-align-left,margin-medium,margin-none,margin-small,menu-title,newsletter-headline,newsletter-subheadline,padding-bottom-medium,padding-left-medium,padding-left-small,padding-right-medium,padding-right-small,padding-top-medium,padding-top-xsmall,page-theme,radio-input,radio-set,select-wrapper,submenu-content,text-right,to-login,toggle-visibility,what-is-zonnic,why-zonnic,your-address,your-details,zonnic-logo,zonnic-menu,zonnic-newsletter-modal
blog|https://www.zonnic.ca/ca/en/blog/maintain-your-nicotine-pouches|address-lookup-field,arrow-link-dark,at-element-marker,ava-nav-menu,background-cover,background-v-top,bat-agegate,bat-button,bat-card,bat-card-info,bat-cmp-contentfragmentcollection,bat-cta,bat-cta-style,bat-email-verification,bat-faq-default,bat-footer-bottom,bat-footer-payment-icons,bat-footer-social-nav,bat-footer-zonnic,bat-footer-zonnic-container,bat-footer-zonnic-copyright,bat-footer-zonnic-disclaimer,bat-footer-zonnic-label-page-breadcrumb,bat-footer-zonnic-logo,bat-footer-zonnic-logo-icon,bat-footer-zonnic-main,bat-footer-zonnic-nav,bat-footer-zonnic-nav-menu,bat-footer-zonnic-nav-menu-title,bat-footer-zonnic-submenu,bat-footer-zonnic-top,bat-form,bat-form-block,bat-form-block-text,bat-form-field,bat-form-field-set,bat-form-field-tip,bat-form-messages,bat-form-msg,bat-form-step,bat-header,bat-header-account,bat-header-account-icon-label,bat-header-account-icon-label-auth,bat-header-account-link,bat-header-account-menu,bat-header-content,bat-header-fixed-spacer,bat-header-logo,bat-header-menu,bat-header-menu-button,bat-header-nav,bat-header-promo,bat-header-promo-link,bat-header-stores,bat-header-stores-link,bat-header-support,bat-header-support-link,bat-header-top,bat-header-utils,bat-header-wrapper,bat-headline,bat-headline-style,bat-headline-sub,bat-icon,bat-image,bat-language,bat-location,bat-message,bat-message-text,bat-messagebar,bat-minicart,bat-minicart-basket-total,bat-minicart-count,bat-minicart-empty-content,bat-minicart-empty-headline,bat-minicart-empty-icon,bat-minicart-empty-message,bat-minicart-subtotal-label,bat-minicart-subtotal-value,bat-minicart-total-items,bat-minicart-wrapper,bat-modal,bat-modal-close,bat-modal-content,bat-navigation,bat-navigation-group,bat-navigation-group-list,bat-navigation-group-list-item,bat-navigation-group-list-item-link,bat-page,bat-section,bat-section-content,bat-section-content-style,bat-section-modal,bat-section-style,bat-text,bat-wrapper,blog-wrapper-with-image,breadcrumb-description,button-dark,button-secondary-dark,consent-block,container-fluid,cq-dd-paragraph,cta-hide,cta-label,cta-logged-in-user,cta-logged-out-user,cta-show,current-page,d-align-right,d-block,d-lg-block,d-lg-none,d-md-block,d-md-none,d-none,d-sm-block,d-sm-none,d-xl-block,d-xl-none,display-address,email-cant-verify,email-invalid,error-msg,existing-user,existing-user-close,fa-plus,field-note,full-width,gallery-steel-grey-gradient,global-components,headline1-color1,headline2-color1,icon-center,icon-plus,icon-right,login-error-message,login-success-message,lookup-field,m-align-left,margin-medium,margin-none,margin-small,menu-title,newsletter-headline,padding-bottom-medium,padding-left-medium,padding-left-small,padding-right-medium,padding-right-small,padding-top-medium,padding-top-xsmall,page-theme,radio-input,radio-set,select-wrapper,submenu-content,text-right,to-login,toggle-visibility,user-invalid,what-is-zonnic,why-zonnic,your-address,your-details,zonnic-logo,zonnic-menu,zonnic-newsletter-modal
blog|https://www.zonnic.ca/ca/en/blog/benefits-of-nicotine-pouches|address-lookup-field,arrow-link-dark,at-element-marker,ava-nav-menu,background-cover,background-v-top,bat-agegate,bat-button,bat-card,bat-card-info,bat-cmp-contentfragmentcollection,bat-cta,bat-cta-style,bat-email-verification,bat-faq-default,bat-footer-bottom,bat-footer-payment-icons,bat-footer-social-nav,bat-footer-zonnic,bat-footer-zonnic-container,bat-footer-zonnic-copyright,bat-footer-zonnic-disclaimer,bat-footer-zonnic-label-page-breadcrumb,bat-footer-zonnic-logo,bat-footer-zonnic-logo-icon,bat-footer-zonnic-main,bat-footer-zonnic-nav,bat-footer-zonnic-nav-menu,bat-footer-zonnic-nav-menu-title,bat-footer-zonnic-submenu,bat-footer-zonnic-top,bat-form,bat-form-block,bat-form-block-text,bat-form-field,bat-form-field-set,bat-form-field-tip,bat-form-messages,bat-form-msg,bat-form-step,bat-header,bat-header-account,bat-header-account-icon-label,bat-header-account-icon-label-auth,bat-header-account-link,bat-header-account-menu,bat-header-content,bat-header-fixed-spacer,bat-header-logo,bat-header-menu,bat-header-menu-button,bat-header-nav,bat-header-promo,bat-header-promo-link,bat-header-stores,bat-header-stores-link,bat-header-support,bat-header-support-link,bat-header-top,bat-header-utils,bat-header-wrapper,bat-headline,bat-headline-style,bat-headline-sub,bat-icon,bat-image,bat-language,bat-location,bat-message,bat-message-text,bat-messagebar,bat-minicart,bat-minicart-basket-total,bat-minicart-count,bat-minicart-empty-content,bat-minicart-empty-headline,bat-minicart-empty-icon,bat-minicart-empty-message,bat-minicart-subtotal-label,bat-minicart-subtotal-value,bat-minicart-total-items,bat-minicart-wrapper,bat-modal,bat-modal-close,bat-modal-content,bat-navigation,bat-navigation-group,bat-navigation-group-list,bat-navigation-group-list-item,bat-navigation-group-list-item-link,bat-page,bat-section,bat-section-content,bat-section-content-style,bat-section-modal,bat-section-style,bat-text,bat-wrapper,blog-wrapper-with-image,breadcrumb-description,button-dark,button-secondary-dark,consent-block,container-fluid,cq-dd-paragraph,cta-hide,cta-label,cta-logged-in-user,cta-logged-out-user,cta-show,current-page,d-align-right,d-block,d-lg-block,d-lg-none,d-md-block,d-md-none,d-none,d-sm-block,d-sm-none,d-xl-block,d-xl-none,display-address,email-cant-verify,email-invalid,error-msg,existing-user,existing-user-close,fa-plus,field-note,full-width,gallery-steel-grey-gradient,global-components,headline1-color1,headline2-color1,icon-center,icon-plus,icon-right,login-error-message,login-success-message,lookup-field,m-align-left,margin-medium,margin-none,margin-small,menu-title,newsletter-headline,padding-bottom-medium,padding-left-medium,padding-left-small,padding-right-medium,padding-right-small,padding-top-medium,padding-top-xsmall,page-theme,radio-input,radio-set,select-wrapper,submenu-content,text-right,to-login,toggle-visibility,user-invalid,what-is-zonnic,why-zonnic,your-address,your-details,zonnic-logo,zonnic-menu,zonnic-newsletter-modal
blog|https://www.zonnic.ca/ca/fr/blog/real-stories-cut-back-smoking|address-lookup-field,arrow-link-dark,at-element-marker,ava-nav-menu,background-cover,background-v-top,bat-agegate,bat-button,bat-card,bat-card-info,bat-cmp-contentfragmentcollection,bat-cta,bat-cta-style,bat-email-verification,bat-faq-default,bat-footer-bottom,bat-footer-payment-icons,bat-footer-social-nav,bat-footer-zonnic,bat-footer-zonnic-container,bat-footer-zonnic-copyright,bat-footer-zonnic-disclaimer,bat-footer-zonnic-label-page-breadcrumb,bat-footer-zonnic-logo,bat-footer-zonnic-logo-icon,bat-footer-zonnic-main,bat-footer-zonnic-nav,bat-footer-zonnic-nav-menu,bat-footer-zonnic-nav-menu-title,bat-footer-zonnic-submenu,bat-footer-zonnic-top,bat-form,bat-form-block,bat-form-block-text,bat-form-field,bat-form-field-set,bat-form-field-tip,bat-form-messages,bat-form-msg,bat-form-step,bat-header,bat-header-account,bat-header-account-icon-label,bat-header-account-icon-label-auth,bat-header-account-link,bat-header-account-menu,bat-header-content,bat-header-fixed-spacer,bat-header-logo,bat-header-menu,bat-header-menu-button,bat-header-nav,bat-header-promo,bat-header-promo-link,bat-header-stores,bat-header-stores-link,bat-header-support,bat-header-support-link,bat-header-top,bat-header-utils,bat-header-wrapper,bat-headline,bat-headline-style,bat-headline-sub,bat-icon,bat-image,bat-language,bat-location,bat-message,bat-message-text,bat-messagebar,bat-minicart,bat-minicart-basket-total,bat-minicart-count,bat-minicart-empty-content,bat-minicart-empty-headline,bat-minicart-empty-icon,bat-minicart-empty-message,bat-minicart-subtotal-label,bat-minicart-subtotal-value,bat-minicart-total-items,bat-minicart-wrapper,bat-modal,bat-modal-close,bat-modal-content,bat-navigation,bat-navigation-group,bat-navigation-group-list,bat-navigation-group-list-item,bat-navigation-group-list-item-link,bat-page,bat-section,bat-section-content,bat-section-content-style,bat-section-modal,bat-section-style,bat-text,bat-wrapper,blog-wrapper-with-image,breadcrumb-description,button-dark,button-secondary-dark,consent-block,container-fluid,cq-dd-paragraph,cta-hide,cta-label,cta-logged-in-user,cta-logged-out-user,cta-show,current-page,d-align-right,d-block,d-lg-block,d-lg-none,d-md-block,d-md-none,d-none,d-sm-block,d-sm-none,d-xl-block,d-xl-none,display-address,error-msg,existing-user,existing-user-close,fa-plus,field-note,full-width,gallery-steel-grey-gradient,global-components,headline1-color1,headline2-color1,icon-center,icon-plus,icon-right,login-error-message,login-success-message,lookup-field,m-align-left,margin-medium,margin-none,margin-small,menu-title,newsletter-headline,newsletter-subheadline,padding-bottom-medium,padding-left-medium,padding-left-small,padding-right-medium,padding-right-small,padding-top-medium,padding-top-small,padding-top-xsmall,page-theme,radio-input,radio-set,select-wrapper,submenu-content,text-right,to-login,toggle-visibility,what-is-zonnic,why-zonnic,your-address,your-details,zonnic-logo,zonnic-menu,zonnic-newsletter-modal
blog|https://www.zonnic.ca/ca/fr/blog/can-you-drink-with-nicotine-pouches|address-lookup-field,arrow-link-dark,at-element-marker,ava-nav-menu,background-cover,background-v-top,bat-agegate,bat-button,bat-card,bat-card-info,bat-cmp-contentfragmentcollection,bat-cta,bat-cta-style,bat-email-verification,bat-faq-default,bat-footer-bottom,bat-footer-payment-icons,bat-footer-social-nav,bat-footer-zonnic,bat-footer-zonnic-container,bat-footer-zonnic-copyright,bat-footer-zonnic-disclaimer,bat-footer-zonnic-label-page-breadcrumb,bat-footer-zonnic-logo,bat-footer-zonnic-logo-icon,bat-footer-zonnic-main,bat-footer-zonnic-nav,bat-footer-zonnic-nav-menu,bat-footer-zonnic-nav-menu-title,bat-footer-zonnic-submenu,bat-footer-zonnic-top,bat-form,bat-form-block,bat-form-block-text,bat-form-field,bat-form-field-set,bat-form-field-tip,bat-form-messages,bat-form-msg,bat-form-step,bat-header,bat-header-account,bat-header-account-icon-label,bat-header-account-icon-label-auth,bat-header-account-link,bat-header-account-menu,bat-header-content,bat-header-fixed-spacer,bat-header-logo,bat-header-menu,bat-header-menu-button,bat-header-nav,bat-header-promo,bat-header-promo-link,bat-header-stores,bat-header-stores-link,bat-header-support,bat-header-support-link,bat-header-top,bat-header-utils,bat-header-wrapper,bat-headline,bat-headline-style,bat-headline-sub,bat-icon,bat-image,bat-language,bat-location,bat-message,bat-message-text,bat-messagebar,bat-minicart,bat-minicart-basket-total,bat-minicart-count,bat-minicart-empty-content,bat-minicart-empty-headline,bat-minicart-empty-icon,bat-minicart-empty-message,bat-minicart-subtotal-label,bat-minicart-subtotal-value,bat-minicart-total-items,bat-minicart-wrapper,bat-modal,bat-modal-close,bat-modal-content,bat-navigation,bat-navigation-group,bat-navigation-group-list,bat-navigation-group-list-item,bat-navigation-group-list-item-link,bat-page,bat-section,bat-section-content,bat-section-content-style,bat-section-modal,bat-section-style,bat-text,bat-wrapper,blog-wrapper-with-image,breadcrumb-description,button-dark,button-secondary-dark,consent-block,container-fluid,cq-dd-paragraph,cta-hide,cta-label,cta-logged-in-user,cta-logged-out-user,cta-show,current-page,d-align-right,d-block,d-lg-block,d-lg-none,d-md-block,d-md-none,d-none,d-sm-block,d-sm-none,d-xl-block,d-xl-none,display-address,error-msg,existing-user,existing-user-close,fa-plus,field-note,full-width,gallery-steel-grey-gradient,global-components,headline1-color1,headline2-color1,icon-center,icon-plus,icon-right,login-error-message,login-success-message,lookup-field,m-align-left,margin-medium,margin-none,margin-small,menu-title,newsletter-headline,newsletter-subheadline,padding-bottom-medium,padding-left-medium,padding-left-small,padding-right-medium,padding-right-small,padding-top-medium,padding-top-small,padding-top-xsmall,page-theme,radio-input,radio-set,select-wrapper,submenu-content,text-right,to-login,toggle-visibility,what-is-zonnic,why-zonnic,your-address,your-details,zonnic-logo,zonnic-menu,zonnic-newsletter-modal
blog|https://www.zonnic.ca/ca/fr/blog/resources-tips-cut-back|address-lookup-field,arrow-link-dark,at-element-marker,ava-nav-menu,background-cover,background-v-top,bat-agegate,bat-button,bat-card,bat-cta,bat-cta-style,bat-email-verification,bat-footer-bottom,bat-footer-payment-icons,bat-footer-social-nav,bat-footer-zonnic,bat-footer-zonnic-container,bat-footer-zonnic-copyright,bat-footer-zonnic-disclaimer,bat-footer-zonnic-label-page-breadcrumb,bat-footer-zonnic-logo,bat-footer-zonnic-logo-icon,bat-footer-zonnic-main,bat-footer-zonnic-nav,bat-footer-zonnic-nav-menu,bat-footer-zonnic-nav-menu-title,bat-footer-zonnic-submenu,bat-footer-zonnic-top,bat-form,bat-form-block,bat-form-block-text,bat-form-field,bat-form-field-set,bat-form-field-tip,bat-form-messages,bat-form-msg,bat-form-step,bat-header,bat-header-account,bat-header-account-icon-label,bat-header-account-icon-label-auth,bat-header-account-link,bat-header-account-menu,bat-header-content,bat-header-fixed-spacer,bat-header-logo,bat-header-menu,bat-header-menu-button,bat-header-nav,bat-header-promo,bat-header-promo-link,bat-header-stores,bat-header-stores-link,bat-header-support,bat-header-support-link,bat-header-top,bat-header-utils,bat-header-wrapper,bat-headline,bat-headline-style,bat-headline-sub,bat-icon,bat-image,bat-language,bat-location,bat-message,bat-message-text,bat-messagebar,bat-minicart,bat-minicart-basket-total,bat-minicart-count,bat-minicart-empty-content,bat-minicart-empty-headline,bat-minicart-empty-icon,bat-minicart-empty-message,bat-minicart-subtotal-label,bat-minicart-subtotal-value,bat-minicart-total-items,bat-minicart-wrapper,bat-modal,bat-modal-close,bat-modal-content,bat-navigation,bat-navigation-group,bat-navigation-group-list,bat-navigation-group-list-item,bat-navigation-group-list-item-link,bat-page,bat-section,bat-section-content,bat-section-content-style,bat-section-modal,bat-section-style,bat-text,bat-wrapper,blog-wrapper-with-image,breadcrumb-description,button-dark,button-secondary-dark,consent-block,container-fluid,cq-dd-paragraph,cta-hide,cta-label,cta-logged-in-user,cta-logged-out-user,cta-show,current-page,d-align-right,d-block,d-lg-block,d-lg-none,d-md-block,d-md-none,d-none,d-sm-block,d-sm-none,d-xl-block,d-xl-none,display-address,error-msg,existing-user,existing-user-close,field-note,full-width,gallery-steel-grey-gradient,global-components,headline1-color1,headline2-color1,icon-plus,icon-right,login-error-message,login-success-message,lookup-field,m-align-left,margin-medium,margin-none,margin-small,menu-title,newsletter-headline,newsletter-subheadline,padding-bottom-medium,padding-left-medium,padding-left-small,padding-right-medium,padding-right-small,padding-top-medium,page-theme,radio-input,radio-set,select-wrapper,submenu-content,text-right,to-login,toggle-visibility,what-is-zonnic,why-zonnic,your-address,your-details,zonnic-logo,zonnic-menu,zonnic-newsletter-modal
blog|https://www.zonnic.ca/ca/fr/blog/nicotine-replacement-therapy-guide|address-lookup-field,arrow-link-dark,at-element-marker,ava-nav-menu,background-cover,background-v-top,bat-agegate,bat-button,bat-card,bat-card-info,bat-cmp-contentfragmentcollection,bat-cta,bat-cta-style,bat-email-verification,bat-faq-default,bat-footer-bottom,bat-footer-payment-icons,bat-footer-social-nav,bat-footer-zonnic,bat-footer-zonnic-container,bat-footer-zonnic-copyright,bat-footer-zonnic-disclaimer,bat-footer-zonnic-label-page-breadcrumb,bat-footer-zonnic-logo,bat-footer-zonnic-logo-icon,bat-footer-zonnic-main,bat-footer-zonnic-nav,bat-footer-zonnic-nav-menu,bat-footer-zonnic-nav-menu-title,bat-footer-zonnic-submenu,bat-footer-zonnic-top,bat-form,bat-form-block,bat-form-block-text,bat-form-field,bat-form-field-set,bat-form-field-tip,bat-form-messages,bat-form-msg,bat-form-step,bat-header,bat-header-account,bat-header-account-icon-label,bat-header-account-icon-label-auth,bat-header-account-link,bat-header-account-menu,bat-header-content,bat-header-fixed-spacer,bat-header-logo,bat-header-menu,bat-header-menu-button,bat-header-nav,bat-header-promo,bat-header-promo-link,bat-header-stores,bat-header-stores-link,bat-header-support,bat-header-support-link,bat-header-top,bat-header-utils,bat-header-wrapper,bat-headline,bat-headline-style,bat-headline-sub,bat-icon,bat-image,bat-language,bat-location,bat-message,bat-message-text,bat-messagebar,bat-minicart,bat-minicart-basket-total,bat-minicart-count,bat-minicart-empty-content,bat-minicart-empty-headline,bat-minicart-empty-icon,bat-minicart-empty-message,bat-minicart-subtotal-label,bat-minicart-subtotal-value,bat-minicart-total-items,bat-minicart-wrapper,bat-modal,bat-modal-close,bat-modal-content,bat-navigation,bat-navigation-group,bat-navigation-group-list,bat-navigation-group-list-item,bat-navigation-group-list-item-link,bat-page,bat-section,bat-section-content,bat-section-content-style,bat-section-modal,bat-section-style,bat-text,bat-wrapper,blog-wrapper-with-image,breadcrumb-description,button-dark,button-secondary-dark,consent-block,container-fluid,cq-dd-paragraph,cta-hide,cta-label,cta-logged-in-user,cta-logged-out-user,cta-show,current-page,d-align-right,d-block,d-lg-block,d-lg-none,d-md-block,d-md-none,d-none,d-sm-block,d-sm-none,d-xl-block,d-xl-none,display-address,error-msg,existing-user,existing-user-close,fa-plus,field-note,full-width,gallery-steel-grey-gradient,global-components,headline1-color1,headline2-color1,icon-center,icon-plus,icon-right,login-error-message,login-success-message,lookup-field,m-align-left,margin-medium,margin-none,margin-small,menu-title,newsletter-headline,newsletter-subheadline,padding-bottom-medium,padding-left-medium,padding-left-small,padding-right-medium,padding-right-small,padding-top-medium,padding-top-small,padding-top-xsmall,page-theme,radio-input,radio-set,select-wrapper,submenu-content,text-right,to-login,toggle-visibility,what-is-zonnic,why-zonnic,your-address,your-details,zonnic-logo,zonnic-menu,zonnic-newsletter-modal
blog|https://www.zonnic.ca/ca/fr/blog/quit-with-the-help-of-ZONNIC|address-lookup-field,arrow-link-dark,at-element-marker,ava-nav-menu,background-cover,background-v-top,bat-agegate,bat-button,bat-card,bat-card-info,bat-cmp-contentfragmentcollection,bat-cta,bat-cta-style,bat-email-verification,bat-faq-default,bat-footer-bottom,bat-footer-payment-icons,bat-footer-social-nav,bat-footer-zonnic,bat-footer-zonnic-container,bat-footer-zonnic-copyright,bat-footer-zonnic-disclaimer,bat-footer-zonnic-label-page-breadcrumb,bat-footer-zonnic-logo,bat-footer-zonnic-logo-icon,bat-footer-zonnic-main,bat-footer-zonnic-nav,bat-footer-zonnic-nav-menu,bat-footer-zonnic-nav-menu-title,bat-footer-zonnic-submenu,bat-footer-zonnic-top,bat-form,bat-form-block,bat-form-block-text,bat-form-field,bat-form-field-set,bat-form-field-tip,bat-form-messages,bat-form-msg,bat-form-step,bat-header,bat-header-account,bat-header-account-icon-label,bat-header-account-icon-label-auth,bat-header-account-link,bat-header-account-menu,bat-header-content,bat-header-fixed-spacer,bat-header-logo,bat-header-menu,bat-header-menu-button,bat-header-nav,bat-header-promo,bat-header-promo-link,bat-header-stores,bat-header-stores-link,bat-header-support,bat-header-support-link,bat-header-top,bat-header-utils,bat-header-wrapper,bat-headline,bat-headline-style,bat-headline-sub,bat-icon,bat-image,bat-language,bat-location,bat-message,bat-message-text,bat-messagebar,bat-minicart,bat-minicart-basket-total,bat-minicart-count,bat-minicart-empty-content,bat-minicart-empty-headline,bat-minicart-empty-icon,bat-minicart-empty-message,bat-minicart-subtotal-label,bat-minicart-subtotal-value,bat-minicart-total-items,bat-minicart-wrapper,bat-modal,bat-modal-close,bat-modal-content,bat-navigation,bat-navigation-group,bat-navigation-group-list,bat-navigation-group-list-item,bat-navigation-group-list-item-link,bat-page,bat-section,bat-section-content,bat-section-content-style,bat-section-modal,bat-section-style,bat-text,bat-wrapper,blog-wrapper-with-image,breadcrumb-description,button-dark,button-secondary-dark,consent-block,container-fluid,cq-dd-paragraph,cta-hide,cta-label,cta-logged-in-user,cta-logged-out-user,cta-show,current-page,d-align-right,d-block,d-lg-block,d-lg-none,d-md-block,d-md-none,d-none,d-sm-block,d-sm-none,d-xl-block,d-xl-none,display-address,error-msg,existing-user,existing-user-close,fa-plus,field-note,full-width,gallery-steel-grey-gradient,global-components,headline1-color1,headline2-color1,icon-center,icon-plus,icon-right,login-error-message,login-success-message,lookup-field,m-align-left,margin-medium,margin-none,margin-small,menu-title,newsletter-headline,newsletter-subheadline,padding-bottom-medium,padding-left-medium,padding-left-small,padding-right-medium,padding-right-small,padding-top-medium,padding-top-xsmall,page-theme,radio-input,radio-set,select-wrapper,submenu-content,text-right,to-login,toggle-visibility,what-is-zonnic,why-zonnic,your-address,your-details,zonnic-logo,zonnic-menu,zonnic-newsletter-modal
blog|https://www.zonnic.ca/ca/en/blog/start-your-journey|address-lookup-field,arrow-link-dark,at-element-marker,ava-nav-menu,background-cover,background-v-top,bat-agegate,bat-button,bat-card,bat-card-info,bat-cmp-contentfragmentcollection,bat-cta,bat-cta-style,bat-email-verification,bat-faq-default,bat-footer-bottom,bat-footer-payment-icons,bat-footer-social-nav,bat-footer-zonnic,bat-footer-zonnic-container,bat-footer-zonnic-copyright,bat-footer-zonnic-disclaimer,bat-footer-zonnic-label-page-breadcrumb,bat-footer-zonnic-logo,bat-footer-zonnic-logo-icon,bat-footer-zonnic-main,bat-footer-zonnic-nav,bat-footer-zonnic-nav-menu,bat-footer-zonnic-nav-menu-title,bat-footer-zonnic-submenu,bat-footer-zonnic-top,bat-form,bat-form-block,bat-form-block-text,bat-form-field,bat-form-field-set,bat-form-field-tip,bat-form-messages,bat-form-msg,bat-form-step,bat-header,bat-header-account,bat-header-account-icon-label,bat-header-account-icon-label-auth,bat-header-account-link,bat-header-account-menu,bat-header-content,bat-header-fixed-spacer,bat-header-logo,bat-header-menu,bat-header-menu-button,bat-header-nav,bat-header-promo,bat-header-promo-link,bat-header-stores,bat-header-stores-link,bat-header-support,bat-header-support-link,bat-header-top,bat-header-utils,bat-header-wrapper,bat-headline,bat-headline-style,bat-headline-sub,bat-icon,bat-image,bat-language,bat-location,bat-message,bat-message-text,bat-messagebar,bat-minicart,bat-minicart-basket-total,bat-minicart-count,bat-minicart-empty-content,bat-minicart-empty-headline,bat-minicart-empty-icon,bat-minicart-empty-message,bat-minicart-subtotal-label,bat-minicart-subtotal-value,bat-minicart-total-items,bat-minicart-wrapper,bat-modal,bat-modal-close,bat-modal-content,bat-navigation,bat-navigation-group,bat-navigation-group-list,bat-navigation-group-list-item,bat-navigation-group-list-item-link,bat-page,bat-section,bat-section-content,bat-section-content-style,bat-section-modal,bat-section-style,bat-text,bat-wrapper,blog-wrapper-with-image,breadcrumb-description,button-dark,button-secondary-dark,consent-block,container-fluid,cq-dd-paragraph,cta-hide,cta-label,cta-logged-in-user,cta-logged-out-user,cta-show,current-page,d-align-right,d-block,d-lg-block,d-lg-none,d-md-block,d-md-none,d-none,d-sm-block,d-sm-none,d-xl-block,d-xl-none,display-address,email-cant-verify,email-invalid,error-msg,existing-user,existing-user-close,fa-plus,field-note,full-width,gallery-steel-grey-gradient,global-components,headline1-color1,headline2-color1,icon-center,icon-plus,icon-right,login-error-message,login-success-message,lookup-field,m-align-left,margin-medium,margin-none,margin-small,menu-title,newsletter-headline,padding-bottom-medium,padding-left-medium,padding-left-small,padding-right-medium,padding-right-small,padding-top-medium,padding-top-xsmall,page-theme,radio-input,radio-set,rte-temp,select-wrapper,submenu-content,text-right,to-login,toggle-visibility,user-invalid,what-is-zonnic,why-zonnic,your-address,your-details,zonnic-logo,zonnic-menu,zonnic-newsletter-modal
blog|https://www.zonnic.ca/ca/fr/blog/benefits-quitting-smoking|address-lookup-field,arrow-link-dark,at-element-marker,ava-nav-menu,background-cover,background-v-top,bat-agegate,bat-button,bat-card,bat-card-info,bat-cmp-contentfragmentcollection,bat-cta,bat-cta-style,bat-email-verification,bat-faq-default,bat-footer-bottom,bat-footer-payment-icons,bat-footer-social-nav,bat-footer-zonnic,bat-footer-zonnic-container,bat-footer-zonnic-copyright,bat-footer-zonnic-disclaimer,bat-footer-zonnic-label-page-breadcrumb,bat-footer-zonnic-logo,bat-footer-zonnic-logo-icon,bat-footer-zonnic-main,bat-footer-zonnic-nav,bat-footer-zonnic-nav-menu,bat-footer-zonnic-nav-menu-title,bat-footer-zonnic-submenu,bat-footer-zonnic-top,bat-form,bat-form-block,bat-form-block-text,bat-form-field,bat-form-field-set,bat-form-field-tip,bat-form-messages,bat-form-msg,bat-form-step,bat-header,bat-header-account,bat-header-account-icon-label,bat-header-account-icon-label-auth,bat-header-account-link,bat-header-account-menu,bat-header-content,bat-header-fixed-spacer,bat-header-logo,bat-header-menu,bat-header-menu-button,bat-header-nav,bat-header-promo,bat-header-promo-link,bat-header-stores,bat-header-stores-link,bat-header-support,bat-header-support-link,bat-header-top,bat-header-utils,bat-header-wrapper,bat-headline,bat-headline-style,bat-headline-sub,bat-icon,bat-image,bat-language,bat-location,bat-message,bat-message-text,bat-messagebar,bat-minicart,bat-minicart-basket-total,bat-minicart-count,bat-minicart-empty-content,bat-minicart-empty-headline,bat-minicart-empty-icon,bat-minicart-empty-message,bat-minicart-subtotal-label,bat-minicart-subtotal-value,bat-minicart-total-items,bat-minicart-wrapper,bat-modal,bat-modal-close,bat-modal-content,bat-navigation,bat-navigation-group,bat-navigation-group-list,bat-navigation-group-list-item,bat-navigation-group-list-item-link,bat-page,bat-section,bat-section-content,bat-section-content-style,bat-section-modal,bat-section-style,bat-text,bat-wrapper,blog-wrapper-with-image,breadcrumb-description,button-dark,button-secondary-dark,consent-block,container-fluid,cq-dd-paragraph,cta-hide,cta-label,cta-logged-in-user,cta-logged-out-user,cta-show,current-page,d-align-right,d-block,d-lg-block,d-lg-none,d-md-block,d-md-none,d-none,d-sm-block,d-sm-none,d-xl-block,d-xl-none,display-address,error-msg,existing-user,existing-user-close,fa-plus,field-note,full-width,gallery-steel-grey-gradient,global-components,headline1-color1,headline2-color1,icon-center,icon-plus,icon-right,login-error-message,login-success-message,lookup-field,m-align-left,margin-medium,margin-none,margin-small,menu-title,newsletter-headline,newsletter-subheadline,padding-bottom-medium,padding-left-medium,padding-left-small,padding-right-medium,padding-right-small,padding-top-medium,padding-top-xsmall,page-theme,radio-input,radio-set,select-wrapper,submenu-content,text-right,to-login,toggle-visibility,what-is-zonnic,why-zonnic,your-address,your-details,zonnic-logo,zonnic-menu,zonnic-newsletter-modal
blog|https://www.zonnic.ca/ca/en/blog/nicotine-strength-guide|address-lookup-field,arrow-link-dark,at-element-marker,ava-nav-menu,background-cover,background-v-top,bat-agegate,bat-button,bat-card,bat-card-info,bat-cmp-contentfragmentcollection,bat-cta,bat-cta-style,bat-email-verification,bat-faq-default,bat-footer-bottom,bat-footer-payment-icons,bat-footer-social-nav,bat-footer-zonnic,bat-footer-zonnic-container,bat-footer-zonnic-copyright,bat-footer-zonnic-disclaimer,bat-footer-zonnic-label-page-breadcrumb,bat-footer-zonnic-logo,bat-footer-zonnic-logo-icon,bat-footer-zonnic-main,bat-footer-zonnic-nav,bat-footer-zonnic-nav-menu,bat-footer-zonnic-nav-menu-title,bat-footer-zonnic-submenu,bat-footer-zonnic-top,bat-form,bat-form-block,bat-form-block-text,bat-form-field,bat-form-field-set,bat-form-field-tip,bat-form-messages,bat-form-msg,bat-form-step,bat-header,bat-header-account,bat-header-account-icon-label,bat-header-account-icon-label-auth,bat-header-account-link,bat-header-account-menu,bat-header-content,bat-header-fixed-spacer,bat-header-logo,bat-header-menu,bat-header-menu-button,bat-header-nav,bat-header-promo,bat-header-promo-link,bat-header-stores,bat-header-stores-link,bat-header-support,bat-header-support-link,bat-header-top,bat-header-utils,bat-header-wrapper,bat-headline,bat-headline-style,bat-headline-sub,bat-icon,bat-image,bat-language,bat-location,bat-message,bat-message-text,bat-messagebar,bat-minicart,bat-minicart-basket-total,bat-minicart-count,bat-minicart-empty-content,bat-minicart-empty-headline,bat-minicart-empty-icon,bat-minicart-empty-message,bat-minicart-subtotal-label,bat-minicart-subtotal-value,bat-minicart-total-items,bat-minicart-wrapper,bat-modal,bat-modal-close,bat-modal-content,bat-navigation,bat-navigation-group,bat-navigation-group-list,bat-navigation-group-list-item,bat-navigation-group-list-item-link,bat-page,bat-section,bat-section-content,bat-section-content-style,bat-section-modal,bat-section-style,bat-text,bat-wrapper,blog-wrapper-with-image,breadcrumb-description,button-dark,button-secondary-dark,consent-block,container-fluid,cq-dd-paragraph,cta-hide,cta-label,cta-logged-in-user,cta-logged-out-user,cta-show,current-page,d-align-right,d-block,d-lg-block,d-lg-none,d-md-block,d-md-none,d-none,d-sm-block,d-sm-none,d-xl-block,d-xl-none,display-address,email-cant-verify,email-invalid,error-msg,existing-user,existing-user-close,fa-plus,field-note,full-width,gallery-steel-grey-gradient,global-components,headline1-color1,headline2-color1,icon-center,icon-plus,icon-right,login-error-message,login-success-message,lookup-field,m-align-left,margin-medium,margin-none,margin-small,menu-title,newsletter-headline,padding-bottom-medium,padding-left-medium,padding-left-small,padding-right-medium,padding-right-small,padding-top-medium,padding-top-xsmall,page-theme,radio-input,radio-set,select-wrapper,submenu-content,text-right,to-login,toggle-visibility,user-invalid,what-is-zonnic,why-zonnic,your-address,your-details,zonnic-logo,zonnic-menu,zonnic-newsletter-modal
blog|https://www.zonnic.ca/ca/en/blog/nicotine-replacement-therapy-guide|address-lookup-field,arrow-link-dark,at-element-marker,ava-nav-menu,background-cover,background-v-top,bat-agegate,bat-button,bat-card,bat-card-info,bat-cmp-contentfragmentcollection,bat-cta,bat-cta-style,bat-email-verification,bat-faq-default,bat-footer-bottom,bat-footer-payment-icons,bat-footer-social-nav,bat-footer-zonnic,bat-footer-zonnic-container,bat-footer-zonnic-copyright,bat-footer-zonnic-disclaimer,bat-footer-zonnic-label-page-breadcrumb,bat-footer-zonnic-logo,bat-footer-zonnic-logo-icon,bat-footer-zonnic-main,bat-footer-zonnic-nav,bat-footer-zonnic-nav-menu,bat-footer-zonnic-nav-menu-title,bat-footer-zonnic-submenu,bat-footer-zonnic-top,bat-form,bat-form-block,bat-form-block-text,bat-form-field,bat-form-field-set,bat-form-field-tip,bat-form-messages,bat-form-msg,bat-form-step,bat-header,bat-header-account,bat-header-account-icon-label,bat-header-account-icon-label-auth,bat-header-account-link,bat-header-account-menu,bat-header-content,bat-header-fixed-spacer,bat-header-logo,bat-header-menu,bat-header-menu-button,bat-header-nav,bat-header-promo,bat-header-promo-link,bat-header-stores,bat-header-stores-link,bat-header-support,bat-header-support-link,bat-header-top,bat-header-utils,bat-header-wrapper,bat-headline,bat-headline-style,bat-headline-sub,bat-icon,bat-image,bat-language,bat-location,bat-message,bat-message-text,bat-messagebar,bat-minicart,bat-minicart-basket-total,bat-minicart-count,bat-minicart-empty-content,bat-minicart-empty-headline,bat-minicart-empty-icon,bat-minicart-empty-message,bat-minicart-subtotal-label,bat-minicart-subtotal-value,bat-minicart-total-items,bat-minicart-wrapper,bat-modal,bat-modal-close,bat-modal-content,bat-navigation,bat-navigation-group,bat-navigation-group-list,bat-navigation-group-list-item,bat-navigation-group-list-item-link,bat-page,bat-section,bat-section-content,bat-section-content-style,bat-section-modal,bat-section-style,bat-text,bat-wrapper,blog-wrapper-with-image,breadcrumb-description,button-dark,button-secondary-dark,consent-block,container-fluid,cq-dd-paragraph,cta-hide,cta-label,cta-logged-in-user,cta-logged-out-user,cta-show,current-page,d-align-right,d-block,d-lg-block,d-lg-none,d-md-block,d-md-none,d-none,d-sm-block,d-sm-none,d-xl-block,d-xl-none,display-address,email-cant-verify,email-invalid,error-msg,existing-user,existing-user-close,fa-plus,field-note,full-width,gallery-steel-grey-gradient,global-components,headline1-color1,headline2-color1,icon-center,icon-plus,icon-right,login-error-message,login-success-message,lookup-field,m-align-left,margin-large,margin-medium,margin-none,margin-small,menu-title,newsletter-headline,padding-bottom-medium,padding-left-medium,padding-left-small,padding-right-medium,padding-right-small,padding-top-medium,padding-top-xsmall,page-theme,radio-input,radio-set,select-wrapper,submenu-content,text-right,to-login,toggle-visibility,user-invalid,what-is-zonnic,why-zonnic,your-address,your-details,zonnic-logo,zonnic-menu,zonnic-newsletter-modal
blog|https://www.zonnic.ca/ca/fr/blog/reset-your-routine-this-fall|address-lookup-field,arrow-link-dark,at-element-marker,ava-nav-menu,background-cover,background-v-top,bat-agegate,bat-button,bat-card,bat-card-info,bat-cmp-contentfragmentcollection,bat-cta,bat-cta-style,bat-email-verification,bat-faq-default,bat-footer-bottom,bat-footer-payment-icons,bat-footer-social-nav,bat-footer-zonnic,bat-footer-zonnic-container,bat-footer-zonnic-copyright,bat-footer-zonnic-disclaimer,bat-footer-zonnic-label-page-breadcrumb,bat-footer-zonnic-logo,bat-footer-zonnic-logo-icon,bat-footer-zonnic-main,bat-footer-zonnic-nav,bat-footer-zonnic-nav-menu,bat-footer-zonnic-nav-menu-title,bat-footer-zonnic-submenu,bat-footer-zonnic-top,bat-form,bat-form-block,bat-form-block-text,bat-form-field,bat-form-field-set,bat-form-field-tip,bat-form-messages,bat-form-msg,bat-form-step,bat-header,bat-header-account,bat-header-account-icon-label,bat-header-account-icon-label-auth,bat-header-account-link,bat-header-account-menu,bat-header-content,bat-header-fixed-spacer,bat-header-logo,bat-header-menu,bat-header-menu-button,bat-header-nav,bat-header-promo,bat-header-promo-link,bat-header-stores,bat-header-stores-link,bat-header-support,bat-header-support-link,bat-header-top,bat-header-utils,bat-header-wrapper,bat-headline,bat-headline-style,bat-headline-sub,bat-icon,bat-image,bat-language,bat-location,bat-message,bat-message-text,bat-messagebar,bat-minicart,bat-minicart-basket-total,bat-minicart-count,bat-minicart-empty-content,bat-minicart-empty-headline,bat-minicart-empty-icon,bat-minicart-empty-message,bat-minicart-subtotal-label,bat-minicart-subtotal-value,bat-minicart-total-items,bat-minicart-wrapper,bat-modal,bat-modal-close,bat-modal-content,bat-navigation,bat-navigation-group,bat-navigation-group-list,bat-navigation-group-list-item,bat-navigation-group-list-item-link,bat-page,bat-section,bat-section-content,bat-section-content-style,bat-section-modal,bat-section-style,bat-text,bat-wrapper,blog-wrapper-with-image,breadcrumb-description,button-dark,button-secondary-dark,consent-block,container-fluid,cq-dd-paragraph,cta-hide,cta-label,cta-logged-in-user,cta-logged-out-user,cta-show,current-page,d-align-right,d-block,d-lg-block,d-lg-none,d-md-block,d-md-none,d-none,d-sm-block,d-sm-none,d-xl-block,d-xl-none,display-address,error-msg,existing-user,existing-user-close,fa-plus,field-note,full-width,gallery-steel-grey-gradient,global-components,headline1-color1,headline2-color1,icon-center,icon-plus,icon-right,login-error-message,login-success-message,lookup-field,m-align-left,margin-medium,margin-none,margin-small,menu-title,newsletter-headline,newsletter-subheadline,padding-bottom-medium,padding-left-medium,padding-left-small,padding-right-medium,padding-right-small,padding-top-medium,padding-top-small,padding-top-xsmall,page-theme,radio-input,radio-set,select-wrapper,submenu-content,text-right,to-login,toggle-visibility,what-is-zonnic,why-zonnic,your-address,your-details,zonnic-logo,zonnic-menu,zonnic-newsletter-modal
blog|https://www.zonnic.ca/ca/en/blog/nicotine-pouches-faqs-myths|address-lookup-field,arrow-link-dark,at-element-marker,ava-nav-menu,background-cover,background-v-top,bat-agegate,bat-button,bat-card,bat-card-info,bat-cmp-contentfragmentcollection,bat-cta,bat-cta-style,bat-email-verification,bat-faq-default,bat-footer-bottom,bat-footer-payment-icons,bat-footer-social-nav,bat-footer-zonnic,bat-footer-zonnic-container,bat-footer-zonnic-copyright,bat-footer-zonnic-disclaimer,bat-footer-zonnic-label-page-breadcrumb,bat-footer-zonnic-logo,bat-footer-zonnic-logo-icon,bat-footer-zonnic-main,bat-footer-zonnic-nav,bat-footer-zonnic-nav-menu,bat-footer-zonnic-nav-menu-title,bat-footer-zonnic-submenu,bat-footer-zonnic-top,bat-form,bat-form-block,bat-form-block-text,bat-form-field,bat-form-field-set,bat-form-field-tip,bat-form-messages,bat-form-msg,bat-form-step,bat-header,bat-header-account,bat-header-account-icon-label,bat-header-account-icon-label-auth,bat-header-account-link,bat-header-account-menu,bat-header-content,bat-header-fixed-spacer,bat-header-logo,bat-header-menu,bat-header-menu-button,bat-header-nav,bat-header-promo,bat-header-promo-link,bat-header-stores,bat-header-stores-link,bat-header-support,bat-header-support-link,bat-header-top,bat-header-utils,bat-header-wrapper,bat-headline,bat-headline-style,bat-headline-sub,bat-icon,bat-image,bat-language,bat-location,bat-message,bat-message-text,bat-messagebar,bat-minicart,bat-minicart-basket-total,bat-minicart-count,bat-minicart-empty-content,bat-minicart-empty-headline,bat-minicart-empty-icon,bat-minicart-empty-message,bat-minicart-subtotal-label,bat-minicart-subtotal-value,bat-minicart-total-items,bat-minicart-wrapper,bat-modal,bat-modal-close,bat-modal-content,bat-navigation,bat-navigation-group,bat-navigation-group-list,bat-navigation-group-list-item,bat-navigation-group-list-item-link,bat-page,bat-section,bat-section-content,bat-section-content-style,bat-section-modal,bat-section-style,bat-text,bat-wrapper,blog-wrapper-with-image,breadcrumb-description,button-dark,button-secondary-dark,consent-block,container-fluid,cq-dd-paragraph,cta-hide,cta-label,cta-logged-in-user,cta-logged-out-user,cta-show,current-page,d-align-right,d-block,d-lg-block,d-lg-none,d-md-block,d-md-none,d-none,d-sm-block,d-sm-none,d-xl-block,d-xl-none,display-address,email-cant-verify,email-invalid,error-msg,existing-user,existing-user-close,fa-plus,field-note,full-width,gallery-steel-grey-gradient,global-components,headline1-color1,headline2-color1,icon-center,icon-plus,icon-right,login-error-message,login-success-message,lookup-field,m-align-left,margin-large,margin-medium,margin-none,margin-small,menu-title,newsletter-headline,padding-bottom-medium,padding-left-medium,padding-left-small,padding-right-medium,padding-right-small,padding-top-medium,padding-top-xsmall,page-theme,radio-input,radio-set,select-wrapper,submenu-content,text-right,to-login,toggle-visibility,user-invalid,what-is-zonnic,why-zonnic,your-address,your-details,zonnic-logo,zonnic-menu,zonnic-newsletter-modal
blog|https://www.zonnic.ca/ca/en/blog/world-mental-health-day-2025|address-lookup-field,arrow-link-dark,at-element-marker,ava-nav-menu,background-cover,background-v-top,bat-agegate,bat-button,bat-card,bat-card-info,bat-cmp-contentfragmentcollection,bat-cta,bat-cta-style,bat-email-verification,bat-faq-default,bat-footer-bottom,bat-footer-payment-icons,bat-footer-social-nav,bat-footer-zonnic,bat-footer-zonnic-container,bat-footer-zonnic-copyright,bat-footer-zonnic-disclaimer,bat-footer-zonnic-label-page-breadcrumb,bat-footer-zonnic-logo,bat-footer-zonnic-logo-icon,bat-footer-zonnic-main,bat-footer-zonnic-nav,bat-footer-zonnic-nav-menu,bat-footer-zonnic-nav-menu-title,bat-footer-zonnic-submenu,bat-footer-zonnic-top,bat-form,bat-form-block,bat-form-block-text,bat-form-field,bat-form-field-set,bat-form-field-tip,bat-form-messages,bat-form-msg,bat-form-step,bat-header,bat-header-account,bat-header-account-icon-label,bat-header-account-icon-label-auth,bat-header-account-link,bat-header-account-menu,bat-header-content,bat-header-fixed-spacer,bat-header-logo,bat-header-menu,bat-header-menu-button,bat-header-nav,bat-header-promo,bat-header-promo-link,bat-header-stores,bat-header-stores-link,bat-header-support,bat-header-support-link,bat-header-top,bat-header-utils,bat-header-wrapper,bat-headline,bat-headline-style,bat-headline-sub,bat-icon,bat-image,bat-language,bat-location,bat-message,bat-message-text,bat-messagebar,bat-minicart,bat-minicart-basket-total,bat-minicart-count,bat-minicart-empty-content,bat-minicart-empty-headline,bat-minicart-empty-icon,bat-minicart-empty-message,bat-minicart-subtotal-label,bat-minicart-subtotal-value,bat-minicart-total-items,bat-minicart-wrapper,bat-modal,bat-modal-close,bat-modal-content,bat-navigation,bat-navigation-group,bat-navigation-group-list,bat-navigation-group-list-item,bat-navigation-group-list-item-link,bat-page,bat-section,bat-section-content,bat-section-content-style,bat-section-modal,bat-section-style,bat-text,bat-wrapper,blog-wrapper-with-image,breadcrumb-description,button-dark,button-secondary-dark,consent-block,container-fluid,cq-dd-paragraph,cta-hide,cta-label,cta-logged-in-user,cta-logged-out-user,cta-show,current-page,d-align-right,d-block,d-lg-block,d-lg-none,d-md-block,d-md-none,d-none,d-sm-block,d-sm-none,d-xl-block,d-xl-none,display-address,email-cant-verify,email-invalid,error-msg,existing-user,existing-user-close,fa-plus,field-note,full-width,gallery-steel-grey-gradient,global-components,headline1-color1,headline2-color1,icon-center,icon-plus,icon-right,login-error-message,login-success-message,lookup-field,m-align-left,margin-large,margin-medium,margin-none,margin-small,menu-title,newsletter-headline,padding-bottom-medium,padding-left-medium,padding-left-small,padding-right-medium,padding-right-small,padding-top-medium,padding-top-xsmall,page-theme,radio-input,radio-set,select-wrapper,submenu-content,text-right,to-login,toggle-visibility,user-invalid,what-is-zonnic,why-zonnic,your-address,your-details,zonnic-logo,zonnic-menu,zonnic-newsletter-modal
blog|https://www.zonnic.ca/ca/fr/blog/nicotine-pouches-faqs-myths|address-lookup-field,arrow-link-dark,at-element-marker,ava-nav-menu,background-cover,background-v-top,bat-agegate,bat-button,bat-card,bat-card-info,bat-cmp-contentfragmentcollection,bat-cta,bat-cta-style,bat-email-verification,bat-faq-default,bat-footer-bottom,bat-footer-payment-icons,bat-footer-social-nav,bat-footer-zonnic,bat-footer-zonnic-container,bat-footer-zonnic-copyright,bat-footer-zonnic-disclaimer,bat-footer-zonnic-label-page-breadcrumb,bat-footer-zonnic-logo,bat-footer-zonnic-logo-icon,bat-footer-zonnic-main,bat-footer-zonnic-nav,bat-footer-zonnic-nav-menu,bat-footer-zonnic-nav-menu-title,bat-footer-zonnic-submenu,bat-footer-zonnic-top,bat-form,bat-form-block,bat-form-block-text,bat-form-field,bat-form-field-set,bat-form-field-tip,bat-form-messages,bat-form-msg,bat-form-step,bat-header,bat-header-account,bat-header-account-icon-label,bat-header-account-icon-label-auth,bat-header-account-link,bat-header-account-menu,bat-header-content,bat-header-fixed-spacer,bat-header-logo,bat-header-menu,bat-header-menu-button,bat-header-nav,bat-header-promo,bat-header-promo-link,bat-header-stores,bat-header-stores-link,bat-header-support,bat-header-support-link,bat-header-top,bat-header-utils,bat-header-wrapper,bat-headline,bat-headline-style,bat-headline-sub,bat-icon,bat-image,bat-language,bat-location,bat-message,bat-message-text,bat-messagebar,bat-minicart,bat-minicart-basket-total,bat-minicart-count,bat-minicart-empty-content,bat-minicart-empty-headline,bat-minicart-empty-icon,bat-minicart-empty-message,bat-minicart-subtotal-label,bat-minicart-subtotal-value,bat-minicart-total-items,bat-minicart-wrapper,bat-modal,bat-modal-close,bat-modal-content,bat-navigation,bat-navigation-group,bat-navigation-group-list,bat-navigation-group-list-item,bat-navigation-group-list-item-link,bat-page,bat-section,bat-section-content,bat-section-content-style,bat-section-modal,bat-section-style,bat-text,bat-wrapper,blog-wrapper-with-image,breadcrumb-description,button-dark,button-secondary-dark,consent-block,container-fluid,cq-dd-paragraph,cta-hide,cta-label,cta-logged-in-user,cta-logged-out-user,cta-show,current-page,d-align-right,d-block,d-lg-block,d-lg-none,d-md-block,d-md-none,d-none,d-sm-block,d-sm-none,d-xl-block,d-xl-none,display-address,error-msg,existing-user,existing-user-close,fa-plus,field-note,full-width,gallery-steel-grey-gradient,global-components,headline1-color1,headline2-color1,icon-center,icon-plus,icon-right,login-error-message,login-success-message,lookup-field,m-align-left,margin-medium,margin-none,margin-small,menu-title,newsletter-headline,newsletter-subheadline,padding-bottom-medium,padding-left-medium,padding-left-small,padding-right-medium,padding-right-small,padding-top-medium,padding-top-small,padding-top-xsmall,page-theme,radio-input,radio-set,select-wrapper,submenu-content,text-right,to-login,toggle-visibility,what-is-zonnic,why-zonnic,your-address,your-details,zonnic-logo,zonnic-menu,zonnic-newsletter-modal
blog|https://www.zonnic.ca/ca/fr/blog/nicotine-terms-glossary|address-lookup-field,arrow-link-dark,at-element-marker,ava-nav-menu,background-cover,background-v-top,bat-agegate,bat-button,bat-card,bat-card-info,bat-cmp-contentfragmentcollection,bat-cta,bat-cta-style,bat-email-verification,bat-faq-default,bat-footer-bottom,bat-footer-payment-icons,bat-footer-social-nav,bat-footer-zonnic,bat-footer-zonnic-container,bat-footer-zonnic-copyright,bat-footer-zonnic-disclaimer,bat-footer-zonnic-label-page-breadcrumb,bat-footer-zonnic-logo,bat-footer-zonnic-logo-icon,bat-footer-zonnic-main,bat-footer-zonnic-nav,bat-footer-zonnic-nav-menu,bat-footer-zonnic-nav-menu-title,bat-footer-zonnic-submenu,bat-footer-zonnic-top,bat-form,bat-form-block,bat-form-block-text,bat-form-field,bat-form-field-set,bat-form-field-tip,bat-form-messages,bat-form-msg,bat-form-step,bat-header,bat-header-account,bat-header-account-icon-label,bat-header-account-icon-label-auth,bat-header-account-link,bat-header-account-menu,bat-header-content,bat-header-fixed-spacer,bat-header-logo,bat-header-menu,bat-header-menu-button,bat-header-nav,bat-header-promo,bat-header-promo-link,bat-header-stores,bat-header-stores-link,bat-header-support,bat-header-support-link,bat-header-top,bat-header-utils,bat-header-wrapper,bat-headline,bat-headline-style,bat-headline-sub,bat-icon,bat-image,bat-language,bat-location,bat-message,bat-message-text,bat-messagebar,bat-minicart,bat-minicart-basket-total,bat-minicart-count,bat-minicart-empty-content,bat-minicart-empty-headline,bat-minicart-empty-icon,bat-minicart-empty-message,bat-minicart-subtotal-label,bat-minicart-subtotal-value,bat-minicart-total-items,bat-minicart-wrapper,bat-modal,bat-modal-close,bat-modal-content,bat-navigation,bat-navigation-group,bat-navigation-group-list,bat-navigation-group-list-item,bat-navigation-group-list-item-link,bat-page,bat-section,bat-section-content,bat-section-content-style,bat-section-modal,bat-section-style,bat-text,bat-wrapper,blog-wrapper-with-image,breadcrumb-description,button-dark,button-secondary-dark,consent-block,container-fluid,cq-dd-paragraph,cta-hide,cta-label,cta-logged-in-user,cta-logged-out-user,cta-show,current-page,d-align-right,d-block,d-lg-block,d-lg-none,d-md-block,d-md-none,d-none,d-sm-block,d-sm-none,d-xl-block,d-xl-none,display-address,error-msg,existing-user,existing-user-close,fa-plus,field-note,full-width,gallery-steel-grey-gradient,global-components,headline1-color1,headline2-color1,icon-center,icon-plus,icon-right,login-error-message,login-success-message,lookup-field,m-align-left,margin-medium,margin-none,margin-small,menu-title,newsletter-headline,newsletter-subheadline,padding-bottom-medium,padding-left-medium,padding-left-small,padding-right-medium,padding-right-small,padding-top-medium,padding-top-small,padding-top-xsmall,page-theme,radio-input,radio-set,select-wrapper,submenu-content,text-right,to-login,toggle-visibility,what-is-zonnic,why-zonnic,your-address,your-details,zonnic-logo,zonnic-menu,zonnic-newsletter-modal
blog|https://www.zonnic.ca/ca/en/blog/cutting-out-smoking-completely|address-lookup-field,arrow-link-dark,at-element-marker,ava-nav-menu,background-cover,background-v-top,bat-agegate,bat-button,bat-card,bat-cta,bat-cta-style,bat-email-verification,bat-footer-bottom,bat-footer-payment-icons,bat-footer-social-nav,bat-footer-zonnic,bat-footer-zonnic-container,bat-footer-zonnic-copyright,bat-footer-zonnic-disclaimer,bat-footer-zonnic-label-page-breadcrumb,bat-footer-zonnic-logo,bat-footer-zonnic-logo-icon,bat-footer-zonnic-main,bat-footer-zonnic-nav,bat-footer-zonnic-nav-menu,bat-footer-zonnic-nav-menu-title,bat-footer-zonnic-submenu,bat-footer-zonnic-top,bat-form,bat-form-block,bat-form-block-text,bat-form-field,bat-form-field-set,bat-form-field-tip,bat-form-messages,bat-form-msg,bat-form-step,bat-header,bat-header-account,bat-header-account-icon-label,bat-header-account-icon-label-auth,bat-header-account-link,bat-header-account-menu,bat-header-content,bat-header-fixed-spacer,bat-header-logo,bat-header-menu,bat-header-menu-button,bat-header-nav,bat-header-promo,bat-header-promo-link,bat-header-stores,bat-header-stores-link,bat-header-support,bat-header-support-link,bat-header-top,bat-header-utils,bat-header-wrapper,bat-headline,bat-headline-style,bat-headline-sub,bat-icon,bat-image,bat-language,bat-location,bat-message,bat-message-text,bat-messagebar,bat-minicart,bat-minicart-basket-total,bat-minicart-count,bat-minicart-empty-content,bat-minicart-empty-headline,bat-minicart-empty-icon,bat-minicart-empty-message,bat-minicart-subtotal-label,bat-minicart-subtotal-value,bat-minicart-total-items,bat-minicart-wrapper,bat-modal,bat-modal-close,bat-modal-content,bat-navigation,bat-navigation-group,bat-navigation-group-list,bat-navigation-group-list-item,bat-navigation-group-list-item-link,bat-page,bat-section,bat-section-content,bat-section-content-style,bat-section-modal,bat-section-style,bat-text,bat-wrapper,blog-wrapper-with-image,breadcrumb-description,button-dark,button-secondary-dark,consent-block,container-fluid,cq-dd-paragraph,cta-hide,cta-label,cta-logged-in-user,cta-logged-out-user,cta-show,current-page,d-align-right,d-block,d-lg-block,d-lg-none,d-md-block,d-md-none,d-none,d-sm-block,d-sm-none,d-xl-block,d-xl-none,display-address,email-cant-verify,email-invalid,error-msg,existing-user,existing-user-close,field-note,full-width,gallery-steel-grey-gradient,global-components,headline1-color1,headline2-color1,icon-plus,icon-right,login-error-message,login-success-message,lookup-field,m-align-left,margin-medium,margin-none,margin-small,menu-title,newsletter-headline,padding-bottom-medium,padding-left-medium,padding-left-small,padding-right-medium,padding-right-small,padding-top-medium,page-theme,radio-input,radio-set,rte-temp,select-wrapper,submenu-content,text-right,to-login,toggle-visibility,user-invalid,what-is-zonnic,why-zonnic,your-address,your-details,zonnic-logo,zonnic-menu,zonnic-newsletter-modal
blog|https://www.zonnic.ca/ca/en/blog/real-stories-quit-smoking|address-lookup-field,arrow-link-dark,at-element-marker,ava-nav-menu,background-cover,background-v-top,bat-agegate,bat-button,bat-card,bat-card-info,bat-cmp-contentfragmentcollection,bat-cta,bat-cta-style,bat-email-verification,bat-faq-default,bat-footer-bottom,bat-footer-payment-icons,bat-footer-social-nav,bat-footer-zonnic,bat-footer-zonnic-container,bat-footer-zonnic-copyright,bat-footer-zonnic-disclaimer,bat-footer-zonnic-label-page-breadcrumb,bat-footer-zonnic-logo,bat-footer-zonnic-logo-icon,bat-footer-zonnic-main,bat-footer-zonnic-nav,bat-footer-zonnic-nav-menu,bat-footer-zonnic-nav-menu-title,bat-footer-zonnic-submenu,bat-footer-zonnic-top,bat-form,bat-form-block,bat-form-block-text,bat-form-field,bat-form-field-set,bat-form-field-tip,bat-form-messages,bat-form-msg,bat-form-step,bat-header,bat-header-account,bat-header-account-icon-label,bat-header-account-icon-label-auth,bat-header-account-link,bat-header-account-menu,bat-header-content,bat-header-fixed-spacer,bat-header-logo,bat-header-menu,bat-header-menu-button,bat-header-nav,bat-header-promo,bat-header-promo-link,bat-header-stores,bat-header-stores-link,bat-header-support,bat-header-support-link,bat-header-top,bat-header-utils,bat-header-wrapper,bat-headline,bat-headline-style,bat-headline-sub,bat-icon,bat-image,bat-language,bat-location,bat-message,bat-message-text,bat-messagebar,bat-minicart,bat-minicart-basket-total,bat-minicart-count,bat-minicart-empty-content,bat-minicart-empty-headline,bat-minicart-empty-icon,bat-minicart-empty-message,bat-minicart-subtotal-label,bat-minicart-subtotal-value,bat-minicart-total-items,bat-minicart-wrapper,bat-modal,bat-modal-close,bat-modal-content,bat-navigation,bat-navigation-group,bat-navigation-group-list,bat-navigation-group-list-item,bat-navigation-group-list-item-link,bat-page,bat-section,bat-section-content,bat-section-content-style,bat-section-modal,bat-section-style,bat-text,bat-wrapper,blog-wrapper-with-image,breadcrumb-description,button-dark,button-secondary-dark,consent-block,container-fluid,cq-dd-paragraph,cta-hide,cta-label,cta-logged-in-user,cta-logged-out-user,cta-show,current-page,d-align-right,d-block,d-lg-block,d-lg-none,d-md-block,d-md-none,d-none,d-sm-block,d-sm-none,d-xl-block,d-xl-none,display-address,email-cant-verify,email-invalid,error-msg,existing-user,existing-user-close,fa-plus,field-note,full-width,gallery-steel-grey-gradient,global-components,headline1-color1,headline2-color1,icon-center,icon-plus,icon-right,login-error-message,login-success-message,lookup-field,m-align-left,margin-large,margin-medium,margin-none,margin-small,menu-title,newsletter-headline,padding-bottom-medium,padding-left-medium,padding-left-small,padding-right-medium,padding-right-small,padding-top-medium,padding-top-xsmall,page-theme,radio-input,radio-set,select-wrapper,submenu-content,text-right,to-login,toggle-visibility,user-invalid,what-is-zonnic,why-zonnic,your-address,your-details,zonnic-logo,zonnic-menu,zonnic-newsletter-modal
blog|https://www.zonnic.ca/ca/en/blog/quit-with-the-help-of-ZONNIC|address-lookup-field,arrow-link-dark,at-element-marker,ava-nav-menu,background-cover,background-v-top,bat-agegate,bat-button,bat-card,bat-card-info,bat-cmp-contentfragmentcollection,bat-cta,bat-cta-style,bat-email-verification,bat-faq-default,bat-footer-bottom,bat-footer-payment-icons,bat-footer-social-nav,bat-footer-zonnic,bat-footer-zonnic-container,bat-footer-zonnic-copyright,bat-footer-zonnic-disclaimer,bat-footer-zonnic-label-page-breadcrumb,bat-footer-zonnic-logo,bat-footer-zonnic-logo-icon,bat-footer-zonnic-main,bat-footer-zonnic-nav,bat-footer-zonnic-nav-menu,bat-footer-zonnic-nav-menu-title,bat-footer-zonnic-submenu,bat-footer-zonnic-top,bat-form,bat-form-block,bat-form-block-text,bat-form-field,bat-form-field-set,bat-form-field-tip,bat-form-messages,bat-form-msg,bat-form-step,bat-header,bat-header-account,bat-header-account-icon-label,bat-header-account-icon-label-auth,bat-header-account-link,bat-header-account-menu,bat-header-content,bat-header-fixed-spacer,bat-header-logo,bat-header-menu,bat-header-menu-button,bat-header-nav,bat-header-promo,bat-header-promo-link,bat-header-stores,bat-header-stores-link,bat-header-support,bat-header-support-link,bat-header-top,bat-header-utils,bat-header-wrapper,bat-headline,bat-headline-style,bat-headline-sub,bat-icon,bat-image,bat-language,bat-location,bat-message,bat-message-text,bat-messagebar,bat-minicart,bat-minicart-basket-total,bat-minicart-count,bat-minicart-empty-content,bat-minicart-empty-headline,bat-minicart-empty-icon,bat-minicart-empty-message,bat-minicart-subtotal-label,bat-minicart-subtotal-value,bat-minicart-total-items,bat-minicart-wrapper,bat-modal,bat-modal-close,bat-modal-content,bat-navigation,bat-navigation-group,bat-navigation-group-list,bat-navigation-group-list-item,bat-navigation-group-list-item-link,bat-page,bat-section,bat-section-content,bat-section-content-style,bat-section-modal,bat-section-style,bat-text,bat-wrapper,blog-wrapper-with-image,breadcrumb-description,button-dark,button-secondary-dark,consent-block,container-fluid,cq-dd-paragraph,cta-hide,cta-label,cta-logged-in-user,cta-logged-out-user,cta-show,current-page,d-align-right,d-block,d-lg-block,d-lg-none,d-md-block,d-md-none,d-none,d-sm-block,d-sm-none,d-xl-block,d-xl-none,display-address,email-cant-verify,email-invalid,error-msg,existing-user,existing-user-close,fa-plus,field-note,full-width,gallery-steel-grey-gradient,global-components,headline1-color1,headline2-color1,icon-center,icon-plus,icon-right,login-error-message,login-success-message,lookup-field,m-align-left,margin-medium,margin-none,margin-small,menu-title,newsletter-headline,padding-bottom-medium,padding-left-medium,padding-left-small,padding-right-medium,padding-right-small,padding-top-medium,padding-top-xsmall,page-theme,radio-input,radio-set,select-wrapper,submenu-content,text-right,to-login,toggle-visibility,user-invalid,what-is-zonnic,why-zonnic,your-address,your-details,zonnic-logo,zonnic-menu,zonnic-newsletter-modal
blog|https://www.zonnic.ca/ca/fr/blog/new-ZONNIC-mint-flavours|address-lookup-field,arrow-link-dark,at-element-marker,ava-nav-menu,background-cover,background-v-top,bat-agegate,bat-button,bat-card,bat-card-info,bat-cmp-contentfragmentcollection,bat-cta,bat-cta-style,bat-email-verification,bat-faq-default,bat-footer-bottom,bat-footer-payment-icons,bat-footer-social-nav,bat-footer-zonnic,bat-footer-zonnic-container,bat-footer-zonnic-copyright,bat-footer-zonnic-disclaimer,bat-footer-zonnic-label-page-breadcrumb,bat-footer-zonnic-logo,bat-footer-zonnic-logo-icon,bat-footer-zonnic-main,bat-footer-zonnic-nav,bat-footer-zonnic-nav-menu,bat-footer-zonnic-nav-menu-title,bat-footer-zonnic-submenu,bat-footer-zonnic-top,bat-form,bat-form-block,bat-form-block-text,bat-form-field,bat-form-field-set,bat-form-field-tip,bat-form-messages,bat-form-msg,bat-form-step,bat-header,bat-header-account,bat-header-account-icon-label,bat-header-account-icon-label-auth,bat-header-account-link,bat-header-account-menu,bat-header-content,bat-header-fixed-spacer,bat-header-logo,bat-header-menu,bat-header-menu-button,bat-header-nav,bat-header-promo,bat-header-promo-link,bat-header-stores,bat-header-stores-link,bat-header-support,bat-header-support-link,bat-header-top,bat-header-utils,bat-header-wrapper,bat-headline,bat-headline-style,bat-headline-sub,bat-icon,bat-image,bat-language,bat-location,bat-message,bat-message-text,bat-messagebar,bat-minicart,bat-minicart-basket-total,bat-minicart-count,bat-minicart-empty-content,bat-minicart-empty-headline,bat-minicart-empty-icon,bat-minicart-empty-message,bat-minicart-subtotal-label,bat-minicart-subtotal-value,bat-minicart-total-items,bat-minicart-wrapper,bat-modal,bat-modal-close,bat-modal-content,bat-navigation,bat-navigation-group,bat-navigation-group-list,bat-navigation-group-list-item,bat-navigation-group-list-item-link,bat-page,bat-section,bat-section-content,bat-section-content-style,bat-section-modal,bat-section-style,bat-text,bat-wrapper,blog-wrapper-with-image,breadcrumb-description,button-dark,button-secondary-dark,consent-block,container-fluid,cq-dd-paragraph,cta-hide,cta-label,cta-logged-in-user,cta-logged-out-user,cta-show,current-page,d-align-right,d-block,d-lg-block,d-lg-none,d-md-block,d-md-none,d-none,d-sm-block,d-sm-none,d-xl-block,d-xl-none,display-address,error-msg,existing-user,existing-user-close,fa-plus,field-note,full-width,gallery-steel-grey-gradient,global-components,headline1-color1,headline2-color1,icon-center,icon-plus,icon-right,login-error-message,login-success-message,lookup-field,m-align-left,margin-medium,margin-none,margin-small,menu-title,newsletter-headline,newsletter-subheadline,padding-bottom-medium,padding-left-medium,padding-left-small,padding-right-medium,padding-right-small,padding-top-medium,padding-top-xsmall,page-theme,radio-input,radio-set,select-wrapper,submenu-content,text-right,to-login,toggle-visibility,what-is-zonnic,why-zonnic,your-address,your-details,zonnic-logo,zonnic-menu,zonnic-newsletter-modal
blog|https://www.zonnic.ca/ca/fr/blog/world-kindness-day-2025|address-lookup-field,arrow-link-dark,at-element-marker,ava-nav-menu,background-cover,background-v-top,bat-agegate,bat-button,bat-card,bat-card-info,bat-cmp-contentfragmentcollection,bat-cta,bat-cta-style,bat-email-verification,bat-faq-default,bat-footer-bottom,bat-footer-payment-icons,bat-footer-social-nav,bat-footer-zonnic,bat-footer-zonnic-container,bat-footer-zonnic-copyright,bat-footer-zonnic-disclaimer,bat-footer-zonnic-label-page-breadcrumb,bat-footer-zonnic-logo,bat-footer-zonnic-logo-icon,bat-footer-zonnic-main,bat-footer-zonnic-nav,bat-footer-zonnic-nav-menu,bat-footer-zonnic-nav-menu-title,bat-footer-zonnic-submenu,bat-footer-zonnic-top,bat-form,bat-form-block,bat-form-block-text,bat-form-field,bat-form-field-set,bat-form-field-tip,bat-form-messages,bat-form-msg,bat-form-step,bat-header,bat-header-account,bat-header-account-icon-label,bat-header-account-icon-label-auth,bat-header-account-link,bat-header-account-menu,bat-header-content,bat-header-fixed-spacer,bat-header-logo,bat-header-menu,bat-header-menu-button,bat-header-nav,bat-header-promo,bat-header-promo-link,bat-header-stores,bat-header-stores-link,bat-header-support,bat-header-support-link,bat-header-top,bat-header-utils,bat-header-wrapper,bat-headline,bat-headline-style,bat-headline-sub,bat-icon,bat-image,bat-language,bat-location,bat-message,bat-message-text,bat-messagebar,bat-minicart,bat-minicart-basket-total,bat-minicart-count,bat-minicart-empty-content,bat-minicart-empty-headline,bat-minicart-empty-icon,bat-minicart-empty-message,bat-minicart-subtotal-label,bat-minicart-subtotal-value,bat-minicart-total-items,bat-minicart-wrapper,bat-modal,bat-modal-close,bat-modal-content,bat-navigation,bat-navigation-group,bat-navigation-group-list,bat-navigation-group-list-item,bat-navigation-group-list-item-link,bat-page,bat-section,bat-section-content,bat-section-content-style,bat-section-modal,bat-section-style,bat-text,bat-wrapper,blog-wrapper-with-image,breadcrumb-description,button-dark,button-secondary-dark,consent-block,container-fluid,cq-dd-paragraph,cta-hide,cta-label,cta-logged-in-user,cta-logged-out-user,cta-show,current-page,d-align-right,d-block,d-lg-block,d-lg-none,d-md-block,d-md-none,d-none,d-sm-block,d-sm-none,d-xl-block,d-xl-none,display-address,error-msg,existing-user,existing-user-close,fa-plus,field-note,full-width,gallery-steel-grey-gradient,global-components,headline1-color1,headline2-color1,icon-center,icon-plus,icon-right,login-error-message,login-success-message,lookup-field,m-align-left,margin-medium,margin-none,margin-small,menu-title,newsletter-headline,newsletter-subheadline,padding-bottom-medium,padding-left-medium,padding-left-small,padding-right-medium,padding-right-small,padding-top-medium,padding-top-small,padding-top-xsmall,page-theme,radio-input,radio-set,select-wrapper,submenu-content,text-right,to-login,toggle-visibility,what-is-zonnic,why-zonnic,your-address,your-details,zonnic-logo,zonnic-menu,zonnic-newsletter-modal
blog|https://www.zonnic.ca/ca/fr/blog/before-buying-nicotine-pouches|address-lookup-field,arrow-link-dark,at-element-marker,ava-nav-menu,background-cover,background-v-top,bat-agegate,bat-button,bat-card,bat-card-info,bat-cmp-contentfragmentcollection,bat-cta,bat-cta-style,bat-email-verification,bat-faq-default,bat-footer-bottom,bat-footer-payment-icons,bat-footer-social-nav,bat-footer-zonnic,bat-footer-zonnic-container,bat-footer-zonnic-copyright,bat-footer-zonnic-disclaimer,bat-footer-zonnic-label-page-breadcrumb,bat-footer-zonnic-logo,bat-footer-zonnic-logo-icon,bat-footer-zonnic-main,bat-footer-zonnic-nav,bat-footer-zonnic-nav-menu,bat-footer-zonnic-nav-menu-title,bat-footer-zonnic-submenu,bat-footer-zonnic-top,bat-form,bat-form-block,bat-form-block-text,bat-form-field,bat-form-field-set,bat-form-field-tip,bat-form-messages,bat-form-msg,bat-form-step,bat-header,bat-header-account,bat-header-account-icon-label,bat-header-account-icon-label-auth,bat-header-account-link,bat-header-account-menu,bat-header-content,bat-header-fixed-spacer,bat-header-logo,bat-header-menu,bat-header-menu-button,bat-header-nav,bat-header-promo,bat-header-promo-link,bat-header-stores,bat-header-stores-link,bat-header-support,bat-header-support-link,bat-header-top,bat-header-utils,bat-header-wrapper,bat-headline,bat-headline-style,bat-headline-sub,bat-icon,bat-image,bat-language,bat-location,bat-message,bat-message-text,bat-messagebar,bat-minicart,bat-minicart-basket-total,bat-minicart-count,bat-minicart-empty-content,bat-minicart-empty-headline,bat-minicart-empty-icon,bat-minicart-empty-message,bat-minicart-subtotal-label,bat-minicart-subtotal-value,bat-minicart-total-items,bat-minicart-wrapper,bat-modal,bat-modal-close,bat-modal-content,bat-navigation,bat-navigation-group,bat-navigation-group-list,bat-navigation-group-list-item,bat-navigation-group-list-item-link,bat-page,bat-section,bat-section-content,bat-section-content-style,bat-section-modal,bat-section-style,bat-text,bat-wrapper,blog-wrapper-with-image,breadcrumb-description,button-dark,button-secondary-dark,consent-block,container-fluid,cq-dd-paragraph,cta-hide,cta-label,cta-logged-in-user,cta-logged-out-user,cta-show,current-page,d-align-right,d-block,d-lg-block,d-lg-none,d-md-block,d-md-none,d-none,d-sm-block,d-sm-none,d-xl-block,d-xl-none,display-address,error-msg,existing-user,existing-user-close,fa-plus,field-note,full-width,gallery-steel-grey-gradient,global-components,headline1-color1,headline2-color1,icon-center,icon-plus,icon-right,login-error-message,login-success-message,lookup-field,m-align-left,margin-medium,margin-none,margin-small,menu-title,newsletter-headline,newsletter-subheadline,padding-bottom-medium,padding-left-medium,padding-left-small,padding-right-medium,padding-right-small,padding-top-medium,padding-top-xsmall,page-theme,radio-input,radio-set,select-wrapper,submenu-content,text-right,to-login,toggle-visibility,what-is-zonnic,why-zonnic,your-address,your-details,zonnic-logo,zonnic-menu,zonnic-newsletter-modal
blog|https://www.zonnic.ca/ca/fr/blog/fostering-smoke-free-environment|address-lookup-field,arrow-link-dark,at-element-marker,ava-nav-menu,background-cover,background-v-top,bat-agegate,bat-button,bat-card,bat-cta,bat-cta-style,bat-email-verification,bat-footer-bottom,bat-footer-payment-icons,bat-footer-social-nav,bat-footer-zonnic,bat-footer-zonnic-container,bat-footer-zonnic-copyright,bat-footer-zonnic-disclaimer,bat-footer-zonnic-label-page-breadcrumb,bat-footer-zonnic-logo,bat-footer-zonnic-logo-icon,bat-footer-zonnic-main,bat-footer-zonnic-nav,bat-footer-zonnic-nav-menu,bat-footer-zonnic-nav-menu-title,bat-footer-zonnic-submenu,bat-footer-zonnic-top,bat-form,bat-form-block,bat-form-block-text,bat-form-field,bat-form-field-set,bat-form-field-tip,bat-form-messages,bat-form-msg,bat-form-step,bat-header,bat-header-account,bat-header-account-icon-label,bat-header-account-icon-label-auth,bat-header-account-link,bat-header-account-menu,bat-header-content,bat-header-fixed-spacer,bat-header-logo,bat-header-menu,bat-header-menu-button,bat-header-nav,bat-header-promo,bat-header-promo-link,bat-header-stores,bat-header-stores-link,bat-header-support,bat-header-support-link,bat-header-top,bat-header-utils,bat-header-wrapper,bat-headline,bat-headline-style,bat-headline-sub,bat-icon,bat-image,bat-language,bat-location,bat-message,bat-message-text,bat-messagebar,bat-minicart,bat-minicart-basket-total,bat-minicart-count,bat-minicart-empty-content,bat-minicart-empty-headline,bat-minicart-empty-icon,bat-minicart-empty-message,bat-minicart-subtotal-label,bat-minicart-subtotal-value,bat-minicart-total-items,bat-minicart-wrapper,bat-modal,bat-modal-close,bat-modal-content,bat-navigation,bat-navigation-group,bat-navigation-group-list,bat-navigation-group-list-item,bat-navigation-group-list-item-link,bat-page,bat-section,bat-section-content,bat-section-content-style,bat-section-modal,bat-section-style,bat-text,bat-wrapper,blog-wrapper-with-image,breadcrumb-description,button-dark,button-secondary-dark,consent-block,container-fluid,cq-dd-paragraph,cta-hide,cta-label,cta-logged-in-user,cta-logged-out-user,cta-show,current-page,d-align-right,d-block,d-lg-block,d-lg-none,d-md-block,d-md-none,d-none,d-sm-block,d-sm-none,d-xl-block,d-xl-none,display-address,error-msg,existing-user,existing-user-close,field-note,full-width,gallery-steel-grey-gradient,global-components,headline1-color1,headline2-color1,icon-plus,icon-right,login-error-message,login-success-message,lookup-field,m-align-left,margin-medium,margin-none,margin-small,menu-title,newsletter-headline,newsletter-subheadline,padding-bottom-medium,padding-left-medium,padding-left-small,padding-right-medium,padding-right-small,padding-top-medium,page-theme,radio-input,radio-set,select-wrapper,submenu-content,text-right,to-login,toggle-visibility,what-is-zonnic,why-zonnic,your-address,your-details,zonnic-logo,zonnic-menu,zonnic-newsletter-modal
blog|https://www.zonnic.ca/ca/fr/blog/side-effects-quitting-smoking|address-lookup-field,arrow-link-dark,at-element-marker,ava-nav-menu,background-cover,background-v-top,bat-agegate,bat-button,bat-card,bat-card-info,bat-cmp-contentfragmentcollection,bat-cta,bat-cta-style,bat-email-verification,bat-faq-default,bat-footer-bottom,bat-footer-payment-icons,bat-footer-social-nav,bat-footer-zonnic,bat-footer-zonnic-container,bat-footer-zonnic-copyright,bat-footer-zonnic-disclaimer,bat-footer-zonnic-label-page-breadcrumb,bat-footer-zonnic-logo,bat-footer-zonnic-logo-icon,bat-footer-zonnic-main,bat-footer-zonnic-nav,bat-footer-zonnic-nav-menu,bat-footer-zonnic-nav-menu-title,bat-footer-zonnic-submenu,bat-footer-zonnic-top,bat-form,bat-form-block,bat-form-block-text,bat-form-field,bat-form-field-set,bat-form-field-tip,bat-form-messages,bat-form-msg,bat-form-step,bat-header,bat-header-account,bat-header-account-icon-label,bat-header-account-icon-label-auth,bat-header-account-link,bat-header-account-menu,bat-header-content,bat-header-fixed-spacer,bat-header-logo,bat-header-menu,bat-header-menu-button,bat-header-nav,bat-header-promo,bat-header-promo-link,bat-header-stores,bat-header-stores-link,bat-header-support,bat-header-support-link,bat-header-top,bat-header-utils,bat-header-wrapper,bat-headline,bat-headline-style,bat-headline-sub,bat-icon,bat-image,bat-language,bat-location,bat-message,bat-message-text,bat-messagebar,bat-minicart,bat-minicart-basket-total,bat-minicart-count,bat-minicart-empty-content,bat-minicart-empty-headline,bat-minicart-empty-icon,bat-minicart-empty-message,bat-minicart-subtotal-label,bat-minicart-subtotal-value,bat-minicart-total-items,bat-minicart-wrapper,bat-modal,bat-modal-close,bat-modal-content,bat-navigation,bat-navigation-group,bat-navigation-group-list,bat-navigation-group-list-item,bat-navigation-group-list-item-link,bat-page,bat-section,bat-section-content,bat-section-content-style,bat-section-modal,bat-section-style,bat-text,bat-wrapper,blog-wrapper-with-image,breadcrumb-description,button-dark,button-secondary-dark,consent-block,container-fluid,cq-dd-paragraph,cta-hide,cta-label,cta-logged-in-user,cta-logged-out-user,cta-show,current-page,d-align-right,d-block,d-lg-block,d-lg-none,d-md-block,d-md-none,d-none,d-sm-block,d-sm-none,d-xl-block,d-xl-none,display-address,error-msg,existing-user,existing-user-close,fa-plus,field-note,full-width,gallery-steel-grey-gradient,global-components,headline1-color1,headline2-color1,icon-center,icon-plus,icon-right,login-error-message,login-success-message,lookup-field,m-align-left,margin-medium,margin-none,margin-small,menu-title,newsletter-headline,newsletter-subheadline,padding-bottom-medium,padding-left-medium,padding-left-small,padding-right-medium,padding-right-small,padding-top-medium,padding-top-xsmall,page-theme,radio-input,radio-set,rte-temp,select-wrapper,submenu-content,text-right,to-login,toggle-visibility,what-is-zonnic,why-zonnic,your-address,your-details,zonnic-logo,zonnic-menu,zonnic-newsletter-modal
blog|https://www.zonnic.ca/ca/fr/blog/how-to-use-nicotine-pouches|address-lookup-field,arrow-link-dark,at-element-marker,ava-nav-menu,background-cover,background-v-top,bat-agegate,bat-button,bat-card,bat-card-info,bat-cmp-contentfragmentcollection,bat-cta,bat-cta-style,bat-email-verification,bat-faq-default,bat-footer-bottom,bat-footer-payment-icons,bat-footer-social-nav,bat-footer-zonnic,bat-footer-zonnic-container,bat-footer-zonnic-copyright,bat-footer-zonnic-disclaimer,bat-footer-zonnic-label-page-breadcrumb,bat-footer-zonnic-logo,bat-footer-zonnic-logo-icon,bat-footer-zonnic-main,bat-footer-zonnic-nav,bat-footer-zonnic-nav-menu,bat-footer-zonnic-nav-menu-title,bat-footer-zonnic-submenu,bat-footer-zonnic-top,bat-form,bat-form-block,bat-form-block-text,bat-form-field,bat-form-field-set,bat-form-field-tip,bat-form-messages,bat-form-msg,bat-form-step,bat-header,bat-header-account,bat-header-account-icon-label,bat-header-account-icon-label-auth,bat-header-account-link,bat-header-account-menu,bat-header-content,bat-header-fixed-spacer,bat-header-logo,bat-header-menu,bat-header-menu-button,bat-header-nav,bat-header-promo,bat-header-promo-link,bat-header-stores,bat-header-stores-link,bat-header-support,bat-header-support-link,bat-header-top,bat-header-utils,bat-header-wrapper,bat-headline,bat-headline-style,bat-headline-sub,bat-icon,bat-image,bat-language,bat-location,bat-message,bat-message-text,bat-messagebar,bat-minicart,bat-minicart-basket-total,bat-minicart-count,bat-minicart-empty-content,bat-minicart-empty-headline,bat-minicart-empty-icon,bat-minicart-empty-message,bat-minicart-subtotal-label,bat-minicart-subtotal-value,bat-minicart-total-items,bat-minicart-wrapper,bat-modal,bat-modal-close,bat-modal-content,bat-navigation,bat-navigation-group,bat-navigation-group-list,bat-navigation-group-list-item,bat-navigation-group-list-item-link,bat-page,bat-section,bat-section-content,bat-section-content-style,bat-section-modal,bat-section-style,bat-text,bat-wrapper,blog-wrapper-with-image,breadcrumb-description,button-dark,button-secondary-dark,consent-block,container-fluid,cq-dd-paragraph,cta-hide,cta-label,cta-logged-in-user,cta-logged-out-user,cta-show,current-page,d-align-right,d-block,d-lg-block,d-lg-none,d-md-block,d-md-none,d-none,d-sm-block,d-sm-none,d-xl-block,d-xl-none,display-address,error-msg,existing-user,existing-user-close,fa-plus,field-note,full-width,gallery-steel-grey-gradient,global-components,headline1-color1,headline2-color1,icon-center,icon-plus,icon-right,login-error-message,login-success-message,lookup-field,m-align-left,margin-medium,margin-none,margin-small,menu-title,newsletter-headline,newsletter-subheadline,padding-bottom-medium,padding-left-medium,padding-left-small,padding-right-medium,padding-right-small,padding-top-medium,padding-top-xsmall,page-theme,radio-input,radio-set,select-wrapper,submenu-content,text-right,to-login,toggle-visibility,what-is-zonnic,why-zonnic,your-address,your-details,zonnic-logo,zonnic-menu,zonnic-newsletter-modal
blog|https://www.zonnic.ca/ca/fr/blog/power-to-hold-back|address-lookup-field,arrow-link-dark,at-element-marker,ava-nav-menu,background-cover,background-v-top,bat-agegate,bat-button,bat-card,bat-cta,bat-cta-style,bat-email-verification,bat-footer-bottom,bat-footer-payment-icons,bat-footer-social-nav,bat-footer-zonnic,bat-footer-zonnic-container,bat-footer-zonnic-copyright,bat-footer-zonnic-disclaimer,bat-footer-zonnic-label-page-breadcrumb,bat-footer-zonnic-logo,bat-footer-zonnic-logo-icon,bat-footer-zonnic-main,bat-footer-zonnic-nav,bat-footer-zonnic-nav-menu,bat-footer-zonnic-nav-menu-title,bat-footer-zonnic-submenu,bat-footer-zonnic-top,bat-form,bat-form-block,bat-form-block-text,bat-form-field,bat-form-field-set,bat-form-field-tip,bat-form-messages,bat-form-msg,bat-form-step,bat-header,bat-header-account,bat-header-account-icon-label,bat-header-account-icon-label-auth,bat-header-account-link,bat-header-account-menu,bat-header-content,bat-header-fixed-spacer,bat-header-logo,bat-header-menu,bat-header-menu-button,bat-header-nav,bat-header-promo,bat-header-promo-link,bat-header-stores,bat-header-stores-link,bat-header-support,bat-header-support-link,bat-header-top,bat-header-utils,bat-header-wrapper,bat-headline,bat-headline-style,bat-headline-sub,bat-icon,bat-image,bat-language,bat-location,bat-message,bat-message-text,bat-messagebar,bat-minicart,bat-minicart-basket-total,bat-minicart-count,bat-minicart-empty-content,bat-minicart-empty-headline,bat-minicart-empty-icon,bat-minicart-empty-message,bat-minicart-subtotal-label,bat-minicart-subtotal-value,bat-minicart-total-items,bat-minicart-wrapper,bat-modal,bat-modal-close,bat-modal-content,bat-navigation,bat-navigation-group,bat-navigation-group-list,bat-navigation-group-list-item,bat-navigation-group-list-item-link,bat-page,bat-section,bat-section-content,bat-section-content-style,bat-section-modal,bat-section-style,bat-text,bat-wrapper,blog-wrapper-with-image,breadcrumb-description,button-dark,button-secondary-dark,consent-block,container-fluid,cq-dd-paragraph,cta-hide,cta-label,cta-logged-in-user,cta-logged-out-user,cta-show,current-page,d-align-right,d-block,d-lg-block,d-lg-none,d-md-block,d-md-none,d-none,d-sm-block,d-sm-none,d-xl-block,d-xl-none,display-address,error-msg,existing-user,existing-user-close,field-note,full-width,gallery-steel-grey-gradient,global-components,headline1-color1,headline2-color1,icon-plus,icon-right,login-error-message,login-success-message,lookup-field,m-align-left,margin-medium,margin-none,margin-small,menu-title,newsletter-headline,newsletter-subheadline,padding-bottom-medium,padding-left-medium,padding-left-small,padding-right-medium,padding-right-small,padding-top-medium,page-theme,radio-input,radio-set,select-wrapper,submenu-content,text-right,to-login,toggle-visibility,what-is-zonnic,why-zonnic,your-address,your-details,zonnic-logo,zonnic-menu,zonnic-newsletter-modal
blog|https://www.zonnic.ca/ca/en/blog/international-self-care-day|address-lookup-field,arrow-link-dark,at-element-marker,ava-nav-menu,background-cover,background-v-top,bat-agegate,bat-button,bat-card,bat-card-info,bat-cmp-contentfragmentcollection,bat-cta,bat-cta-style,bat-email-verification,bat-faq-default,bat-footer-bottom,bat-footer-payment-icons,bat-footer-social-nav,bat-footer-zonnic,bat-footer-zonnic-container,bat-footer-zonnic-copyright,bat-footer-zonnic-disclaimer,bat-footer-zonnic-label-page-breadcrumb,bat-footer-zonnic-logo,bat-footer-zonnic-logo-icon,bat-footer-zonnic-main,bat-footer-zonnic-nav,bat-footer-zonnic-nav-menu,bat-footer-zonnic-nav-menu-title,bat-footer-zonnic-submenu,bat-footer-zonnic-top,bat-form,bat-form-block,bat-form-block-text,bat-form-field,bat-form-field-set,bat-form-field-tip,bat-form-messages,bat-form-msg,bat-form-step,bat-header,bat-header-account,bat-header-account-icon-label,bat-header-account-icon-label-auth,bat-header-account-link,bat-header-account-menu,bat-header-content,bat-header-fixed-spacer,bat-header-logo,bat-header-menu,bat-header-menu-button,bat-header-nav,bat-header-promo,bat-header-promo-link,bat-header-stores,bat-header-stores-link,bat-header-support,bat-header-support-link,bat-header-top,bat-header-utils,bat-header-wrapper,bat-headline,bat-headline-style,bat-headline-sub,bat-icon,bat-image,bat-language,bat-location,bat-message,bat-message-text,bat-messagebar,bat-minicart,bat-minicart-basket-total,bat-minicart-count,bat-minicart-empty-content,bat-minicart-empty-headline,bat-minicart-empty-icon,bat-minicart-empty-message,bat-minicart-subtotal-label,bat-minicart-subtotal-value,bat-minicart-total-items,bat-minicart-wrapper,bat-modal,bat-modal-close,bat-modal-content,bat-navigation,bat-navigation-group,bat-navigation-group-list,bat-navigation-group-list-item,bat-navigation-group-list-item-link,bat-page,bat-section,bat-section-content,bat-section-content-style,bat-section-modal,bat-section-style,bat-text,bat-wrapper,blog-wrapper-with-image,breadcrumb-description,button-dark,button-secondary-dark,consent-block,container-fluid,cq-dd-paragraph,cta-hide,cta-label,cta-logged-in-user,cta-logged-out-user,cta-show,current-page,d-align-right,d-block,d-lg-block,d-lg-none,d-md-block,d-md-none,d-none,d-sm-block,d-sm-none,d-xl-block,d-xl-none,display-address,email-cant-verify,email-invalid,error-msg,existing-user,existing-user-close,fa-plus,field-note,full-width,gallery-steel-grey-gradient,global-components,headline1-color1,headline2-color1,icon-center,icon-plus,icon-right,login-error-message,login-success-message,lookup-field,m-align-left,margin-large,margin-medium,margin-none,margin-small,menu-title,newsletter-headline,padding-bottom-medium,padding-left-medium,padding-left-small,padding-right-medium,padding-right-small,padding-top-medium,padding-top-xsmall,page-theme,radio-input,radio-set,select-wrapper,submenu-content,text-right,to-login,toggle-visibility,user-invalid,what-is-zonnic,why-zonnic,your-address,your-details,zonnic-logo,zonnic-menu,zonnic-newsletter-modal
blog|https://www.zonnic.ca/ca/en/blog/where-can-i-get-zonnic|address-lookup-field,arrow-link-dark,at-element-marker,ava-nav-menu,background-cover,background-v-top,bat-agegate,bat-button,bat-card,bat-card-info,bat-cmp-contentfragmentcollection,bat-cta,bat-cta-style,bat-email-verification,bat-faq-default,bat-footer-bottom,bat-footer-payment-icons,bat-footer-social-nav,bat-footer-zonnic,bat-footer-zonnic-container,bat-footer-zonnic-copyright,bat-footer-zonnic-disclaimer,bat-footer-zonnic-label-page-breadcrumb,bat-footer-zonnic-logo,bat-footer-zonnic-logo-icon,bat-footer-zonnic-main,bat-footer-zonnic-nav,bat-footer-zonnic-nav-menu,bat-footer-zonnic-nav-menu-title,bat-footer-zonnic-submenu,bat-footer-zonnic-top,bat-form,bat-form-block,bat-form-block-text,bat-form-field,bat-form-field-set,bat-form-field-tip,bat-form-messages,bat-form-msg,bat-form-step,bat-header,bat-header-account,bat-header-account-icon-label,bat-header-account-icon-label-auth,bat-header-account-link,bat-header-account-menu,bat-header-content,bat-header-fixed-spacer,bat-header-logo,bat-header-menu,bat-header-menu-button,bat-header-nav,bat-header-promo,bat-header-promo-link,bat-header-stores,bat-header-stores-link,bat-header-support,bat-header-support-link,bat-header-top,bat-header-utils,bat-header-wrapper,bat-headline,bat-headline-style,bat-headline-sub,bat-icon,bat-image,bat-language,bat-location,bat-message,bat-message-text,bat-messagebar,bat-minicart,bat-minicart-basket-total,bat-minicart-count,bat-minicart-empty-content,bat-minicart-empty-headline,bat-minicart-empty-icon,bat-minicart-empty-message,bat-minicart-subtotal-label,bat-minicart-subtotal-value,bat-minicart-total-items,bat-minicart-wrapper,bat-modal,bat-modal-close,bat-modal-content,bat-navigation,bat-navigation-group,bat-navigation-group-list,bat-navigation-group-list-item,bat-navigation-group-list-item-link,bat-page,bat-section,bat-section-content,bat-section-content-style,bat-section-modal,bat-section-style,bat-text,bat-wrapper,blog-wrapper-with-image,breadcrumb-description,button-dark,button-secondary-dark,consent-block,container-fluid,cq-dd-paragraph,cta-hide,cta-label,cta-logged-in-user,cta-logged-out-user,cta-show,current-page,d-align-right,d-block,d-lg-block,d-lg-none,d-md-block,d-md-none,d-none,d-sm-block,d-sm-none,d-xl-block,d-xl-none,display-address,email-cant-verify,email-invalid,error-msg,existing-user,existing-user-close,fa-plus,field-note,full-width,gallery-steel-grey-gradient,global-components,headline1-color1,headline2-color1,icon-center,icon-plus,icon-right,login-error-message,login-success-message,lookup-field,m-align-left,margin-medium,margin-none,margin-small,menu-title,newsletter-headline,padding-bottom-medium,padding-left-medium,padding-left-small,padding-right-medium,padding-right-small,padding-top-medium,padding-top-xsmall,page-theme,radio-input,radio-set,select-wrapper,submenu-content,text-right,to-login,toggle-visibility,user-invalid,what-is-zonnic,why-zonnic,your-address,your-details,zonnic-logo,zonnic-menu,zonnic-newsletter-modal
blog|https://www.zonnic.ca/ca/fr/blog/start-fresh-with-ZONNIC|address-lookup-field,arrow-link-dark,at-element-marker,ava-nav-menu,background-cover,background-v-top,bat-agegate,bat-button,bat-card,bat-card-info,bat-cmp-contentfragmentcollection,bat-cta,bat-cta-style,bat-email-verification,bat-faq-default,bat-footer-bottom,bat-footer-payment-icons,bat-footer-social-nav,bat-footer-zonnic,bat-footer-zonnic-container,bat-footer-zonnic-copyright,bat-footer-zonnic-disclaimer,bat-footer-zonnic-label-page-breadcrumb,bat-footer-zonnic-logo,bat-footer-zonnic-logo-icon,bat-footer-zonnic-main,bat-footer-zonnic-nav,bat-footer-zonnic-nav-menu,bat-footer-zonnic-nav-menu-title,bat-footer-zonnic-submenu,bat-footer-zonnic-top,bat-form,bat-form-block,bat-form-block-text,bat-form-field,bat-form-field-set,bat-form-field-tip,bat-form-messages,bat-form-msg,bat-form-step,bat-header,bat-header-account,bat-header-account-icon-label,bat-header-account-icon-label-auth,bat-header-account-link,bat-header-account-menu,bat-header-content,bat-header-fixed-spacer,bat-header-logo,bat-header-menu,bat-header-menu-button,bat-header-nav,bat-header-promo,bat-header-promo-link,bat-header-stores,bat-header-stores-link,bat-header-support,bat-header-support-link,bat-header-top,bat-header-utils,bat-header-wrapper,bat-headline,bat-headline-style,bat-headline-sub,bat-icon,bat-image,bat-language,bat-location,bat-message,bat-message-text,bat-messagebar,bat-minicart,bat-minicart-basket-total,bat-minicart-count,bat-minicart-empty-content,bat-minicart-empty-headline,bat-minicart-empty-icon,bat-minicart-empty-message,bat-minicart-subtotal-label,bat-minicart-subtotal-value,bat-minicart-total-items,bat-minicart-wrapper,bat-modal,bat-modal-close,bat-modal-content,bat-navigation,bat-navigation-group,bat-navigation-group-list,bat-navigation-group-list-item,bat-navigation-group-list-item-link,bat-page,bat-section,bat-section-content,bat-section-content-style,bat-section-modal,bat-section-style,bat-text,bat-wrapper,blog-wrapper-with-image,breadcrumb-description,button-dark,button-secondary-dark,consent-block,container-fluid,cq-dd-paragraph,cta-hide,cta-label,cta-logged-in-user,cta-logged-out-user,cta-show,current-page,d-align-right,d-block,d-lg-block,d-lg-none,d-md-block,d-md-none,d-none,d-sm-block,d-sm-none,d-xl-block,d-xl-none,display-address,error-msg,existing-user,existing-user-close,fa-plus,field-note,full-width,gallery-steel-grey-gradient,global-components,headline1-color1,headline2-color1,icon-center,icon-plus,icon-right,login-error-message,login-success-message,lookup-field,m-align-left,margin-medium,margin-none,margin-small,menu-title,newsletter-headline,newsletter-subheadline,padding-bottom-medium,padding-left-medium,padding-left-small,padding-right-medium,padding-right-small,padding-top-medium,padding-top-xsmall,page-theme,radio-input,radio-set,select-wrapper,submenu-content,text-right,to-login,toggle-visibility,what-is-zonnic,why-zonnic,your-address,your-details,zonnic-logo,zonnic-menu,zonnic-newsletter-modal
blog|https://www.zonnic.ca/ca/fr/blog/global-wellness-day|address-lookup-field,arrow-link-dark,at-element-marker,ava-nav-menu,background-cover,background-v-top,bat-agegate,bat-button,bat-card,bat-card-info,bat-cmp-contentfragmentcollection,bat-cta,bat-cta-style,bat-email-verification,bat-faq-default,bat-footer-bottom,bat-footer-payment-icons,bat-footer-social-nav,bat-footer-zonnic,bat-footer-zonnic-container,bat-footer-zonnic-copyright,bat-footer-zonnic-disclaimer,bat-footer-zonnic-label-page-breadcrumb,bat-footer-zonnic-logo,bat-footer-zonnic-logo-icon,bat-footer-zonnic-main,bat-footer-zonnic-nav,bat-footer-zonnic-nav-menu,bat-footer-zonnic-nav-menu-title,bat-footer-zonnic-submenu,bat-footer-zonnic-top,bat-form,bat-form-block,bat-form-block-text,bat-form-field,bat-form-field-set,bat-form-field-tip,bat-form-messages,bat-form-msg,bat-form-step,bat-header,bat-header-account,bat-header-account-icon-label,bat-header-account-icon-label-auth,bat-header-account-link,bat-header-account-menu,bat-header-content,bat-header-fixed-spacer,bat-header-logo,bat-header-menu,bat-header-menu-button,bat-header-nav,bat-header-promo,bat-header-promo-link,bat-header-stores,bat-header-stores-link,bat-header-support,bat-header-support-link,bat-header-top,bat-header-utils,bat-header-wrapper,bat-headline,bat-headline-style,bat-headline-sub,bat-icon,bat-image,bat-language,bat-location,bat-message,bat-message-text,bat-messagebar,bat-minicart,bat-minicart-basket-total,bat-minicart-count,bat-minicart-empty-content,bat-minicart-empty-headline,bat-minicart-empty-icon,bat-minicart-empty-message,bat-minicart-subtotal-label,bat-minicart-subtotal-value,bat-minicart-total-items,bat-minicart-wrapper,bat-modal,bat-modal-close,bat-modal-content,bat-navigation,bat-navigation-group,bat-navigation-group-list,bat-navigation-group-list-item,bat-navigation-group-list-item-link,bat-page,bat-section,bat-section-content,bat-section-content-style,bat-section-modal,bat-section-style,bat-text,bat-wrapper,blog-wrapper-with-image,breadcrumb-description,button-dark,button-secondary-dark,consent-block,container-fluid,cq-dd-paragraph,cta-hide,cta-label,cta-logged-in-user,cta-logged-out-user,cta-show,current-page,d-align-right,d-block,d-lg-block,d-lg-none,d-md-block,d-md-none,d-none,d-sm-block,d-sm-none,d-xl-block,d-xl-none,display-address,error-msg,existing-user,existing-user-close,fa-plus,field-note,full-width,gallery-steel-grey-gradient,global-components,headline1-color1,headline2-color1,icon-center,icon-plus,icon-right,login-error-message,login-success-message,lookup-field,m-align-left,margin-medium,margin-none,margin-small,menu-title,newsletter-headline,newsletter-subheadline,padding-bottom-medium,padding-left-medium,padding-left-small,padding-right-medium,padding-right-small,padding-top-medium,padding-top-xsmall,page-theme,radio-input,radio-set,select-wrapper,submenu-content,text-right,to-login,toggle-visibility,what-is-zonnic,why-zonnic,your-address,your-details,zonnic-logo,zonnic-menu,zonnic-newsletter-modal
blog|https://www.zonnic.ca/ca/en/blog/difference-between-nicotine-pouches-and-gum|address-lookup-field,arrow-link-dark,at-element-marker,ava-nav-menu,background-cover,background-v-top,bat-agegate,bat-button,bat-card,bat-card-info,bat-cmp-contentfragmentcollection,bat-cta,bat-cta-style,bat-email-verification,bat-faq-default,bat-footer-bottom,bat-footer-payment-icons,bat-footer-social-nav,bat-footer-zonnic,bat-footer-zonnic-container,bat-footer-zonnic-copyright,bat-footer-zonnic-disclaimer,bat-footer-zonnic-label-page-breadcrumb,bat-footer-zonnic-logo,bat-footer-zonnic-logo-icon,bat-footer-zonnic-main,bat-footer-zonnic-nav,bat-footer-zonnic-nav-menu,bat-footer-zonnic-nav-menu-title,bat-footer-zonnic-submenu,bat-footer-zonnic-top,bat-form,bat-form-block,bat-form-block-text,bat-form-field,bat-form-field-set,bat-form-field-tip,bat-form-messages,bat-form-msg,bat-form-step,bat-header,bat-header-account,bat-header-account-icon-label,bat-header-account-icon-label-auth,bat-header-account-link,bat-header-account-menu,bat-header-content,bat-header-fixed-spacer,bat-header-logo,bat-header-menu,bat-header-menu-button,bat-header-nav,bat-header-promo,bat-header-promo-link,bat-header-stores,bat-header-stores-link,bat-header-support,bat-header-support-link,bat-header-top,bat-header-utils,bat-header-wrapper,bat-headline,bat-headline-style,bat-headline-sub,bat-icon,bat-image,bat-language,bat-location,bat-message,bat-message-text,bat-messagebar,bat-minicart,bat-minicart-basket-total,bat-minicart-count,bat-minicart-empty-content,bat-minicart-empty-headline,bat-minicart-empty-icon,bat-minicart-empty-message,bat-minicart-subtotal-label,bat-minicart-subtotal-value,bat-minicart-total-items,bat-minicart-wrapper,bat-modal,bat-modal-close,bat-modal-content,bat-navigation,bat-navigation-group,bat-navigation-group-list,bat-navigation-group-list-item,bat-navigation-group-list-item-link,bat-page,bat-section,bat-section-content,bat-section-content-style,bat-section-modal,bat-section-style,bat-text,bat-wrapper,blog-wrapper-with-image,breadcrumb-description,button-dark,button-secondary-dark,consent-block,container-fluid,cq-dd-paragraph,cta-hide,cta-label,cta-logged-in-user,cta-logged-out-user,cta-show,current-page,d-align-right,d-block,d-lg-block,d-lg-none,d-md-block,d-md-none,d-none,d-sm-block,d-sm-none,d-xl-block,d-xl-none,dark-gray,display-address,email-cant-verify,email-invalid,error-msg,existing-user,existing-user-close,fa-plus,field-note,full-width,gallery-steel-grey-gradient,global-components,headline1-color1,headline2-color1,icon-center,icon-plus,icon-right,login-error-message,login-success-message,lookup-field,m-align-left,margin-large,margin-medium,margin-none,margin-small,menu-title,newsletter-headline,padding-bottom-medium,padding-left-medium,padding-left-small,padding-right-medium,padding-right-small,padding-top-medium,padding-top-xsmall,page-theme,radio-input,radio-set,select-wrapper,submenu-content,text-right,to-login,toggle-visibility,user-invalid,what-is-zonnic,why-zonnic,your-address,your-details,zonnic-logo,zonnic-menu,zonnic-newsletter-modal
blog|https://www.zonnic.ca/ca/fr/blog/healthy-habits-after-cutting-back-smoking|address-lookup-field,arrow-link-dark,at-element-marker,ava-nav-menu,background-cover,background-v-top,bat-agegate,bat-button,bat-card,bat-cta,bat-cta-style,bat-email-verification,bat-footer-bottom,bat-footer-payment-icons,bat-footer-social-nav,bat-footer-zonnic,bat-footer-zonnic-container,bat-footer-zonnic-copyright,bat-footer-zonnic-disclaimer,bat-footer-zonnic-label-page-breadcrumb,bat-footer-zonnic-logo,bat-footer-zonnic-logo-icon,bat-footer-zonnic-main,bat-footer-zonnic-nav,bat-footer-zonnic-nav-menu,bat-footer-zonnic-nav-menu-title,bat-footer-zonnic-submenu,bat-footer-zonnic-top,bat-form,bat-form-block,bat-form-block-text,bat-form-field,bat-form-field-set,bat-form-field-tip,bat-form-messages,bat-form-msg,bat-form-step,bat-header,bat-header-account,bat-header-account-icon-label,bat-header-account-icon-label-auth,bat-header-account-link,bat-header-account-menu,bat-header-content,bat-header-fixed-spacer,bat-header-logo,bat-header-menu,bat-header-menu-button,bat-header-nav,bat-header-promo,bat-header-promo-link,bat-header-stores,bat-header-stores-link,bat-header-support,bat-header-support-link,bat-header-top,bat-header-utils,bat-header-wrapper,bat-headline,bat-headline-style,bat-headline-sub,bat-icon,bat-image,bat-language,bat-location,bat-message,bat-message-text,bat-messagebar,bat-minicart,bat-minicart-basket-total,bat-minicart-count,bat-minicart-empty-content,bat-minicart-empty-headline,bat-minicart-empty-icon,bat-minicart-empty-message,bat-minicart-subtotal-label,bat-minicart-subtotal-value,bat-minicart-total-items,bat-minicart-wrapper,bat-modal,bat-modal-close,bat-modal-content,bat-navigation,bat-navigation-group,bat-navigation-group-list,bat-navigation-group-list-item,bat-navigation-group-list-item-link,bat-page,bat-section,bat-section-content,bat-section-content-style,bat-section-modal,bat-section-style,bat-text,bat-wrapper,blog-wrapper-with-image,breadcrumb-description,button-dark,button-secondary-dark,consent-block,container-fluid,cq-dd-paragraph,cta-hide,cta-label,cta-logged-in-user,cta-logged-out-user,cta-show,current-page,d-align-right,d-block,d-lg-block,d-lg-none,d-md-block,d-md-none,d-none,d-sm-block,d-sm-none,d-xl-block,d-xl-none,display-address,error-msg,existing-user,existing-user-close,field-note,full-width,gallery-steel-grey-gradient,global-components,headline1-color1,headline2-color1,icon-plus,icon-right,login-error-message,login-success-message,lookup-field,m-align-left,margin-medium,margin-none,margin-small,menu-title,newsletter-headline,newsletter-subheadline,padding-bottom-medium,padding-left-medium,padding-left-small,padding-right-medium,padding-right-small,padding-top-medium,page-theme,radio-input,radio-set,select-wrapper,submenu-content,text-right,to-login,toggle-visibility,what-is-zonnic,why-zonnic,your-address,your-details,zonnic-logo,zonnic-menu,zonnic-newsletter-modal
blog|https://www.zonnic.ca/ca/fr/blog/difference-between-nicotine-pouches-and-snus|address-lookup-field,arrow-link-dark,at-element-marker,ava-nav-menu,background-cover,background-v-top,bat-agegate,bat-button,bat-card,bat-card-info,bat-cmp-contentfragmentcollection,bat-cta,bat-cta-style,bat-email-verification,bat-faq-default,bat-footer-bottom,bat-footer-payment-icons,bat-footer-social-nav,bat-footer-zonnic,bat-footer-zonnic-container,bat-footer-zonnic-copyright,bat-footer-zonnic-disclaimer,bat-footer-zonnic-label-page-breadcrumb,bat-footer-zonnic-logo,bat-footer-zonnic-logo-icon,bat-footer-zonnic-main,bat-footer-zonnic-nav,bat-footer-zonnic-nav-menu,bat-footer-zonnic-nav-menu-title,bat-footer-zonnic-submenu,bat-footer-zonnic-top,bat-form,bat-form-block,bat-form-block-text,bat-form-field,bat-form-field-set,bat-form-field-tip,bat-form-messages,bat-form-msg,bat-form-step,bat-header,bat-header-account,bat-header-account-icon-label,bat-header-account-icon-label-auth,bat-header-account-link,bat-header-account-menu,bat-header-content,bat-header-fixed-spacer,bat-header-logo,bat-header-menu,bat-header-menu-button,bat-header-nav,bat-header-promo,bat-header-promo-link,bat-header-stores,bat-header-stores-link,bat-header-support,bat-header-support-link,bat-header-top,bat-header-utils,bat-header-wrapper,bat-headline,bat-headline-style,bat-headline-sub,bat-icon,bat-image,bat-language,bat-location,bat-message,bat-message-text,bat-messagebar,bat-minicart,bat-minicart-basket-total,bat-minicart-count,bat-minicart-empty-content,bat-minicart-empty-headline,bat-minicart-empty-icon,bat-minicart-empty-message,bat-minicart-subtotal-label,bat-minicart-subtotal-value,bat-minicart-total-items,bat-minicart-wrapper,bat-modal,bat-modal-close,bat-modal-content,bat-navigation,bat-navigation-group,bat-navigation-group-list,bat-navigation-group-list-item,bat-navigation-group-list-item-link,bat-page,bat-section,bat-section-content,bat-section-content-style,bat-section-modal,bat-section-style,bat-text,bat-wrapper,blog-wrapper-with-image,breadcrumb-description,button-dark,button-secondary-dark,consent-block,container-fluid,cq-dd-paragraph,cta-hide,cta-label,cta-logged-in-user,cta-logged-out-user,cta-show,current-page,d-align-right,d-block,d-lg-block,d-lg-none,d-md-block,d-md-none,d-none,d-sm-block,d-sm-none,d-xl-block,d-xl-none,display-address,error-msg,existing-user,existing-user-close,fa-plus,field-note,full-width,gallery-steel-grey-gradient,global-components,headline1-color1,headline2-color1,icon-center,icon-plus,icon-right,login-error-message,login-success-message,lookup-field,m-align-left,margin-medium,margin-none,margin-small,menu-title,newsletter-headline,newsletter-subheadline,padding-bottom-medium,padding-left-medium,padding-left-small,padding-right-medium,padding-right-small,padding-top-medium,padding-top-small,padding-top-xsmall,page-theme,radio-input,radio-set,select-wrapper,submenu-content,text-right,to-login,toggle-visibility,what-is-zonnic,why-zonnic,your-address,your-details,zonnic-logo,zonnic-menu,zonnic-newsletter-modal
blog|https://www.zonnic.ca/ca/fr/blog/difference-between-nicotine-pouches-and-gum|address-lookup-field,arrow-link-dark,at-element-marker,ava-nav-menu,background-cover,background-v-top,bat-agegate,bat-button,bat-card,bat-card-info,bat-cmp-contentfragmentcollection,bat-cta,bat-cta-style,bat-email-verification,bat-faq-default,bat-footer-bottom,bat-footer-payment-icons,bat-footer-social-nav,bat-footer-zonnic,bat-footer-zonnic-container,bat-footer-zonnic-copyright,bat-footer-zonnic-disclaimer,bat-footer-zonnic-label-page-breadcrumb,bat-footer-zonnic-logo,bat-footer-zonnic-logo-icon,bat-footer-zonnic-main,bat-footer-zonnic-nav,bat-footer-zonnic-nav-menu,bat-footer-zonnic-nav-menu-title,bat-footer-zonnic-submenu,bat-footer-zonnic-top,bat-form,bat-form-block,bat-form-block-text,bat-form-field,bat-form-field-set,bat-form-field-tip,bat-form-messages,bat-form-msg,bat-form-step,bat-header,bat-header-account,bat-header-account-icon-label,bat-header-account-icon-label-auth,bat-header-account-link,bat-header-account-menu,bat-header-content,bat-header-fixed-spacer,bat-header-logo,bat-header-menu,bat-header-menu-button,bat-header-nav,bat-header-promo,bat-header-promo-link,bat-header-stores,bat-header-stores-link,bat-header-support,bat-header-support-link,bat-header-top,bat-header-utils,bat-header-wrapper,bat-headline,bat-headline-style,bat-headline-sub,bat-icon,bat-image,bat-language,bat-location,bat-message,bat-message-text,bat-messagebar,bat-minicart,bat-minicart-basket-total,bat-minicart-count,bat-minicart-empty-content,bat-minicart-empty-headline,bat-minicart-empty-icon,bat-minicart-empty-message,bat-minicart-subtotal-label,bat-minicart-subtotal-value,bat-minicart-total-items,bat-minicart-wrapper,bat-modal,bat-modal-close,bat-modal-content,bat-navigation,bat-navigation-group,bat-navigation-group-list,bat-navigation-group-list-item,bat-navigation-group-list-item-link,bat-page,bat-section,bat-section-content,bat-section-content-style,bat-section-modal,bat-section-style,bat-text,bat-wrapper,blog-wrapper-with-image,breadcrumb-description,button-dark,button-secondary-dark,consent-block,container-fluid,cq-dd-paragraph,cta-hide,cta-label,cta-logged-in-user,cta-logged-out-user,cta-show,current-page,d-align-right,d-block,d-lg-block,d-lg-none,d-md-block,d-md-none,d-none,d-sm-block,d-sm-none,d-xl-block,d-xl-none,display-address,error-msg,existing-user,existing-user-close,fa-plus,field-note,full-width,gallery-steel-grey-gradient,global-components,headline1-color1,headline2-color1,icon-center,icon-plus,icon-right,login-error-message,login-success-message,lookup-field,m-align-left,margin-medium,margin-none,margin-small,menu-title,newsletter-headline,newsletter-subheadline,padding-bottom-medium,padding-left-medium,padding-left-small,padding-right-medium,padding-right-small,padding-top-medium,padding-top-small,padding-top-xsmall,page-theme,radio-input,radio-set,select-wrapper,submenu-content,text-right,to-login,toggle-visibility,what-is-zonnic,why-zonnic,your-address,your-details,zonnic-logo,zonnic-menu,zonnic-newsletter-modal
conditions-of-sale|https://www.zonnic.ca/ca/en/conditions-of-sale|address-lookup-field,arrow-link-dark,at-element-marker,ava-nav-menu,background-cover,background-v-top,bat-agegate,bat-button,bat-card,bat-cta,bat-cta-style,bat-email-verification,bat-footer-bottom,bat-footer-payment-icons,bat-footer-social-nav,bat-footer-zonnic,bat-footer-zonnic-container,bat-footer-zonnic-copyright,bat-footer-zonnic-disclaimer,bat-footer-zonnic-label-page-breadcrumb,bat-footer-zonnic-logo,bat-footer-zonnic-logo-icon,bat-footer-zonnic-main,bat-footer-zonnic-nav,bat-footer-zonnic-nav-menu,bat-footer-zonnic-nav-menu-title,bat-footer-zonnic-submenu,bat-footer-zonnic-top,bat-form,bat-form-block,bat-form-block-text,bat-form-field,bat-form-field-set,bat-form-field-tip,bat-form-messages,bat-form-msg,bat-form-step,bat-header,bat-header-account,bat-header-account-icon-label,bat-header-account-icon-label-auth,bat-header-account-link,bat-header-account-menu,bat-header-content,bat-header-fixed-spacer,bat-header-logo,bat-header-menu,bat-header-menu-button,bat-header-nav,bat-header-promo,bat-header-promo-link,bat-header-stores,bat-header-stores-link,bat-header-support,bat-header-support-link,bat-header-top,bat-header-utils,bat-header-wrapper,bat-headline,bat-headline-style,bat-icon,bat-image,bat-language,bat-location,bat-message,bat-message-text,bat-messagebar,bat-minicart,bat-minicart-basket-total,bat-minicart-count,bat-minicart-empty-content,bat-minicart-empty-headline,bat-minicart-empty-icon,bat-minicart-empty-message,bat-minicart-subtotal-label,bat-minicart-subtotal-value,bat-minicart-total-items,bat-minicart-wrapper,bat-modal,bat-modal-close,bat-modal-content,bat-navigation,bat-navigation-group,bat-navigation-group-list,bat-navigation-group-list-item,bat-navigation-group-list-item-link,bat-page,bat-section,bat-section-content,bat-section-content-style,bat-section-modal,bat-section-style,bat-text,bat-wrapper,bg-whisper-gray,breadcrumb-description,button-dark,button-secondary-dark,consent-block,container-fluid,cq-dd-paragraph,cta-hide,cta-label,cta-logged-in-user,cta-logged-out-user,cta-show,current-page,d-align-right,d-block,d-lg-block,d-lg-none,d-md-block,d-md-none,d-none,d-sm-block,d-sm-none,d-xl-block,d-xl-none,display-address,email-cant-verify,email-invalid,embedded-messaging,error-msg,existing-user,existing-user-close,field-note,full-width,gallery-steel-grey-gradient,global-components,icon-plus,login-error-message,login-success-message,lookup-field,m-align-left,margin-none,margin-small,menu-title,newsletter-headline,padding-bottom-large,padding-bottom-medium,padding-bottom-small,padding-left-large,padding-left-medium,padding-left-small,padding-right-large,padding-right-medium,padding-right-small,padding-top-large,padding-top-medium,padding-top-small,page-theme,radio-input,radio-set,select-wrapper,submenu-content,to-login,toggle-visibility,user-invalid,what-is-zonnic,why-zonnic,your-address,your-details,zonnic-logo,zonnic-menu,zonnic-newsletter-modal
contact-us|https://www.zonnic.ca/ca/en/contact-us/let-us-talk/pharmacy|arrow-link-dark,at-element-marker,ava-nav-menu,background-cover,background-v-top,bat-agegate,bat-button,bat-button-close-step,bat-cta,bat-cta-style,bat-email-verification,bat-footer-bottom,bat-footer-payment-icons,bat-footer-social-nav,bat-footer-zonnic,bat-footer-zonnic-container,bat-footer-zonnic-copyright,bat-footer-zonnic-disclaimer,bat-footer-zonnic-label-page-breadcrumb,bat-footer-zonnic-logo,bat-footer-zonnic-logo-icon,bat-footer-zonnic-main,bat-footer-zonnic-nav,bat-footer-zonnic-nav-menu,bat-footer-zonnic-nav-menu-title,bat-footer-zonnic-submenu,bat-footer-zonnic-top,bat-form,bat-form-block,bat-form-block-text,bat-form-field,bat-form-field-set,bat-form-field-tip,bat-form-heading,bat-form-messages,bat-form-msg,bat-form-step,bat-form-text,bat-header,bat-header-account,bat-header-account-icon-label,bat-header-account-icon-label-auth,bat-header-account-link,bat-header-account-menu,bat-header-content,bat-header-fixed-spacer,bat-header-logo,bat-header-menu,bat-header-menu-button,bat-header-nav,bat-header-promo,bat-header-promo-link,bat-header-stores,bat-header-stores-link,bat-header-support,bat-header-support-link,bat-header-top,bat-header-utils,bat-header-wrapper,bat-headline,bat-headline-style,bat-hero-zonnic,bat-icon,bat-image,bat-language,bat-location,bat-message,bat-message-text,bat-messagebar,bat-minicart,bat-minicart-basket-total,bat-minicart-count,bat-minicart-empty-content,bat-minicart-empty-headline,bat-minicart-empty-icon,bat-minicart-empty-message,bat-minicart-subtotal-label,bat-minicart-subtotal-value,bat-minicart-total-items,bat-minicart-wrapper,bat-modal,bat-modal-close,bat-modal-content,bat-navigation,bat-navigation-group,bat-navigation-group-list,bat-navigation-group-list-item,bat-navigation-group-list-item-link,bat-page,bat-section,bat-section-content,bat-section-content-style,bat-section-modal,bat-section-style,bat-text,bat-wrapper,breadcrumb-description,button-dark,button-secondary-dark,consent-block,consent-text,container-fluid,cq-dd-paragraph,cta-hide,cta-label,cta-logged-in-user,cta-logged-out-user,cta-show,current-page,d-align-right,d-block,d-lg-block,d-lg-none,d-md-block,d-md-none,d-none,d-sm-block,d-sm-none,d-xl-block,d-xl-none,dark-gray,embedded-messaging,error-msg,field-note,floating-label,full-width,gallery-steel-grey-gradient,global-components,headline1-large,icon-plus,login-error-message,login-success-message,m-align-left,margin-none,margin-small,margin-top-small,menu-title,newsletter-disclaimer,newsletter-headline,newsletter-subheadline,padding-bottom-large,padding-bottom-medium,padding-left-large,padding-left-medium,padding-left-small,padding-right-large,padding-right-medium,padding-right-small,padding-top-large,padding-top-medium,page-theme,radio-input,radio-set,select-wrapper,submenu-content,toggle-visibility,what-is-zonnic,why-zonnic,zonnic-logo,zonnic-menu,zonnic-newsletter-modal
contact-us|https://www.zonnic.ca/ca/en/contact-us|address-lookup-field,arrow-link-dark,at-element-marker,ava-nav-menu,background-cover,background-v-top,bat-agegate,bat-button,bat-card,bat-cta,bat-cta-style,bat-email-verification,bat-footer-bottom,bat-footer-payment-icons,bat-footer-social-nav,bat-footer-zonnic,bat-footer-zonnic-container,bat-footer-zonnic-copyright,bat-footer-zonnic-disclaimer,bat-footer-zonnic-label-page-breadcrumb,bat-footer-zonnic-logo,bat-footer-zonnic-logo-icon,bat-footer-zonnic-main,bat-footer-zonnic-nav,bat-footer-zonnic-nav-menu,bat-footer-zonnic-nav-menu-title,bat-footer-zonnic-submenu,bat-footer-zonnic-top,bat-form,bat-form-block,bat-form-block-text,bat-form-field,bat-form-field-set,bat-form-field-tip,bat-form-messages,bat-form-msg,bat-form-step,bat-header,bat-header-account,bat-header-account-icon-label,bat-header-account-icon-label-auth,bat-header-account-link,bat-header-account-menu,bat-header-content,bat-header-fixed-spacer,bat-header-logo,bat-header-menu,bat-header-menu-button,bat-header-nav,bat-header-promo,bat-header-promo-link,bat-header-stores,bat-header-stores-link,bat-header-support,bat-header-support-link,bat-header-top,bat-header-utils,bat-header-wrapper,bat-headline,bat-headline-style,bat-hero-zonnic,bat-icon,bat-image,bat-language,bat-location,bat-message,bat-message-text,bat-messagebar,bat-minicart,bat-minicart-basket-total,bat-minicart-count,bat-minicart-empty-content,bat-minicart-empty-headline,bat-minicart-empty-icon,bat-minicart-empty-message,bat-minicart-subtotal-label,bat-minicart-subtotal-value,bat-minicart-total-items,bat-minicart-wrapper,bat-modal,bat-modal-close,bat-modal-content,bat-navigation,bat-navigation-group,bat-navigation-group-list,bat-navigation-group-list-item,bat-navigation-group-list-item-link,bat-page,bat-section,bat-section-contact,bat-section-content,bat-section-content-style,bat-section-modal,bat-section-style,bat-text,bat-wrapper,breadcrumb-description,button-dark,button-secondary-dark,consent-block,container-fluid,cq-dd-paragraph,cta-hide,cta-label,cta-logged-in-user,cta-logged-out-user,cta-show,current-page,d-align-right,d-block,d-lg-block,d-lg-none,d-md-block,d-md-none,d-none,d-sm-block,d-sm-none,d-xl-block,d-xl-none,display-address,email-cant-verify,email-invalid,embedded-messaging,error-msg,existing-user,existing-user-close,field-note,full-width,gallery-steel-grey-gradient,global-components,headline1-large,icon-plus,login-error-message,login-success-message,lookup-field,m-align-left,margin-none,margin-small,menu-title,newsletter-headline,padding-bottom-large,padding-bottom-medium,padding-bottom-small,padding-left-large,padding-left-medium,padding-left-small,padding-right-large,padding-right-medium,padding-right-small,padding-top-large,padding-top-medium,padding-top-small,padding-top-xsmall,page-theme,radio-input,radio-set,select-wrapper,submenu-content,to-login,toggle-visibility,user-invalid,what-is-zonnic,why-zonnic,your-address,your-details,zonnic-logo,zonnic-menu,zonnic-newsletter-modal
contact-us|https://www.zonnic.ca/ca/en/contact-us/testimonials|address-lookup-field,arrow-link-dark,at-element-marker,ava-nav-menu,background-cover,background-v-top,bat-agegate,bat-button,bat-cta,bat-cta-style,bat-email-verification,bat-footer-bottom,bat-footer-payment-icons,bat-footer-social-nav,bat-footer-zonnic,bat-footer-zonnic-container,bat-footer-zonnic-copyright,bat-footer-zonnic-disclaimer,bat-footer-zonnic-label-page-breadcrumb,bat-footer-zonnic-logo,bat-footer-zonnic-logo-icon,bat-footer-zonnic-main,bat-footer-zonnic-nav,bat-footer-zonnic-nav-menu,bat-footer-zonnic-nav-menu-title,bat-footer-zonnic-submenu,bat-footer-zonnic-top,bat-form,bat-form-block,bat-form-block-text,bat-form-field,bat-form-field-set,bat-form-field-tip,bat-form-heading,bat-form-messages,bat-form-msg,bat-form-step,bat-form-text,bat-header,bat-header-account,bat-header-account-icon-label,bat-header-account-icon-label-auth,bat-header-account-link,bat-header-account-menu,bat-header-content,bat-header-fixed-spacer,bat-header-logo,bat-header-menu,bat-header-menu-button,bat-header-nav,bat-header-promo,bat-header-promo-link,bat-header-stores,bat-header-stores-link,bat-header-support,bat-header-support-link,bat-header-top,bat-header-utils,bat-header-wrapper,bat-headline,bat-headline-style,bat-icon,bat-image,bat-language,bat-location,bat-message,bat-message-text,bat-messagebar,bat-minicart,bat-minicart-basket-total,bat-minicart-count,bat-minicart-empty-content,bat-minicart-empty-headline,bat-minicart-empty-icon,bat-minicart-empty-message,bat-minicart-subtotal-label,bat-minicart-subtotal-value,bat-minicart-total-items,bat-minicart-wrapper,bat-modal,bat-modal-close,bat-modal-content,bat-navigation,bat-navigation-group,bat-navigation-group-list,bat-navigation-group-list-item,bat-navigation-group-list-item-link,bat-page,bat-section,bat-section-content,bat-section-content-style,bat-section-modal,bat-section-style,bat-text,bat-wrapper,breadcrumb-description,button-dark,button-secondary-dark,consent-block,container-fluid,cq-dd-paragraph,cta-hide,cta-label,cta-logged-in-user,cta-logged-out-user,cta-show,current-page,d-align-right,d-block,d-lg-block,d-lg-none,d-md-block,d-md-none,d-none,d-sm-block,d-sm-none,d-xl-block,d-xl-none,display-address,email-cant-verify,email-invalid,embedded-messaging,error-msg,existing-user,existing-user-close,field-note,full-width,gallery-steel-grey-gradient,global-components,icon-plus,login-error-message,login-success-message,lookup-field,m-align-left,margin-none,margin-small,menu-title,newsletter-headline,padding-bottom-large,padding-bottom-medium,padding-left-large,padding-left-medium,padding-left-small,padding-right-large,padding-right-medium,padding-right-small,padding-top-large,padding-top-medium,page-theme,radio-input,radio-set,select-wrapper,submenu-content,to-login,toggle-visibility,user-invalid,what-is-zonnic,why-zonnic,your-address,your-details,zonnic-logo,zonnic-menu,zonnic-newsletter-modal
contact-us|https://www.zonnic.ca/ca/fr/contact-us/testimonials|address-lookup-field,arrow-link-dark,at-element-marker,ava-nav-menu,background-cover,background-v-top,bat-agegate,bat-button,bat-cta,bat-cta-style,bat-email-verification,bat-footer-bottom,bat-footer-payment-icons,bat-footer-social-nav,bat-footer-zonnic,bat-footer-zonnic-container,bat-footer-zonnic-copyright,bat-footer-zonnic-disclaimer,bat-footer-zonnic-label-page-breadcrumb,bat-footer-zonnic-logo,bat-footer-zonnic-logo-icon,bat-footer-zonnic-main,bat-footer-zonnic-nav,bat-footer-zonnic-nav-menu,bat-footer-zonnic-nav-menu-title,bat-footer-zonnic-submenu,bat-footer-zonnic-top,bat-form,bat-form-block,bat-form-block-text,bat-form-field,bat-form-field-set,bat-form-field-tip,bat-form-heading,bat-form-messages,bat-form-msg,bat-form-step,bat-form-text,bat-header,bat-header-account,bat-header-account-icon-label,bat-header-account-icon-label-auth,bat-header-account-link,bat-header-account-menu,bat-header-content,bat-header-fixed-spacer,bat-header-logo,bat-header-menu,bat-header-menu-button,bat-header-nav,bat-header-promo,bat-header-promo-link,bat-header-stores,bat-header-stores-link,bat-header-support,bat-header-support-link,bat-header-top,bat-header-utils,bat-header-wrapper,bat-headline,bat-headline-style,bat-icon,bat-image,bat-language,bat-location,bat-message,bat-message-text,bat-messagebar,bat-minicart,bat-minicart-basket-total,bat-minicart-count,bat-minicart-empty-content,bat-minicart-empty-headline,bat-minicart-empty-icon,bat-minicart-empty-message,bat-minicart-subtotal-label,bat-minicart-subtotal-value,bat-minicart-total-items,bat-minicart-wrapper,bat-modal,bat-modal-close,bat-modal-content,bat-navigation,bat-navigation-group,bat-navigation-group-list,bat-navigation-group-list-item,bat-navigation-group-list-item-link,bat-page,bat-section,bat-section-content,bat-section-content-style,bat-section-modal,bat-section-style,bat-text,bat-wrapper,breadcrumb-description,button-dark,button-secondary-dark,consent-block,container-fluid,cq-dd-paragraph,cta-hide,cta-label,cta-logged-in-user,cta-logged-out-user,cta-show,current-page,d-align-right,d-block,d-lg-block,d-md-block,d-none,d-sm-block,d-xl-block,display-address,embedded-messaging,error-msg,existing-user,existing-user-close,field-note,full-width,gallery-steel-grey-gradient,global-components,icon-plus,login-error-message,login-success-message,lookup-field,m-align-left,margin-none,margin-small,menu-title,newsletter-headline,newsletter-subheadline,padding-bottom-large,padding-bottom-medium,padding-left-large,padding-left-medium,padding-left-small,padding-right-large,padding-right-medium,padding-right-small,padding-top-large,padding-top-medium,page-theme,radio-input,radio-set,select-wrapper,submenu-content,to-login,toggle-visibility,what-is-zonnic,why-zonnic,your-address,your-details,zonnic-logo,zonnic-menu,zonnic-newsletter-modal
contact-us|https://www.zonnic.ca/ca/fr/contact-us/let-us-talk/testimonials|arrow-link-dark,at-element-marker,ava-nav-menu,background-cover,background-v-top,bat-agegate,bat-button,bat-button-close-step,bat-cta,bat-cta-style,bat-email-verification,bat-footer-bottom,bat-footer-payment-icons,bat-footer-social-nav,bat-footer-zonnic,bat-footer-zonnic-container,bat-footer-zonnic-copyright,bat-footer-zonnic-disclaimer,bat-footer-zonnic-label-page-breadcrumb,bat-footer-zonnic-logo,bat-footer-zonnic-logo-icon,bat-footer-zonnic-main,bat-footer-zonnic-nav,bat-footer-zonnic-nav-menu,bat-footer-zonnic-nav-menu-title,bat-footer-zonnic-submenu,bat-footer-zonnic-top,bat-form,bat-form-block,bat-form-block-text,bat-form-field,bat-form-field-set,bat-form-field-tip,bat-form-heading,bat-form-messages,bat-form-msg,bat-form-step,bat-form-text,bat-header,bat-header-account,bat-header-account-icon-label,bat-header-account-icon-label-auth,bat-header-account-link,bat-header-account-menu,bat-header-content,bat-header-fixed-spacer,bat-header-logo,bat-header-menu,bat-header-menu-button,bat-header-nav,bat-header-promo,bat-header-promo-link,bat-header-stores,bat-header-stores-link,bat-header-support,bat-header-support-link,bat-header-top,bat-header-utils,bat-header-wrapper,bat-headline,bat-headline-style,bat-hero-zonnic,bat-icon,bat-image,bat-language,bat-location,bat-message,bat-message-text,bat-messagebar,bat-minicart,bat-minicart-basket-total,bat-minicart-count,bat-minicart-empty-content,bat-minicart-empty-headline,bat-minicart-empty-icon,bat-minicart-empty-message,bat-minicart-subtotal-label,bat-minicart-subtotal-value,bat-minicart-total-items,bat-minicart-wrapper,bat-modal,bat-modal-close,bat-modal-content,bat-navigation,bat-navigation-group,bat-navigation-group-list,bat-navigation-group-list-item,bat-navigation-group-list-item-link,bat-page,bat-section,bat-section-content,bat-section-content-style,bat-section-modal,bat-section-style,bat-text,bat-wrapper,bg-chill-mint-green-gradient,breadcrumb-description,button-dark,button-secondary-dark,consent-block,consent-text,container-fluid,cq-dd-paragraph,cta-hide,cta-label,cta-logged-in-user,cta-logged-out-user,cta-show,current-page,d-align-right,d-block,d-lg-block,d-md-block,d-none,d-sm-block,d-xl-block,dark-gray,error-msg,field-note,floating-label,full-width,gallery-steel-grey-gradient,global-components,headline1-large,icon-plus,login-error-message,login-success-message,m-align-left,margin-none,margin-small,margin-top-small,menu-title,newsletter-disclaimer,newsletter-headline,newsletter-subheadline,padding-bottom-large,padding-bottom-medium,padding-left-large,padding-left-medium,padding-left-small,padding-right-large,padding-right-medium,padding-right-small,padding-top-large,padding-top-medium,page-theme,radio-input,radio-set,select-wrapper,show-on-login,submenu-content,toggle-visibility,what-is-zonnic,why-zonnic,zonnic-logo,zonnic-menu,zonnic-newsletter-modal
contact-us|https://www.zonnic.ca/ca/en/contact-us/let-us-talk/consumer|arrow-link-dark,at-element-marker,ava-nav-menu,background-cover,background-v-top,bat-agegate,bat-button,bat-button-close-step,bat-cta,bat-cta-style,bat-email-verification,bat-footer-bottom,bat-footer-payment-icons,bat-footer-social-nav,bat-footer-zonnic,bat-footer-zonnic-container,bat-footer-zonnic-copyright,bat-footer-zonnic-disclaimer,bat-footer-zonnic-label-page-breadcrumb,bat-footer-zonnic-logo,bat-footer-zonnic-logo-icon,bat-footer-zonnic-main,bat-footer-zonnic-nav,bat-footer-zonnic-nav-menu,bat-footer-zonnic-nav-menu-title,bat-footer-zonnic-submenu,bat-footer-zonnic-top,bat-form,bat-form-block,bat-form-block-text,bat-form-field,bat-form-field-set,bat-form-field-tip,bat-form-heading,bat-form-messages,bat-form-msg,bat-form-step,bat-form-text,bat-header,bat-header-account,bat-header-account-icon-label,bat-header-account-icon-label-auth,bat-header-account-link,bat-header-account-menu,bat-header-content,bat-header-fixed-spacer,bat-header-logo,bat-header-menu,bat-header-menu-button,bat-header-nav,bat-header-promo,bat-header-promo-link,bat-header-stores,bat-header-stores-link,bat-header-support,bat-header-support-link,bat-header-top,bat-header-utils,bat-header-wrapper,bat-headline,bat-headline-style,bat-hero-zonnic,bat-icon,bat-image,bat-language,bat-location,bat-message,bat-message-text,bat-messagebar,bat-minicart,bat-minicart-basket-total,bat-minicart-count,bat-minicart-empty-content,bat-minicart-empty-headline,bat-minicart-empty-icon,bat-minicart-empty-message,bat-minicart-subtotal-label,bat-minicart-subtotal-value,bat-minicart-total-items,bat-minicart-wrapper,bat-modal,bat-modal-close,bat-modal-content,bat-navigation,bat-navigation-group,bat-navigation-group-list,bat-navigation-group-list-item,bat-navigation-group-list-item-link,bat-page,bat-section,bat-section-content,bat-section-content-style,bat-section-modal,bat-section-style,bat-text,bat-wrapper,breadcrumb-description,button-dark,button-secondary-dark,consent-block,consent-text,container-fluid,cq-dd-paragraph,cta-hide,cta-label,cta-logged-in-user,cta-logged-out-user,cta-show,current-page,d-align-right,d-block,d-lg-block,d-lg-none,d-md-block,d-md-none,d-none,d-sm-block,d-sm-none,d-xl-block,d-xl-none,dark-gray,embedded-messaging,error-msg,field-note,floating-label,full-width,gallery-steel-grey-gradient,global-components,headline1-large,icon-plus,login-error-message,login-success-message,m-align-left,margin-none,margin-small,margin-top-small,menu-title,newsletter-disclaimer,newsletter-headline,newsletter-subheadline,padding-bottom-large,padding-bottom-medium,padding-left-large,padding-left-medium,padding-left-small,padding-right-large,padding-right-medium,padding-right-small,padding-top-large,padding-top-medium,page-theme,radio-input,radio-set,select-wrapper,submenu-content,toggle-visibility,what-is-zonnic,why-zonnic,zonnic-logo,zonnic-menu,zonnic-newsletter-modal
contact-us|https://www.zonnic.ca/ca/fr/contact-us/let-us-talk/consumer|at-element-marker,ava-nav-menu,background-cover,background-v-top,bat-agegate,bat-button,bat-cta,bat-cta-style,bat-email-verification,bat-footer-bottom,bat-footer-payment-icons,bat-footer-social-nav,bat-footer-zonnic,bat-footer-zonnic-container,bat-footer-zonnic-copyright,bat-footer-zonnic-disclaimer,bat-footer-zonnic-label-page-breadcrumb,bat-footer-zonnic-logo,bat-footer-zonnic-logo-icon,bat-footer-zonnic-main,bat-footer-zonnic-nav,bat-footer-zonnic-nav-menu,bat-footer-zonnic-nav-menu-title,bat-footer-zonnic-submenu,bat-footer-zonnic-top,bat-form,bat-header,bat-header-account,bat-header-account-icon-label,bat-header-account-icon-label-auth,bat-header-account-link,bat-header-account-menu,bat-header-content,bat-header-fixed-spacer,bat-header-logo,bat-header-menu,bat-header-menu-button,bat-header-nav,bat-header-promo,bat-header-promo-link,bat-header-stores,bat-header-stores-link,bat-header-support,bat-header-support-link,bat-header-top,bat-header-utils,bat-header-wrapper,bat-headline,bat-headline-style,bat-hero-zonnic,bat-icon,bat-image,bat-language,bat-location,bat-messagebar,bat-minicart,bat-minicart-basket-total,bat-minicart-count,bat-minicart-empty-content,bat-minicart-empty-headline,bat-minicart-empty-icon,bat-minicart-empty-message,bat-minicart-subtotal-label,bat-minicart-subtotal-value,bat-minicart-total-items,bat-minicart-wrapper,bat-modal,bat-modal-close,bat-modal-content,bat-navigation,bat-navigation-group,bat-navigation-group-list,bat-navigation-group-list-item,bat-navigation-group-list-item-link,bat-page,bat-section,bat-section-content,bat-section-content-style,bat-section-modal,bat-section-style,bat-text,bat-wrapper,bg-chill-mint-green-gradient,breadcrumb-description,button-dark,button-secondary-dark,container-fluid,cq-dd-paragraph,cta-hide,cta-label,cta-logged-in-user,cta-logged-out-user,cta-show,current-page,d-align-right,d-block,d-lg-block,d-md-block,d-none,d-sm-block,d-xl-block,full-width,gallery-steel-grey-gradient,global-components,headline1-large,icon-plus,m-align-left,margin-none,margin-small,menu-title,newsletter-headline,newsletter-subheadline,padding-bottom-large,padding-bottom-medium,padding-left-large,padding-left-medium,padding-left-small,padding-right-large,padding-right-medium,padding-right-small,padding-top-large,padding-top-medium,page-theme,radio-input,radio-set,select-wrapper,show-on-login,submenu-content,what-is-zonnic,why-zonnic,zonnic-logo,zonnic-menu,zonnic-newsletter-modal
contact-us|https://www.zonnic.ca/ca/en/contact-us/consumer|address-lookup-field,arrow-link-dark,at-element-marker,ava-nav-menu,background-cover,background-v-top,bat-agegate,bat-button,bat-cta,bat-cta-style,bat-email-verification,bat-footer-bottom,bat-footer-payment-icons,bat-footer-social-nav,bat-footer-zonnic,bat-footer-zonnic-container,bat-footer-zonnic-copyright,bat-footer-zonnic-disclaimer,bat-footer-zonnic-label-page-breadcrumb,bat-footer-zonnic-logo,bat-footer-zonnic-logo-icon,bat-footer-zonnic-main,bat-footer-zonnic-nav,bat-footer-zonnic-nav-menu,bat-footer-zonnic-nav-menu-title,bat-footer-zonnic-submenu,bat-footer-zonnic-top,bat-form,bat-form-block,bat-form-block-text,bat-form-field,bat-form-field-set,bat-form-field-tip,bat-form-heading,bat-form-messages,bat-form-msg,bat-form-step,bat-form-text,bat-header,bat-header-account,bat-header-account-icon-label,bat-header-account-icon-label-auth,bat-header-account-link,bat-header-account-menu,bat-header-content,bat-header-fixed-spacer,bat-header-logo,bat-header-menu,bat-header-menu-button,bat-header-nav,bat-header-promo,bat-header-promo-link,bat-header-stores,bat-header-stores-link,bat-header-support,bat-header-support-link,bat-header-top,bat-header-utils,bat-header-wrapper,bat-headline,bat-headline-style,bat-icon,bat-image,bat-language,bat-location,bat-message,bat-message-text,bat-messagebar,bat-minicart,bat-minicart-basket-total,bat-minicart-count,bat-minicart-empty-content,bat-minicart-empty-headline,bat-minicart-empty-icon,bat-minicart-empty-message,bat-minicart-subtotal-label,bat-minicart-subtotal-value,bat-minicart-total-items,bat-minicart-wrapper,bat-modal,bat-modal-close,bat-modal-content,bat-navigation,bat-navigation-group,bat-navigation-group-list,bat-navigation-group-list-item,bat-navigation-group-list-item-link,bat-page,bat-section,bat-section-content,bat-section-content-style,bat-section-modal,bat-section-style,bat-text,bat-wrapper,breadcrumb-description,button-dark,button-secondary-dark,consent-block,container-fluid,cq-dd-paragraph,cta-hide,cta-label,cta-logged-in-user,cta-logged-out-user,cta-show,current-page,d-align-right,d-block,d-lg-block,d-lg-none,d-md-block,d-md-none,d-none,d-sm-block,d-sm-none,d-xl-block,d-xl-none,display-address,email-cant-verify,email-invalid,embedded-messaging,error-msg,existing-user,existing-user-close,field-note,full-width,gallery-steel-grey-gradient,global-components,icon-plus,login-error-message,login-success-message,lookup-field,m-align-left,margin-none,margin-small,menu-title,newsletter-headline,padding-bottom-large,padding-bottom-medium,padding-left-large,padding-left-medium,padding-left-small,padding-right-large,padding-right-medium,padding-right-small,padding-top-large,padding-top-medium,page-theme,radio-input,radio-set,select-wrapper,submenu-content,to-login,toggle-visibility,user-invalid,what-is-zonnic,why-zonnic,your-address,your-details,zonnic-logo,zonnic-menu,zonnic-newsletter-modal
contact-us|https://www.zonnic.ca/ca/fr/contact-us/pharmacy|address-lookup-field,arrow-link-dark,at-element-marker,ava-nav-menu,background-cover,background-v-top,bat-agegate,bat-button,bat-cta,bat-cta-style,bat-email-verification,bat-footer-bottom,bat-footer-payment-icons,bat-footer-social-nav,bat-footer-zonnic,bat-footer-zonnic-container,bat-footer-zonnic-copyright,bat-footer-zonnic-disclaimer,bat-footer-zonnic-label-page-breadcrumb,bat-footer-zonnic-logo,bat-footer-zonnic-logo-icon,bat-footer-zonnic-main,bat-footer-zonnic-nav,bat-footer-zonnic-nav-menu,bat-footer-zonnic-nav-menu-title,bat-footer-zonnic-submenu,bat-footer-zonnic-top,bat-form,bat-form-block,bat-form-block-text,bat-form-field,bat-form-field-set,bat-form-field-tip,bat-form-heading,bat-form-messages,bat-form-msg,bat-form-step,bat-form-text,bat-header,bat-header-account,bat-header-account-icon-label,bat-header-account-icon-label-auth,bat-header-account-link,bat-header-account-menu,bat-header-content,bat-header-fixed-spacer,bat-header-logo,bat-header-menu,bat-header-menu-button,bat-header-nav,bat-header-promo,bat-header-promo-link,bat-header-stores,bat-header-stores-link,bat-header-support,bat-header-support-link,bat-header-top,bat-header-utils,bat-header-wrapper,bat-headline,bat-headline-style,bat-icon,bat-image,bat-language,bat-location,bat-message,bat-message-text,bat-messagebar,bat-minicart,bat-minicart-basket-total,bat-minicart-count,bat-minicart-empty-content,bat-minicart-empty-headline,bat-minicart-empty-icon,bat-minicart-empty-message,bat-minicart-subtotal-label,bat-minicart-subtotal-value,bat-minicart-total-items,bat-minicart-wrapper,bat-modal,bat-modal-close,bat-modal-content,bat-navigation,bat-navigation-group,bat-navigation-group-list,bat-navigation-group-list-item,bat-navigation-group-list-item-link,bat-page,bat-section,bat-section-content,bat-section-content-style,bat-section-modal,bat-section-style,bat-text,bat-wrapper,breadcrumb-description,button-dark,button-secondary-dark,consent-block,container-fluid,cq-dd-paragraph,cta-hide,cta-label,cta-logged-in-user,cta-logged-out-user,cta-show,current-page,d-align-right,d-block,d-lg-block,d-md-block,d-none,d-sm-block,d-xl-block,display-address,embedded-messaging,error-msg,existing-user,existing-user-close,field-note,full-width,gallery-steel-grey-gradient,global-components,icon-plus,login-error-message,login-success-message,lookup-field,m-align-left,margin-none,margin-small,menu-title,newsletter-headline,newsletter-subheadline,padding-bottom-large,padding-bottom-medium,padding-left-large,padding-left-medium,padding-left-small,padding-right-large,padding-right-medium,padding-right-small,padding-top-large,padding-top-medium,page-theme,radio-input,radio-set,select-wrapper,submenu-content,to-login,toggle-visibility,what-is-zonnic,why-zonnic,your-address,your-details,zonnic-logo,zonnic-menu,zonnic-newsletter-modal
contact-us|https://www.zonnic.ca/ca/fr/contact-us/consumer|address-lookup-field,arrow-link-dark,at-element-marker,ava-nav-menu,background-cover,background-v-top,bat-agegate,bat-button,bat-cta,bat-cta-style,bat-email-verification,bat-footer-bottom,bat-footer-payment-icons,bat-footer-social-nav,bat-footer-zonnic,bat-footer-zonnic-container,bat-footer-zonnic-copyright,bat-footer-zonnic-disclaimer,bat-footer-zonnic-label-page-breadcrumb,bat-footer-zonnic-logo,bat-footer-zonnic-logo-icon,bat-footer-zonnic-main,bat-footer-zonnic-nav,bat-footer-zonnic-nav-menu,bat-footer-zonnic-nav-menu-title,bat-footer-zonnic-submenu,bat-footer-zonnic-top,bat-form,bat-form-block,bat-form-block-text,bat-form-field,bat-form-field-set,bat-form-field-tip,bat-form-heading,bat-form-messages,bat-form-msg,bat-form-step,bat-form-text,bat-header,bat-header-account,bat-header-account-icon-label,bat-header-account-icon-label-auth,bat-header-account-link,bat-header-account-menu,bat-header-content,bat-header-fixed-spacer,bat-header-logo,bat-header-menu,bat-header-menu-button,bat-header-nav,bat-header-promo,bat-header-promo-link,bat-header-stores,bat-header-stores-link,bat-header-support,bat-header-support-link,bat-header-top,bat-header-utils,bat-header-wrapper,bat-headline,bat-headline-style,bat-icon,bat-image,bat-language,bat-location,bat-message,bat-message-text,bat-messagebar,bat-minicart,bat-minicart-basket-total,bat-minicart-count,bat-minicart-empty-content,bat-minicart-empty-headline,bat-minicart-empty-icon,bat-minicart-empty-message,bat-minicart-subtotal-label,bat-minicart-subtotal-value,bat-minicart-total-items,bat-minicart-wrapper,bat-modal,bat-modal-close,bat-modal-content,bat-navigation,bat-navigation-group,bat-navigation-group-list,bat-navigation-group-list-item,bat-navigation-group-list-item-link,bat-page,bat-section,bat-section-content,bat-section-content-style,bat-section-modal,bat-section-style,bat-text,bat-wrapper,breadcrumb-description,button-dark,button-secondary-dark,consent-block,container-fluid,cq-dd-paragraph,cta-hide,cta-label,cta-logged-in-user,cta-logged-out-user,cta-show,current-page,d-align-right,d-block,d-lg-block,d-md-block,d-none,d-sm-block,d-xl-block,display-address,embedded-messaging,error-msg,existing-user,existing-user-close,field-note,full-width,gallery-steel-grey-gradient,global-components,icon-plus,login-error-message,login-success-message,lookup-field,m-align-left,margin-none,margin-small,menu-title,newsletter-headline,newsletter-subheadline,padding-bottom-large,padding-bottom-medium,padding-left-large,padding-left-medium,padding-left-small,padding-right-large,padding-right-medium,padding-right-small,padding-top-large,padding-top-medium,page-theme,radio-input,radio-set,select-wrapper,submenu-content,to-login,toggle-visibility,what-is-zonnic,why-zonnic,your-address,your-details,zonnic-logo,zonnic-menu,zonnic-newsletter-modal
contact-us|https://www.zonnic.ca/ca/en/contact-us/pharmacy|address-lookup-field,arrow-link-dark,at-element-marker,ava-nav-menu,background-cover,background-v-top,bat-agegate,bat-button,bat-cta,bat-cta-style,bat-email-verification,bat-footer-bottom,bat-footer-payment-icons,bat-footer-social-nav,bat-footer-zonnic,bat-footer-zonnic-container,bat-footer-zonnic-copyright,bat-footer-zonnic-disclaimer,bat-footer-zonnic-label-page-breadcrumb,bat-footer-zonnic-logo,bat-footer-zonnic-logo-icon,bat-footer-zonnic-main,bat-footer-zonnic-nav,bat-footer-zonnic-nav-menu,bat-footer-zonnic-nav-menu-title,bat-footer-zonnic-submenu,bat-footer-zonnic-top,bat-form,bat-form-block,bat-form-block-text,bat-form-field,bat-form-field-set,bat-form-field-tip,bat-form-heading,bat-form-messages,bat-form-msg,bat-form-step,bat-form-text,bat-header,bat-header-account,bat-header-account-icon-label,bat-header-account-icon-label-auth,bat-header-account-link,bat-header-account-menu,bat-header-content,bat-header-fixed-spacer,bat-header-logo,bat-header-menu,bat-header-menu-button,bat-header-nav,bat-header-promo,bat-header-promo-link,bat-header-stores,bat-header-stores-link,bat-header-support,bat-header-support-link,bat-header-top,bat-header-utils,bat-header-wrapper,bat-headline,bat-headline-style,bat-icon,bat-image,bat-language,bat-location,bat-message,bat-message-text,bat-messagebar,bat-minicart,bat-minicart-basket-total,bat-minicart-count,bat-minicart-empty-content,bat-minicart-empty-headline,bat-minicart-empty-icon,bat-minicart-empty-message,bat-minicart-subtotal-label,bat-minicart-subtotal-value,bat-minicart-total-items,bat-minicart-wrapper,bat-modal,bat-modal-close,bat-modal-content,bat-navigation,bat-navigation-group,bat-navigation-group-list,bat-navigation-group-list-item,bat-navigation-group-list-item-link,bat-page,bat-section,bat-section-content,bat-section-content-style,bat-section-modal,bat-section-style,bat-text,bat-wrapper,breadcrumb-description,button-dark,button-secondary-dark,consent-block,container-fluid,cq-dd-paragraph,cta-hide,cta-label,cta-logged-in-user,cta-logged-out-user,cta-show,current-page,d-align-right,d-block,d-lg-block,d-lg-none,d-md-block,d-md-none,d-none,d-sm-block,d-sm-none,d-xl-block,d-xl-none,display-address,email-cant-verify,email-invalid,embedded-messaging,error-msg,existing-user,existing-user-close,field-note,full-width,gallery-steel-grey-gradient,global-components,icon-plus,login-error-message,login-success-message,lookup-field,m-align-left,margin-none,margin-small,menu-title,newsletter-headline,padding-bottom-large,padding-bottom-medium,padding-left-large,padding-left-medium,padding-left-small,padding-right-large,padding-right-medium,padding-right-small,padding-top-large,padding-top-medium,page-theme,radio-input,radio-set,select-wrapper,submenu-content,to-login,toggle-visibility,user-invalid,what-is-zonnic,why-zonnic,your-address,your-details,zonnic-logo,zonnic-menu,zonnic-newsletter-modal
contact-us|https://www.zonnic.ca/ca/fr/contact-us/success|address-lookup-field,arrow-link-dark,at-element-marker,ava-nav-menu,background-cover,background-v-top,bat-agegate,bat-button,bat-cta,bat-cta-style,bat-email-verification,bat-footer-bottom,bat-footer-payment-icons,bat-footer-social-nav,bat-footer-zonnic,bat-footer-zonnic-container,bat-footer-zonnic-copyright,bat-footer-zonnic-disclaimer,bat-footer-zonnic-label-page-breadcrumb,bat-footer-zonnic-logo,bat-footer-zonnic-logo-icon,bat-footer-zonnic-main,bat-footer-zonnic-nav,bat-footer-zonnic-nav-menu,bat-footer-zonnic-nav-menu-title,bat-footer-zonnic-submenu,bat-footer-zonnic-top,bat-form,bat-form-block,bat-form-block-text,bat-form-field,bat-form-field-set,bat-form-field-tip,bat-form-messages,bat-form-msg,bat-form-step,bat-header,bat-header-account,bat-header-account-icon-label,bat-header-account-icon-label-auth,bat-header-account-link,bat-header-account-menu,bat-header-content,bat-header-fixed-spacer,bat-header-logo,bat-header-menu,bat-header-menu-button,bat-header-nav,bat-header-promo,bat-header-promo-link,bat-header-stores,bat-header-stores-link,bat-header-support,bat-header-support-link,bat-header-top,bat-header-utils,bat-header-wrapper,bat-headline,bat-headline-style,bat-icon,bat-image,bat-language,bat-location,bat-message,bat-message-text,bat-messagebar,bat-minicart,bat-minicart-basket-total,bat-minicart-count,bat-minicart-empty-content,bat-minicart-empty-headline,bat-minicart-empty-icon,bat-minicart-empty-message,bat-minicart-subtotal-label,bat-minicart-subtotal-value,bat-minicart-total-items,bat-minicart-wrapper,bat-modal,bat-modal-close,bat-modal-content,bat-navigation,bat-navigation-group,bat-navigation-group-list,bat-navigation-group-list-item,bat-navigation-group-list-item-link,bat-page,bat-section,bat-section-content,bat-section-content-style,bat-section-modal,bat-section-style,bat-text,bat-wrapper,breadcrumb-description,button-dark,button-secondary-dark,consent-block,container-fluid,cq-dd-paragraph,cta-hide,cta-label,cta-logged-in-user,cta-logged-out-user,cta-show,current-page,d-align-right,d-block,d-lg-block,d-md-block,d-none,d-sm-block,d-xl-block,display-address,embedded-messaging,error-msg,existing-user,existing-user-close,field-note,full-width,gallery-steel-grey-gradient,global-components,icon-plus,login-error-message,login-success-message,lookup-field,m-align-left,margin-none,margin-small,menu-title,newsletter-headline,newsletter-subheadline,padding-bottom-large,padding-bottom-medium,padding-left-large,padding-left-medium,padding-left-small,padding-right-large,padding-right-medium,padding-right-small,padding-top-large,padding-top-medium,page-theme,radio-input,radio-set,select-wrapper,submenu-content,to-login,toggle-visibility,what-is-zonnic,why-zonnic,your-address,your-details,zonnic-logo,zonnic-menu,zonnic-newsletter-modal
contact-us|https://www.zonnic.ca/ca/en/contact-us/success|address-lookup-field,arrow-link-dark,at-element-marker,ava-nav-menu,background-cover,background-v-top,bat-agegate,bat-button,bat-cta,bat-cta-style,bat-email-verification,bat-footer-bottom,bat-footer-payment-icons,bat-footer-social-nav,bat-footer-zonnic,bat-footer-zonnic-container,bat-footer-zonnic-copyright,bat-footer-zonnic-disclaimer,bat-footer-zonnic-label-page-breadcrumb,bat-footer-zonnic-logo,bat-footer-zonnic-logo-icon,bat-footer-zonnic-main,bat-footer-zonnic-nav,bat-footer-zonnic-nav-menu,bat-footer-zonnic-nav-menu-title,bat-footer-zonnic-submenu,bat-footer-zonnic-top,bat-form,bat-form-block,bat-form-block-text,bat-form-field,bat-form-field-set,bat-form-field-tip,bat-form-messages,bat-form-msg,bat-form-step,bat-header,bat-header-account,bat-header-account-icon-label,bat-header-account-icon-label-auth,bat-header-account-link,bat-header-account-menu,bat-header-content,bat-header-fixed-spacer,bat-header-logo,bat-header-menu,bat-header-menu-button,bat-header-nav,bat-header-promo,bat-header-promo-link,bat-header-stores,bat-header-stores-link,bat-header-support,bat-header-support-link,bat-header-top,bat-header-utils,bat-header-wrapper,bat-headline,bat-headline-style,bat-icon,bat-image,bat-language,bat-location,bat-message,bat-message-text,bat-messagebar,bat-minicart,bat-minicart-basket-total,bat-minicart-count,bat-minicart-empty-content,bat-minicart-empty-headline,bat-minicart-empty-icon,bat-minicart-empty-message,bat-minicart-subtotal-label,bat-minicart-subtotal-value,bat-minicart-total-items,bat-minicart-wrapper,bat-modal,bat-modal-close,bat-modal-content,bat-navigation,bat-navigation-group,bat-navigation-group-list,bat-navigation-group-list-item,bat-navigation-group-list-item-link,bat-page,bat-section,bat-section-content,bat-section-content-style,bat-section-modal,bat-section-style,bat-text,bat-wrapper,breadcrumb-description,button-dark,button-secondary-dark,consent-block,container-fluid,cq-dd-paragraph,cta-hide,cta-label,cta-logged-in-user,cta-logged-out-user,cta-show,current-page,d-align-right,d-block,d-lg-block,d-lg-none,d-md-block,d-md-none,d-none,d-sm-block,d-sm-none,d-xl-block,d-xl-none,display-address,email-cant-verify,email-invalid,embedded-messaging,error-msg,existing-user,existing-user-close,field-note,full-width,gallery-steel-grey-gradient,global-components,icon-plus,login-error-message,login-success-message,lookup-field,m-align-left,margin-none,margin-small,menu-title,newsletter-headline,padding-bottom-large,padding-bottom-medium,padding-left-large,padding-left-medium,padding-left-small,padding-right-large,padding-right-medium,padding-right-small,padding-top-large,padding-top-medium,page-theme,radio-input,radio-set,select-wrapper,submenu-content,to-login,toggle-visibility,user-invalid,what-is-zonnic,why-zonnic,your-address,your-details,zonnic-logo,zonnic-menu,zonnic-newsletter-modal
contact-us|https://www.zonnic.ca/ca/en/contact-us/let-us-talk/testimonials|arrow-link-dark,at-element-marker,ava-nav-menu,background-cover,background-v-top,bat-agegate,bat-button,bat-button-close-step,bat-cta,bat-cta-style,bat-email-verification,bat-footer-bottom,bat-footer-payment-icons,bat-footer-social-nav,bat-footer-zonnic,bat-footer-zonnic-container,bat-footer-zonnic-copyright,bat-footer-zonnic-disclaimer,bat-footer-zonnic-label-page-breadcrumb,bat-footer-zonnic-logo,bat-footer-zonnic-logo-icon,bat-footer-zonnic-main,bat-footer-zonnic-nav,bat-footer-zonnic-nav-menu,bat-footer-zonnic-nav-menu-title,bat-footer-zonnic-submenu,bat-footer-zonnic-top,bat-form,bat-form-block,bat-form-block-text,bat-form-field,bat-form-field-set,bat-form-field-tip,bat-form-heading,bat-form-messages,bat-form-msg,bat-form-step,bat-form-text,bat-header,bat-header-account,bat-header-account-icon-label,bat-header-account-icon-label-auth,bat-header-account-link,bat-header-account-menu,bat-header-content,bat-header-fixed-spacer,bat-header-logo,bat-header-menu,bat-header-menu-button,bat-header-nav,bat-header-promo,bat-header-promo-link,bat-header-stores,bat-header-stores-link,bat-header-support,bat-header-support-link,bat-header-top,bat-header-utils,bat-header-wrapper,bat-headline,bat-headline-style,bat-hero-zonnic,bat-icon,bat-image,bat-language,bat-location,bat-message,bat-message-text,bat-messagebar,bat-minicart,bat-minicart-basket-total,bat-minicart-count,bat-minicart-empty-content,bat-minicart-empty-headline,bat-minicart-empty-icon,bat-minicart-empty-message,bat-minicart-subtotal-label,bat-minicart-subtotal-value,bat-minicart-total-items,bat-minicart-wrapper,bat-modal,bat-modal-close,bat-modal-content,bat-navigation,bat-navigation-group,bat-navigation-group-list,bat-navigation-group-list-item,bat-navigation-group-list-item-link,bat-page,bat-section,bat-section-content,bat-section-content-style,bat-section-modal,bat-section-style,bat-text,bat-wrapper,breadcrumb-description,button-dark,button-secondary-dark,consent-block,consent-text,container-fluid,cq-dd-paragraph,cta-hide,cta-label,cta-logged-in-user,cta-logged-out-user,cta-show,current-page,d-align-right,d-block,d-lg-block,d-lg-none,d-md-block,d-md-none,d-none,d-sm-block,d-sm-none,d-xl-block,d-xl-none,dark-gray,embedded-messaging,error-msg,field-note,floating-label,full-width,gallery-steel-grey-gradient,global-components,headline1-large,icon-plus,login-error-message,login-success-message,m-align-left,margin-none,margin-small,margin-top-small,menu-title,newsletter-disclaimer,newsletter-headline,newsletter-subheadline,padding-bottom-large,padding-bottom-medium,padding-left-large,padding-left-medium,padding-left-small,padding-right-large,padding-right-medium,padding-right-small,padding-top-large,padding-top-medium,page-theme,radio-input,radio-set,select-wrapper,submenu-content,toggle-visibility,what-is-zonnic,why-zonnic,zonnic-logo,zonnic-menu,zonnic-newsletter-modal
contact-us|https://www.zonnic.ca/ca/fr/contact-us|arrow-link-dark,at-element-marker,background-cover,background-v-top,bat-agegate,bat-button,bat-card,bat-cta,bat-cta-style,bat-email-verification,bat-form,bat-form-block,bat-form-block-text,bat-form-field,bat-form-field-set,bat-form-messages,bat-form-msg,bat-form-step,bat-header,bat-header-account,bat-header-account-icon-label,bat-header-account-icon-label-auth,bat-header-account-link,bat-header-account-menu,bat-header-content,bat-header-fixed-spacer,bat-header-logo,bat-header-menu,bat-header-menu-button,bat-header-nav,bat-header-promo,bat-header-promo-link,bat-header-stores,bat-header-stores-link,bat-header-support,bat-header-support-link,bat-header-top,bat-header-utils,bat-header-wrapper,bat-headline,bat-headline-style,bat-hero-zonnic,bat-icon,bat-image,bat-language,bat-location,bat-message,bat-message-text,bat-messagebar,bat-minicart,bat-minicart-basket-total,bat-minicart-count,bat-minicart-empty-content,bat-minicart-empty-headline,bat-minicart-empty-icon,bat-minicart-empty-message,bat-minicart-subtotal-label,bat-minicart-subtotal-value,bat-minicart-total-items,bat-minicart-wrapper,bat-modal,bat-modal-close,bat-modal-content,bat-navigation,bat-navigation-group,bat-navigation-group-list,bat-navigation-group-list-item,bat-navigation-group-list-item-link,bat-page,bat-section,bat-section-contact,bat-section-content,bat-section-content-style,bat-section-modal,bat-section-style,bat-text,bat-wrapper,button-dark,button-secondary-dark,consent-block,container-fluid,cq-dd-paragraph,cta-hide,cta-label,cta-logged-in-user,cta-logged-out-user,cta-show,d-align-right,d-block,d-lg-block,d-md-block,d-none,d-sm-block,d-xl-block,embedded-messaging,error-msg,field-note,full-width,gallery-steel-grey-gradient,global-components,headline1-large,login-error-message,login-success-message,m-align-left,margin-none,margin-small,newsletter-headline,newsletter-subheadline,padding-bottom-large,padding-bottom-medium,padding-bottom-small,padding-left-large,padding-left-medium,padding-left-small,padding-right-large,padding-right-medium,padding-right-small,padding-top-large,padding-top-medium,padding-top-small,padding-top-xsmall,page-theme,radio-input,radio-set,select-wrapper,toggle-visibility,what-is-zonnic,why-zonnic,zonnic-logo,zonnic-menu,zonnic-newsletter-modal
contact-us|https://www.zonnic.ca/ca/en/contact-us/let-us-talk/success|arrow-link-dark,at-element-marker,ava-nav-menu,background-cover,background-v-top,bat-agegate,bat-button,bat-button-close-step,bat-cta,bat-cta-style,bat-email-verification,bat-footer-bottom,bat-footer-payment-icons,bat-footer-social-nav,bat-footer-zonnic,bat-footer-zonnic-container,bat-footer-zonnic-copyright,bat-footer-zonnic-disclaimer,bat-footer-zonnic-label-page-breadcrumb,bat-footer-zonnic-logo,bat-footer-zonnic-logo-icon,bat-footer-zonnic-main,bat-footer-zonnic-nav,bat-footer-zonnic-nav-menu,bat-footer-zonnic-nav-menu-title,bat-footer-zonnic-submenu,bat-footer-zonnic-top,bat-form,bat-form-block,bat-form-block-text,bat-form-field,bat-form-field-set,bat-form-field-tip,bat-form-heading,bat-form-messages,bat-form-msg,bat-form-step,bat-form-text,bat-header,bat-header-account,bat-header-account-icon-label,bat-header-account-icon-label-auth,bat-header-account-link,bat-header-account-menu,bat-header-content,bat-header-fixed-spacer,bat-header-logo,bat-header-menu,bat-header-menu-button,bat-header-nav,bat-header-promo,bat-header-promo-link,bat-header-stores,bat-header-stores-link,bat-header-support,bat-header-support-link,bat-header-top,bat-header-utils,bat-header-wrapper,bat-headline,bat-headline-style,bat-icon,bat-image,bat-language,bat-location,bat-message,bat-message-text,bat-messagebar,bat-minicart,bat-minicart-basket-total,bat-minicart-count,bat-minicart-empty-content,bat-minicart-empty-headline,bat-minicart-empty-icon,bat-minicart-empty-message,bat-minicart-subtotal-label,bat-minicart-subtotal-value,bat-minicart-total-items,bat-minicart-wrapper,bat-modal,bat-modal-close,bat-modal-content,bat-navigation,bat-navigation-group,bat-navigation-group-list,bat-navigation-group-list-item,bat-navigation-group-list-item-link,bat-page,bat-section,bat-section-content,bat-section-content-style,bat-section-modal,bat-section-style,bat-text,bat-wrapper,breadcrumb-description,button-dark,button-secondary-dark,consent-block,consent-text,container-fluid,cq-dd-paragraph,cta-hide,cta-label,cta-logged-in-user,cta-logged-out-user,cta-show,current-page,d-align-right,d-block,d-lg-block,d-lg-none,d-md-block,d-md-none,d-none,d-sm-block,d-sm-none,d-xl-block,d-xl-none,dark-gray,embedded-messaging,error-msg,field-note,floating-label,full-width,gallery-steel-grey-gradient,global-components,icon-plus,login-error-message,login-success-message,m-align-left,margin-none,margin-small,margin-top-small,menu-title,newsletter-disclaimer,newsletter-headline,newsletter-subheadline,padding-bottom-large,padding-bottom-medium,padding-left-large,padding-left-medium,padding-left-small,padding-right-large,padding-right-medium,padding-right-small,padding-top-large,padding-top-medium,page-theme,radio-input,radio-set,select-wrapper,submenu-content,toggle-visibility,what-is-zonnic,why-zonnic,zonnic-logo,zonnic-menu,zonnic-newsletter-modal
contact-us|https://www.zonnic.ca/ca/fr/contact-us/let-us-talk/pharmacy|arrow-link-dark,at-element-marker,ava-nav-menu,background-cover,background-v-top,bat-agegate,bat-button,bat-button-close-step,bat-cta,bat-cta-style,bat-email-verification,bat-footer-bottom,bat-footer-payment-icons,bat-footer-social-nav,bat-footer-zonnic,bat-footer-zonnic-container,bat-footer-zonnic-copyright,bat-footer-zonnic-disclaimer,bat-footer-zonnic-label-page-breadcrumb,bat-footer-zonnic-logo,bat-footer-zonnic-logo-icon,bat-footer-zonnic-main,bat-footer-zonnic-nav,bat-footer-zonnic-nav-menu,bat-footer-zonnic-nav-menu-title,bat-footer-zonnic-submenu,bat-footer-zonnic-top,bat-form,bat-form-block,bat-form-block-text,bat-form-field,bat-form-field-set,bat-form-field-tip,bat-form-heading,bat-form-messages,bat-form-msg,bat-form-step,bat-form-text,bat-header,bat-header-account,bat-header-account-icon-label,bat-header-account-icon-label-auth,bat-header-account-link,bat-header-account-menu,bat-header-content,bat-header-fixed-spacer,bat-header-logo,bat-header-menu,bat-header-menu-button,bat-header-nav,bat-header-promo,bat-header-promo-link,bat-header-stores,bat-header-stores-link,bat-header-support,bat-header-support-link,bat-header-top,bat-header-utils,bat-header-wrapper,bat-headline,bat-headline-style,bat-hero-zonnic,bat-icon,bat-image,bat-language,bat-location,bat-message,bat-message-text,bat-messagebar,bat-minicart,bat-minicart-basket-total,bat-minicart-count,bat-minicart-empty-content,bat-minicart-empty-headline,bat-minicart-empty-icon,bat-minicart-empty-message,bat-minicart-subtotal-label,bat-minicart-subtotal-value,bat-minicart-total-items,bat-minicart-wrapper,bat-modal,bat-modal-close,bat-modal-content,bat-navigation,bat-navigation-group,bat-navigation-group-list,bat-navigation-group-list-item,bat-navigation-group-list-item-link,bat-page,bat-section,bat-section-content,bat-section-content-style,bat-section-modal,bat-section-style,bat-text,bat-wrapper,bg-chill-mint-green-gradient,breadcrumb-description,button-dark,button-secondary-dark,consent-block,consent-text,container-fluid,cq-dd-paragraph,cta-hide,cta-label,cta-logged-in-user,cta-logged-out-user,cta-show,current-page,d-align-right,d-block,d-lg-block,d-md-block,d-none,d-sm-block,d-xl-block,dark-gray,error-msg,field-note,floating-label,full-width,gallery-steel-grey-gradient,global-components,headline1-large,icon-plus,login-error-message,login-success-message,m-align-left,margin-none,margin-small,margin-top-small,menu-title,newsletter-disclaimer,newsletter-headline,newsletter-subheadline,padding-bottom-large,padding-bottom-medium,padding-left-large,padding-left-medium,padding-left-small,padding-right-large,padding-right-medium,padding-right-small,padding-top-large,padding-top-medium,page-theme,radio-input,radio-set,select-wrapper,show-on-login,submenu-content,toggle-visibility,what-is-zonnic,why-zonnic,zonnic-logo,zonnic-menu,zonnic-newsletter-modal
contact-us|https://www.zonnic.ca/ca/fr/contact-us/let-us-talk/success|arrow-link-dark,at-element-marker,ava-nav-menu,background-cover,background-v-top,bat-agegate,bat-button,bat-button-close-step,bat-cta,bat-cta-style,bat-email-verification,bat-footer-bottom,bat-footer-payment-icons,bat-footer-social-nav,bat-footer-zonnic,bat-footer-zonnic-container,bat-footer-zonnic-copyright,bat-footer-zonnic-disclaimer,bat-footer-zonnic-label-page-breadcrumb,bat-footer-zonnic-logo,bat-footer-zonnic-logo-icon,bat-footer-zonnic-main,bat-footer-zonnic-nav,bat-footer-zonnic-nav-menu,bat-footer-zonnic-nav-menu-title,bat-footer-zonnic-submenu,bat-footer-zonnic-top,bat-form,bat-form-block,bat-form-block-text,bat-form-field,bat-form-field-set,bat-form-field-tip,bat-form-heading,bat-form-messages,bat-form-msg,bat-form-step,bat-form-text,bat-header,bat-header-account,bat-header-account-icon-label,bat-header-account-icon-label-auth,bat-header-account-link,bat-header-account-menu,bat-header-content,bat-header-fixed-spacer,bat-header-logo,bat-header-menu,bat-header-menu-button,bat-header-nav,bat-header-promo,bat-header-promo-link,bat-header-stores,bat-header-stores-link,bat-header-support,bat-header-support-link,bat-header-top,bat-header-utils,bat-header-wrapper,bat-headline,bat-headline-style,bat-icon,bat-image,bat-language,bat-location,bat-message,bat-message-text,bat-messagebar,bat-minicart,bat-minicart-basket-total,bat-minicart-count,bat-minicart-empty-content,bat-minicart-empty-headline,bat-minicart-empty-icon,bat-minicart-empty-message,bat-minicart-subtotal-label,bat-minicart-subtotal-value,bat-minicart-total-items,bat-minicart-wrapper,bat-modal,bat-modal-close,bat-modal-content,bat-navigation,bat-navigation-group,bat-navigation-group-list,bat-navigation-group-list-item,bat-navigation-group-list-item-link,bat-page,bat-section,bat-section-content,bat-section-content-style,bat-section-modal,bat-section-style,bat-text,bat-wrapper,bg-chill-mint-green-gradient,breadcrumb-description,button-dark,button-secondary-dark,consent-block,consent-text,container-fluid,cq-dd-paragraph,cta-hide,cta-label,cta-logged-in-user,cta-logged-out-user,cta-show,current-page,d-align-right,d-block,d-lg-block,d-md-block,d-none,d-sm-block,d-xl-block,dark-gray,error-msg,field-note,floating-label,full-width,gallery-steel-grey-gradient,global-components,icon-plus,login-error-message,login-success-message,m-align-left,margin-none,margin-small,margin-top-small,menu-title,newsletter-disclaimer,newsletter-headline,newsletter-subheadline,padding-bottom-large,padding-bottom-medium,padding-left-large,padding-left-medium,padding-left-small,padding-right-large,padding-right-medium,padding-right-small,padding-top-large,padding-top-medium,page-theme,radio-input,radio-set,select-wrapper,show-on-login,submenu-content,toggle-visibility,what-is-zonnic,why-zonnic,zonnic-logo,zonnic-menu,zonnic-newsletter-modal
cookie-policy|https://www.zonnic.ca/ca/en/cookie-policy|address-lookup-field,arrow-link-dark,at-element-marker,ava-nav-menu,background-cover,background-v-top,bat-agegate,bat-button,bat-cta,bat-cta-style,bat-email-verification,bat-footer-bottom,bat-footer-payment-icons,bat-footer-social-nav,bat-footer-zonnic,bat-footer-zonnic-container,bat-footer-zonnic-copyright,bat-footer-zonnic-disclaimer,bat-footer-zonnic-label-page-breadcrumb,bat-footer-zonnic-logo,bat-footer-zonnic-logo-icon,bat-footer-zonnic-main,bat-footer-zonnic-nav,bat-footer-zonnic-nav-menu,bat-footer-zonnic-nav-menu-title,bat-footer-zonnic-submenu,bat-footer-zonnic-top,bat-form,bat-form-block,bat-form-block-text,bat-form-field,bat-form-field-set,bat-form-field-tip,bat-form-messages,bat-form-msg,bat-form-step,bat-header,bat-header-account,bat-header-account-icon-label,bat-header-account-icon-label-auth,bat-header-account-link,bat-header-account-menu,bat-header-content,bat-header-fixed-spacer,bat-header-logo,bat-header-menu,bat-header-menu-button,bat-header-nav,bat-header-promo,bat-header-promo-link,bat-header-stores,bat-header-stores-link,bat-header-support,bat-header-support-link,bat-header-top,bat-header-utils,bat-header-wrapper,bat-headline,bat-headline-style,bat-icon,bat-image,bat-language,bat-location,bat-message,bat-message-text,bat-messagebar,bat-minicart,bat-minicart-basket-total,bat-minicart-count,bat-minicart-empty-content,bat-minicart-empty-headline,bat-minicart-empty-icon,bat-minicart-empty-message,bat-minicart-subtotal-label,bat-minicart-subtotal-value,bat-minicart-total-items,bat-minicart-wrapper,bat-modal,bat-modal-close,bat-modal-content,bat-navigation,bat-navigation-group,bat-navigation-group-list,bat-navigation-group-list-item,bat-navigation-group-list-item-link,bat-page,bat-section,bat-section-content,bat-section-content-style,bat-section-modal,bat-section-style,bat-text,bat-wrapper,breadcrumb-description,button-dark,button-secondary-dark,consent-block,container-fluid,cq-dd-paragraph,cta-hide,cta-label,cta-logged-in-user,cta-logged-out-user,cta-show,current-page,d-align-right,d-block,d-lg-block,d-lg-none,d-md-block,d-md-none,d-none,d-sm-block,d-sm-none,d-xl-block,d-xl-none,display-address,email-cant-verify,email-invalid,embedded-messaging,error-msg,existing-user,existing-user-close,field-note,full-width,gallery-steel-grey-gradient,global-components,icon-plus,login-error-message,login-success-message,lookup-field,m-align-left,margin-none,margin-small,menu-title,newsletter-headline,padding-bottom-large,padding-bottom-medium,padding-left-large,padding-left-medium,padding-left-small,padding-right-large,padding-right-medium,padding-right-small,padding-top-large,padding-top-medium,page-theme,radio-input,radio-set,select-wrapper,submenu-content,to-login,toggle-visibility,user-invalid,what-is-zonnic,why-zonnic,your-address,your-details,zonnic-logo,zonnic-menu,zonnic-newsletter-modal
cookie-policy|https://www.zonnic.ca/ca/fr/cookie-policy|address-lookup-field,arrow-link-dark,at-element-marker,ava-nav-menu,background-cover,background-v-top,bat-agegate,bat-button,bat-cta,bat-cta-style,bat-email-verification,bat-footer-bottom,bat-footer-payment-icons,bat-footer-social-nav,bat-footer-zonnic,bat-footer-zonnic-container,bat-footer-zonnic-copyright,bat-footer-zonnic-disclaimer,bat-footer-zonnic-label-page-breadcrumb,bat-footer-zonnic-logo,bat-footer-zonnic-logo-icon,bat-footer-zonnic-main,bat-footer-zonnic-nav,bat-footer-zonnic-nav-menu,bat-footer-zonnic-nav-menu-title,bat-footer-zonnic-submenu,bat-footer-zonnic-top,bat-form,bat-form-block,bat-form-block-text,bat-form-field,bat-form-field-set,bat-form-field-tip,bat-form-messages,bat-form-msg,bat-form-step,bat-header,bat-header-account,bat-header-account-icon-label,bat-header-account-icon-label-auth,bat-header-account-link,bat-header-account-menu,bat-header-content,bat-header-fixed-spacer,bat-header-logo,bat-header-menu,bat-header-menu-button,bat-header-nav,bat-header-promo,bat-header-promo-link,bat-header-stores,bat-header-stores-link,bat-header-support,bat-header-support-link,bat-header-top,bat-header-utils,bat-header-wrapper,bat-headline,bat-headline-style,bat-icon,bat-image,bat-language,bat-location,bat-message,bat-message-text,bat-messagebar,bat-minicart,bat-minicart-basket-total,bat-minicart-count,bat-minicart-empty-content,bat-minicart-empty-headline,bat-minicart-empty-icon,bat-minicart-empty-message,bat-minicart-subtotal-label,bat-minicart-subtotal-value,bat-minicart-total-items,bat-minicart-wrapper,bat-modal,bat-modal-close,bat-modal-content,bat-navigation,bat-navigation-group,bat-navigation-group-list,bat-navigation-group-list-item,bat-navigation-group-list-item-link,bat-page,bat-section,bat-section-content,bat-section-content-style,bat-section-modal,bat-section-style,bat-text,bat-wrapper,breadcrumb-description,button-dark,button-secondary-dark,consent-block,container-fluid,cq-dd-paragraph,cta-hide,cta-label,cta-logged-in-user,cta-logged-out-user,cta-show,current-page,d-align-right,d-block,d-lg-block,d-md-block,d-none,d-sm-block,d-xl-block,display-address,embedded-messaging,error-msg,existing-user,existing-user-close,field-note,full-width,gallery-steel-grey-gradient,global-components,icon-plus,login-error-message,login-success-message,lookup-field,m-align-left,margin-none,margin-small,menu-title,newsletter-headline,newsletter-subheadline,padding-bottom-large,padding-bottom-medium,padding-left-large,padding-left-medium,padding-left-small,padding-right-large,padding-right-medium,padding-right-small,padding-top-large,padding-top-medium,page-theme,radio-input,radio-set,select-wrapper,submenu-content,to-login,toggle-visibility,what-is-zonnic,why-zonnic,your-address,your-details,zonnic-logo,zonnic-menu,zonnic-newsletter-modal
email-verification|https://www.zonnic.ca/ca/en/email-verification|arrow-link-dark,at-element-marker,ava-nav-menu,background-cover,background-v-top,bat-agegate,bat-autologin,bat-button,bat-button-close-step,bat-cta,bat-cta-style,bat-email-verification,bat-footer-bottom,bat-footer-payment-icons,bat-footer-social-nav,bat-footer-zonnic,bat-footer-zonnic-container,bat-footer-zonnic-copyright,bat-footer-zonnic-disclaimer,bat-footer-zonnic-label-page-breadcrumb,bat-footer-zonnic-logo,bat-footer-zonnic-logo-icon,bat-footer-zonnic-main,bat-footer-zonnic-nav,bat-footer-zonnic-nav-menu,bat-footer-zonnic-nav-menu-title,bat-footer-zonnic-submenu,bat-footer-zonnic-top,bat-form,bat-form-block,bat-form-block-text,bat-form-field,bat-form-field-set,bat-form-field-tip,bat-form-heading,bat-form-messages,bat-form-msg,bat-form-step,bat-form-text,bat-header,bat-header-account,bat-header-account-icon-label,bat-header-account-icon-label-auth,bat-header-account-link,bat-header-account-menu,bat-header-content,bat-header-fixed-spacer,bat-header-logo,bat-header-menu,bat-header-menu-button,bat-header-nav,bat-header-promo,bat-header-promo-link,bat-header-stores,bat-header-stores-link,bat-header-support,bat-header-support-link,bat-header-top,bat-header-utils,bat-header-wrapper,bat-headline,bat-headline-style,bat-icon,bat-image,bat-language,bat-location,bat-message,bat-message-text,bat-messagebar,bat-minicart,bat-minicart-basket-total,bat-minicart-count,bat-minicart-empty-content,bat-minicart-empty-headline,bat-minicart-empty-icon,bat-minicart-empty-message,bat-minicart-subtotal-label,bat-minicart-subtotal-value,bat-minicart-total-items,bat-minicart-wrapper,bat-modal,bat-modal-close,bat-modal-content,bat-navigation,bat-navigation-group,bat-navigation-group-list,bat-navigation-group-list-item,bat-navigation-group-list-item-link,bat-page,bat-section,bat-section-content,bat-section-content-style,bat-section-modal,bat-section-style,bat-text,bat-wrapper,breadcrumb-description,button-dark,button-secondary-dark,consent-block,consent-text,container-fluid,cq-dd-paragraph,cta-hide,cta-label,cta-logged-in-user,cta-logged-out-user,cta-show,current-page,d-align-right,d-block,d-lg-block,d-lg-none,d-md-block,d-md-none,d-none,d-sm-block,d-sm-none,d-xl-block,d-xl-none,dark-gray,embedded-messaging,error-msg,field-note,floating-label,full-width,gallery-steel-grey-gradient,global-components,icon-plus,login-error-message,login-success-message,m-align-left,margin-none,margin-small,margin-top-small,menu-title,newsletter-disclaimer,newsletter-headline,newsletter-subheadline,padding-bottom-large,padding-bottom-medium,padding-left-large,padding-left-medium,padding-left-small,padding-right-large,padding-right-medium,padding-right-small,padding-top-large,padding-top-medium,page-theme,radio-input,radio-set,select-wrapper,submenu-content,toggle-visibility,what-is-zonnic,why-zonnic,zonnic-logo,zonnic-menu,zonnic-newsletter-modal
email-verification|https://www.zonnic.ca/ca/fr/email-verification|arrow-link-dark,at-element-marker,ava-nav-menu,background-cover,background-v-top,bat-agegate,bat-autologin,bat-button,bat-button-close-step,bat-cta,bat-cta-style,bat-email-verification,bat-footer-bottom,bat-footer-payment-icons,bat-footer-social-nav,bat-footer-zonnic,bat-footer-zonnic-container,bat-footer-zonnic-copyright,bat-footer-zonnic-disclaimer,bat-footer-zonnic-label-page-breadcrumb,bat-footer-zonnic-logo,bat-footer-zonnic-logo-icon,bat-footer-zonnic-main,bat-footer-zonnic-nav,bat-footer-zonnic-nav-menu,bat-footer-zonnic-nav-menu-title,bat-footer-zonnic-submenu,bat-footer-zonnic-top,bat-form,bat-form-block,bat-form-block-text,bat-form-field,bat-form-field-set,bat-form-field-tip,bat-form-heading,bat-form-messages,bat-form-msg,bat-form-step,bat-form-text,bat-header,bat-header-account,bat-header-account-icon-label,bat-header-account-icon-label-auth,bat-header-account-link,bat-header-account-menu,bat-header-content,bat-header-fixed-spacer,bat-header-logo,bat-header-menu,bat-header-menu-button,bat-header-nav,bat-header-promo,bat-header-promo-link,bat-header-stores,bat-header-stores-link,bat-header-support,bat-header-support-link,bat-header-top,bat-header-utils,bat-header-wrapper,bat-headline,bat-headline-style,bat-icon,bat-image,bat-language,bat-location,bat-message,bat-message-text,bat-messagebar,bat-minicart,bat-minicart-basket-total,bat-minicart-count,bat-minicart-empty-content,bat-minicart-empty-headline,bat-minicart-empty-icon,bat-minicart-empty-message,bat-minicart-subtotal-label,bat-minicart-subtotal-value,bat-minicart-total-items,bat-minicart-wrapper,bat-modal,bat-modal-close,bat-modal-content,bat-navigation,bat-navigation-group,bat-navigation-group-list,bat-navigation-group-list-item,bat-navigation-group-list-item-link,bat-page,bat-section,bat-section-content,bat-section-content-style,bat-section-modal,bat-section-style,bat-text,bat-wrapper,bg-chill-mint-green-gradient,breadcrumb-description,button-dark,button-secondary-dark,consent-block,consent-text,container-fluid,cq-dd-paragraph,cta-hide,cta-label,cta-logged-in-user,cta-logged-out-user,cta-show,current-page,d-align-right,d-block,d-lg-block,d-md-block,d-none,d-sm-block,d-xl-block,dark-gray,error-msg,field-note,floating-label,full-width,gallery-steel-grey-gradient,global-components,icon-plus,login-error-message,login-success-message,m-align-left,margin-none,margin-small,margin-top-small,menu-title,newsletter-disclaimer,newsletter-headline,newsletter-subheadline,padding-bottom-large,padding-bottom-medium,padding-left-large,padding-left-medium,padding-left-small,padding-right-large,padding-right-medium,padding-right-small,padding-top-large,padding-top-medium,page-theme,radio-input,radio-set,select-wrapper,show-on-login,submenu-content,toggle-visibility,what-is-zonnic,why-zonnic,zonnic-logo,zonnic-menu,zonnic-newsletter-modal
faq-old-donotindex|https://www.zonnic.ca/ca/fr/faq-old-donotindex/faq-quit-zone-program|address-lookup-field,arrow-link-dark,at-element-marker,ava-nav-menu,background-cover,background-v-top,bat-agegate,bat-button,bat-card,bat-cta,bat-cta-style,bat-email-verification,bat-footer-bottom,bat-footer-payment-icons,bat-footer-social-nav,bat-footer-zonnic,bat-footer-zonnic-container,bat-footer-zonnic-copyright,bat-footer-zonnic-disclaimer,bat-footer-zonnic-label-page-breadcrumb,bat-footer-zonnic-logo,bat-footer-zonnic-logo-icon,bat-footer-zonnic-main,bat-footer-zonnic-nav,bat-footer-zonnic-nav-menu,bat-footer-zonnic-nav-menu-title,bat-footer-zonnic-submenu,bat-footer-zonnic-top,bat-form,bat-form-block,bat-form-block-text,bat-form-field,bat-form-field-set,bat-form-field-tip,bat-form-messages,bat-form-msg,bat-form-step,bat-header,bat-header-account,bat-header-account-icon-label,bat-header-account-icon-label-auth,bat-header-account-link,bat-header-account-menu,bat-header-content,bat-header-fixed-spacer,bat-header-logo,bat-header-menu,bat-header-menu-button,bat-header-nav,bat-header-promo,bat-header-promo-link,bat-header-stores,bat-header-stores-link,bat-header-support,bat-header-support-link,bat-header-top,bat-header-utils,bat-header-wrapper,bat-headline,bat-headline-style,bat-icon,bat-image,bat-language,bat-location,bat-message,bat-message-text,bat-messagebar,bat-minicart,bat-minicart-basket-total,bat-minicart-count,bat-minicart-empty-content,bat-minicart-empty-headline,bat-minicart-empty-icon,bat-minicart-empty-message,bat-minicart-subtotal-label,bat-minicart-subtotal-value,bat-minicart-total-items,bat-minicart-wrapper,bat-modal,bat-modal-close,bat-modal-content,bat-navigation,bat-navigation-group,bat-navigation-group-list,bat-navigation-group-list-item,bat-navigation-group-list-item-link,bat-page,bat-section,bat-section-content,bat-section-content-style,bat-section-modal,bat-section-style,bat-text,bat-wrapper,bg-whisper-gray,breadcrumb-description,button-dark,button-secondary-dark,consent-block,container-fluid,cq-dd-paragraph,cta-hide,cta-label,cta-logged-in-user,cta-logged-out-user,cta-show,current-page,d-align-right,d-block,d-lg-block,d-lg-none,d-md-block,d-md-none,d-none,d-sm-block,d-sm-none,d-xl-block,d-xl-none,display-address,embedded-messaging,error-msg,existing-user,existing-user-close,field-note,full-width,gallery-steel-grey-gradient,global-components,icon-plus,login-error-message,login-success-message,lookup-field,m-align-left,margin-none,margin-small,menu-title,newsletter-headline,newsletter-subheadline,padding-bottom-large,padding-bottom-medium,padding-bottom-small,padding-left-large,padding-left-medium,padding-left-small,padding-right-large,padding-right-medium,padding-right-small,padding-top-large,padding-top-medium,padding-top-small,page-theme,radio-input,radio-set,select-wrapper,submenu-content,to-login,toggle-visibility,what-is-zonnic,why-zonnic,your-address,your-details,zonnic-logo,zonnic-menu,zonnic-newsletter-modal
faq-old-donotindex|https://www.zonnic.ca/ca/en/faq-old-donotindex/faq-account-and-benefits|address-lookup-field,arrow-link-dark,at-element-marker,ava-nav-menu,background-cover,background-v-top,bat-agegate,bat-button,bat-cta,bat-cta-style,bat-email-verification,bat-expander,bat-expander-button,bat-expander-button-icon,bat-expander-button-icon-close,bat-expander-button-icon-open,bat-expander-button-label,bat-expander-content,bat-expander-content-container,bat-expander-zonnic,bat-footer-bottom,bat-footer-payment-icons,bat-footer-social-nav,bat-footer-zonnic,bat-footer-zonnic-container,bat-footer-zonnic-copyright,bat-footer-zonnic-disclaimer,bat-footer-zonnic-label-page-breadcrumb,bat-footer-zonnic-logo,bat-footer-zonnic-logo-icon,bat-footer-zonnic-main,bat-footer-zonnic-nav,bat-footer-zonnic-nav-menu,bat-footer-zonnic-nav-menu-title,bat-footer-zonnic-submenu,bat-footer-zonnic-top,bat-form,bat-form-block,bat-form-block-text,bat-form-field,bat-form-field-set,bat-form-field-tip,bat-form-messages,bat-form-msg,bat-form-step,bat-header,bat-header-account,bat-header-account-icon-label,bat-header-account-icon-label-auth,bat-header-account-link,bat-header-account-menu,bat-header-content,bat-header-fixed-spacer,bat-header-logo,bat-header-menu,bat-header-menu-button,bat-header-nav,bat-header-promo,bat-header-promo-link,bat-header-stores,bat-header-stores-link,bat-header-support,bat-header-support-link,bat-header-top,bat-header-utils,bat-header-wrapper,bat-headline,bat-headline-style,bat-icon,bat-image,bat-language,bat-location,bat-message,bat-message-text,bat-messagebar,bat-minicart,bat-minicart-basket-total,bat-minicart-count,bat-minicart-empty-content,bat-minicart-empty-headline,bat-minicart-empty-icon,bat-minicart-empty-message,bat-minicart-subtotal-label,bat-minicart-subtotal-value,bat-minicart-total-items,bat-minicart-wrapper,bat-modal,bat-modal-close,bat-modal-content,bat-navigation,bat-navigation-group,bat-navigation-group-list,bat-navigation-group-list-item,bat-navigation-group-list-item-link,bat-page,bat-section,bat-section-content,bat-section-content-style,bat-section-modal,bat-section-style,bat-text,bat-wrapper,breadcrumb-description,button-dark,button-secondary-dark,cmp-experiencefragment,consent-block,container-fluid,cq-dd-paragraph,cta-account-zonnic,cta-hide,cta-label,cta-logged-in-user,cta-logged-out-user,cta-show,current-page,d-align-right,d-block,d-lg-block,d-lg-none,d-md-block,d-md-none,d-none,d-sm-block,d-sm-none,d-xl-block,d-xl-none,display-address,email-cant-verify,email-invalid,embedded-messaging,error-msg,existing-user,existing-user-close,fa-chevron-down,fa-chevron-up,field-note,full-width,gallery-steel-grey-gradient,global-components,icon-alignment-right,icon-plus,link-dark,login-error-message,login-success-message,lookup-field,m-align-left,margin-none,margin-small,menu-title,newsletter-headline,padding-bottom-large,padding-bottom-medium,padding-left-large,padding-left-medium,padding-left-small,padding-right-large,padding-right-medium,padding-right-small,padding-top-large,padding-top-medium,page-theme,radio-input,radio-set,select-wrapper,submenu-content,to-login,toggle-visibility,user-invalid,what-is-zonnic,why-zonnic,xf-content-height,your-address,your-details,zonnic-logo,zonnic-menu,zonnic-newsletter-modal
faq-old-donotindex|https://www.zonnic.ca/ca/en/faq-old-donotindex|address-lookup-field,arrow-link-dark,at-element-marker,ava-nav-menu,background-cover,background-v-top,bat-agegate,bat-button,bat-card,bat-cta,bat-cta-style,bat-email-verification,bat-footer-bottom,bat-footer-payment-icons,bat-footer-social-nav,bat-footer-zonnic,bat-footer-zonnic-container,bat-footer-zonnic-copyright,bat-footer-zonnic-disclaimer,bat-footer-zonnic-label-page-breadcrumb,bat-footer-zonnic-logo,bat-footer-zonnic-logo-icon,bat-footer-zonnic-main,bat-footer-zonnic-nav,bat-footer-zonnic-nav-menu,bat-footer-zonnic-nav-menu-title,bat-footer-zonnic-submenu,bat-footer-zonnic-top,bat-form,bat-form-block,bat-form-block-text,bat-form-field,bat-form-field-set,bat-form-field-tip,bat-form-messages,bat-form-msg,bat-form-step,bat-header,bat-header-account,bat-header-account-icon-label,bat-header-account-icon-label-auth,bat-header-account-link,bat-header-account-menu,bat-header-content,bat-header-fixed-spacer,bat-header-logo,bat-header-menu,bat-header-menu-button,bat-header-nav,bat-header-promo,bat-header-promo-link,bat-header-stores,bat-header-stores-link,bat-header-support,bat-header-support-link,bat-header-top,bat-header-utils,bat-header-wrapper,bat-headline,bat-headline-style,bat-hero-zonnic,bat-icon,bat-image,bat-language,bat-location,bat-message,bat-message-text,bat-messagebar,bat-minicart,bat-minicart-basket-total,bat-minicart-count,bat-minicart-empty-content,bat-minicart-empty-headline,bat-minicart-empty-icon,bat-minicart-empty-message,bat-minicart-subtotal-label,bat-minicart-subtotal-value,bat-minicart-total-items,bat-minicart-wrapper,bat-modal,bat-modal-close,bat-modal-content,bat-navigation,bat-navigation-group,bat-navigation-group-list,bat-navigation-group-list-item,bat-navigation-group-list-item-link,bat-page,bat-section,bat-section-content,bat-section-content-style,bat-section-modal,bat-section-style,bat-text,bat-wrapper,breadcrumb-description,button-dark,button-secondary-dark,card-masthead-product,consent-block,container-fluid,cq-dd-paragraph,cta-hide,cta-label,cta-logged-in-user,cta-logged-out-user,cta-show,current-page,d-align-right,d-block,d-lg-block,d-lg-none,d-md-block,d-md-none,d-none,d-sm-block,d-sm-none,d-xl-block,d-xl-none,display-address,email-cant-verify,email-invalid,embedded-messaging,error-msg,existing-user,existing-user-close,field-note,full-width,gallery-steel-grey-gradient,global-components,headline1-large,icon-plus,login-error-message,login-success-message,lookup-field,m-align-left,margin-none,margin-small,margin-xsmall,meet-zonnic-cards,menu-title,newsletter-headline,padding-bottom-medium,padding-bottom-small,padding-left-medium,padding-left-small,padding-right-medium,padding-right-small,padding-top-large,padding-top-medium,padding-top-small,padding-top-xsmall,page-theme,radio-input,radio-set,same-as-top,select-wrapper,submenu-content,to-login,toggle-visibility,user-invalid,what-is-zonnic,why-zonnic,your-address,your-details,zonnic-logo,zonnic-menu,zonnic-newsletter-modal
faq-old-donotindex|https://www.zonnic.ca/ca/en/faq-old-donotindex/faq-quit-zone-program|address-lookup-field,arrow-link-dark,at-element-marker,ava-nav-menu,background-cover,background-v-top,bat-account-nav,bat-agegate,bat-button,bat-cta,bat-cta-style,bat-email-verification,bat-expander,bat-expander-button,bat-expander-button-icon,bat-expander-button-icon-close,bat-expander-button-icon-open,bat-expander-button-label,bat-expander-content,bat-expander-content-container,bat-expander-zonnic,bat-footer-bottom,bat-footer-payment-icons,bat-footer-social-nav,bat-footer-zonnic,bat-footer-zonnic-container,bat-footer-zonnic-copyright,bat-footer-zonnic-disclaimer,bat-footer-zonnic-label-page-breadcrumb,bat-footer-zonnic-logo,bat-footer-zonnic-logo-icon,bat-footer-zonnic-main,bat-footer-zonnic-nav,bat-footer-zonnic-nav-menu,bat-footer-zonnic-nav-menu-title,bat-footer-zonnic-submenu,bat-footer-zonnic-top,bat-form,bat-form-block,bat-form-block-text,bat-form-field,bat-form-field-set,bat-form-field-tip,bat-form-messages,bat-form-msg,bat-form-step,bat-header,bat-header-account,bat-header-account-icon-label,bat-header-account-icon-label-auth,bat-header-account-link,bat-header-account-menu,bat-header-content,bat-header-fixed-spacer,bat-header-logo,bat-header-menu,bat-header-menu-button,bat-header-nav,bat-header-promo,bat-header-promo-link,bat-header-stores,bat-header-stores-link,bat-header-support,bat-header-support-link,bat-header-top,bat-header-utils,bat-header-wrapper,bat-headline,bat-headline-style,bat-icon,bat-image,bat-language,bat-location,bat-message,bat-message-text,bat-messagebar,bat-minicart,bat-minicart-basket-total,bat-minicart-count,bat-minicart-empty-content,bat-minicart-empty-headline,bat-minicart-empty-icon,bat-minicart-empty-message,bat-minicart-subtotal-label,bat-minicart-subtotal-value,bat-minicart-total-items,bat-minicart-wrapper,bat-modal,bat-modal-close,bat-modal-content,bat-navigation,bat-navigation-group,bat-navigation-group-list,bat-navigation-group-list-item,bat-navigation-group-list-item-link,bat-page,bat-section,bat-section-content,bat-section-content-style,bat-section-modal,bat-section-style,bat-text,bat-wrapper,breadcrumb-description,button-dark,button-secondary-dark,cmp-experiencefragment,consent-block,container-fluid,cq-dd-paragraph,cta-account-zonnic,cta-hide,cta-label,cta-logged-in-user,cta-logged-out-user,cta-show,current-page,d-align-right,d-block,d-lg-block,d-lg-none,d-md-block,d-md-none,d-none,d-sm-block,d-sm-none,d-xl-block,d-xl-none,display-address,email-cant-verify,email-invalid,embedded-messaging,error-msg,existing-user,existing-user-close,fa-chevron-down,fa-chevron-up,field-note,full-width,gallery-steel-grey-gradient,global-components,icon-alignment-right,icon-plus,link-dark,login-error-message,login-success-message,lookup-field,m-align-left,margin-none,margin-small,menu-title,newsletter-headline,padding-bottom-medium,padding-left-medium,padding-left-small,padding-right-medium,padding-right-small,padding-top-large,padding-top-medium,page-theme,radio-input,radio-set,same-as-top,select-wrapper,submenu-content,to-login,toggle-visibility,user-invalid,what-is-zonnic,why-zonnic,xf-content-height,your-address,your-details,zonnic-logo,zonnic-menu,zonnic-newsletter-modal
faq-old-donotindex|https://www.zonnic.ca/ca/en/faq-old-donotindex/faq-order-and-delivery|address-lookup-field,arrow-link-dark,at-element-marker,ava-nav-menu,background-cover,background-v-top,bat-account-nav,bat-agegate,bat-button,bat-cta,bat-cta-style,bat-email-verification,bat-expander,bat-expander-button,bat-expander-button-icon,bat-expander-button-icon-close,bat-expander-button-icon-open,bat-expander-button-label,bat-expander-content,bat-expander-content-container,bat-expander-zonnic,bat-footer-bottom,bat-footer-payment-icons,bat-footer-social-nav,bat-footer-zonnic,bat-footer-zonnic-container,bat-footer-zonnic-copyright,bat-footer-zonnic-disclaimer,bat-footer-zonnic-label-page-breadcrumb,bat-footer-zonnic-logo,bat-footer-zonnic-logo-icon,bat-footer-zonnic-main,bat-footer-zonnic-nav,bat-footer-zonnic-nav-menu,bat-footer-zonnic-nav-menu-title,bat-footer-zonnic-submenu,bat-footer-zonnic-top,bat-form,bat-form-block,bat-form-block-text,bat-form-field,bat-form-field-set,bat-form-field-tip,bat-form-messages,bat-form-msg,bat-form-step,bat-header,bat-header-account,bat-header-account-icon-label,bat-header-account-icon-label-auth,bat-header-account-link,bat-header-account-menu,bat-header-content,bat-header-fixed-spacer,bat-header-logo,bat-header-menu,bat-header-menu-button,bat-header-nav,bat-header-promo,bat-header-promo-link,bat-header-stores,bat-header-stores-link,bat-header-support,bat-header-support-link,bat-header-top,bat-header-utils,bat-header-wrapper,bat-headline,bat-headline-style,bat-icon,bat-image,bat-language,bat-location,bat-message,bat-message-text,bat-messagebar,bat-minicart,bat-minicart-basket-total,bat-minicart-count,bat-minicart-empty-content,bat-minicart-empty-headline,bat-minicart-empty-icon,bat-minicart-empty-message,bat-minicart-subtotal-label,bat-minicart-subtotal-value,bat-minicart-total-items,bat-minicart-wrapper,bat-modal,bat-modal-close,bat-modal-content,bat-navigation,bat-navigation-group,bat-navigation-group-list,bat-navigation-group-list-item,bat-navigation-group-list-item-link,bat-page,bat-section,bat-section-content,bat-section-content-style,bat-section-modal,bat-section-style,bat-text,bat-wrapper,breadcrumb-description,button-dark,button-secondary-dark,cmp-experiencefragment,consent-block,container-fluid,cq-dd-paragraph,cta-account-zonnic,cta-hide,cta-label,cta-logged-in-user,cta-logged-out-user,cta-show,current-page,d-align-right,d-block,d-lg-block,d-lg-none,d-md-block,d-md-none,d-none,d-sm-block,d-sm-none,d-xl-block,d-xl-none,display-address,email-cant-verify,email-invalid,embedded-messaging,error-msg,existing-user,existing-user-close,fa-chevron-down,fa-chevron-up,field-note,full-width,gallery-steel-grey-gradient,global-components,icon-alignment-right,icon-plus,link-dark,login-error-message,login-success-message,lookup-field,m-align-left,margin-none,margin-small,menu-title,newsletter-headline,padding-bottom-medium,padding-left-medium,padding-left-small,padding-right-medium,padding-right-small,padding-top-large,padding-top-medium,page-theme,radio-input,radio-set,same-as-top,select-wrapper,submenu-content,to-login,toggle-visibility,user-invalid,what-is-zonnic,why-zonnic,xf-content-height,your-address,your-details,zonnic-logo,zonnic-menu,zonnic-newsletter-modal
faq-old-donotindex|https://www.zonnic.ca/ca/fr/faq-old-donotindex/faq-zonnic-usage|address-lookup-field,arrow-link-dark,at-element-marker,ava-nav-menu,background-cover,background-v-top,bat-agegate,bat-button,bat-card,bat-cta,bat-cta-style,bat-email-verification,bat-footer-bottom,bat-footer-payment-icons,bat-footer-social-nav,bat-footer-zonnic,bat-footer-zonnic-container,bat-footer-zonnic-copyright,bat-footer-zonnic-disclaimer,bat-footer-zonnic-label-page-breadcrumb,bat-footer-zonnic-logo,bat-footer-zonnic-logo-icon,bat-footer-zonnic-main,bat-footer-zonnic-nav,bat-footer-zonnic-nav-menu,bat-footer-zonnic-nav-menu-title,bat-footer-zonnic-submenu,bat-footer-zonnic-top,bat-form,bat-form-block,bat-form-block-text,bat-form-field,bat-form-field-set,bat-form-field-tip,bat-form-messages,bat-form-msg,bat-form-step,bat-header,bat-header-account,bat-header-account-icon-label,bat-header-account-icon-label-auth,bat-header-account-link,bat-header-account-menu,bat-header-content,bat-header-fixed-spacer,bat-header-logo,bat-header-menu,bat-header-menu-button,bat-header-nav,bat-header-promo,bat-header-promo-link,bat-header-stores,bat-header-stores-link,bat-header-support,bat-header-support-link,bat-header-top,bat-header-utils,bat-header-wrapper,bat-headline,bat-headline-style,bat-icon,bat-image,bat-language,bat-location,bat-message,bat-message-text,bat-messagebar,bat-minicart,bat-minicart-basket-total,bat-minicart-count,bat-minicart-empty-content,bat-minicart-empty-headline,bat-minicart-empty-icon,bat-minicart-empty-message,bat-minicart-subtotal-label,bat-minicart-subtotal-value,bat-minicart-total-items,bat-minicart-wrapper,bat-modal,bat-modal-close,bat-modal-content,bat-navigation,bat-navigation-group,bat-navigation-group-list,bat-navigation-group-list-item,bat-navigation-group-list-item-link,bat-page,bat-section,bat-section-content,bat-section-content-style,bat-section-modal,bat-section-style,bat-text,bat-wrapper,bg-whisper-gray,breadcrumb-description,button-dark,button-secondary-dark,consent-block,container-fluid,cq-dd-paragraph,cta-hide,cta-label,cta-logged-in-user,cta-logged-out-user,cta-show,current-page,d-align-right,d-block,d-lg-block,d-lg-none,d-md-block,d-md-none,d-none,d-sm-block,d-sm-none,d-xl-block,d-xl-none,display-address,embedded-messaging,error-msg,existing-user,existing-user-close,field-note,full-width,gallery-steel-grey-gradient,global-components,icon-plus,login-error-message,login-success-message,lookup-field,m-align-left,margin-none,margin-small,menu-title,newsletter-headline,newsletter-subheadline,padding-bottom-large,padding-bottom-medium,padding-bottom-small,padding-left-large,padding-left-medium,padding-left-small,padding-right-large,padding-right-medium,padding-right-small,padding-top-large,padding-top-medium,padding-top-small,page-theme,radio-input,radio-set,select-wrapper,submenu-content,to-login,toggle-visibility,what-is-zonnic,why-zonnic,your-address,your-details,zonnic-logo,zonnic-menu,zonnic-newsletter-modal
faq-old-donotindex|https://www.zonnic.ca/ca/fr/faq-old-donotindex|address-lookup-field,arrow-link-dark,at-element-marker,ava-nav-menu,background-cover,background-v-top,bat-agegate,bat-button,bat-card,bat-cta,bat-cta-style,bat-email-verification,bat-footer-bottom,bat-footer-payment-icons,bat-footer-social-nav,bat-footer-zonnic,bat-footer-zonnic-container,bat-footer-zonnic-copyright,bat-footer-zonnic-disclaimer,bat-footer-zonnic-label-page-breadcrumb,bat-footer-zonnic-logo,bat-footer-zonnic-logo-icon,bat-footer-zonnic-main,bat-footer-zonnic-nav,bat-footer-zonnic-nav-menu,bat-footer-zonnic-nav-menu-title,bat-footer-zonnic-submenu,bat-footer-zonnic-top,bat-form,bat-form-block,bat-form-block-text,bat-form-field,bat-form-field-set,bat-form-field-tip,bat-form-messages,bat-form-msg,bat-form-step,bat-header,bat-header-account,bat-header-account-icon-label,bat-header-account-icon-label-auth,bat-header-account-link,bat-header-account-menu,bat-header-content,bat-header-fixed-spacer,bat-header-logo,bat-header-menu,bat-header-menu-button,bat-header-nav,bat-header-promo,bat-header-promo-link,bat-header-stores,bat-header-stores-link,bat-header-support,bat-header-support-link,bat-header-top,bat-header-utils,bat-header-wrapper,bat-headline,bat-headline-style,bat-icon,bat-image,bat-language,bat-location,bat-message,bat-message-text,bat-messagebar,bat-minicart,bat-minicart-basket-total,bat-minicart-count,bat-minicart-empty-content,bat-minicart-empty-headline,bat-minicart-empty-icon,bat-minicart-empty-message,bat-minicart-subtotal-label,bat-minicart-subtotal-value,bat-minicart-total-items,bat-minicart-wrapper,bat-modal,bat-modal-close,bat-modal-content,bat-navigation,bat-navigation-group,bat-navigation-group-list,bat-navigation-group-list-item,bat-navigation-group-list-item-link,bat-page,bat-section,bat-section-content,bat-section-content-style,bat-section-modal,bat-section-style,bat-text,bat-wrapper,bg-whisper-gray,breadcrumb-description,button-dark,button-secondary-dark,consent-block,container-fluid,cq-dd-paragraph,cta-hide,cta-label,cta-logged-in-user,cta-logged-out-user,cta-show,current-page,d-align-right,d-block,d-lg-block,d-lg-none,d-md-block,d-md-none,d-none,d-sm-block,d-sm-none,d-xl-block,d-xl-none,display-address,embedded-messaging,error-msg,existing-user,existing-user-close,field-note,full-width,gallery-steel-grey-gradient,global-components,icon-plus,login-error-message,login-success-message,lookup-field,m-align-left,margin-none,margin-small,menu-title,newsletter-headline,newsletter-subheadline,padding-bottom-large,padding-bottom-medium,padding-bottom-small,padding-left-large,padding-left-medium,padding-left-small,padding-right-large,padding-right-medium,padding-right-small,padding-top-large,padding-top-medium,padding-top-small,page-theme,radio-input,radio-set,select-wrapper,submenu-content,to-login,toggle-visibility,what-is-zonnic,why-zonnic,your-address,your-details,zonnic-logo,zonnic-menu,zonnic-newsletter-modal
faq-old-donotindex|https://www.zonnic.ca/ca/fr/faq-old-donotindex/faq-order-and-delivery|address-lookup-field,arrow-link-dark,at-element-marker,ava-nav-menu,background-cover,background-v-top,bat-agegate,bat-button,bat-card,bat-cta,bat-cta-style,bat-email-verification,bat-footer-bottom,bat-footer-payment-icons,bat-footer-social-nav,bat-footer-zonnic,bat-footer-zonnic-container,bat-footer-zonnic-copyright,bat-footer-zonnic-disclaimer,bat-footer-zonnic-label-page-breadcrumb,bat-footer-zonnic-logo,bat-footer-zonnic-logo-icon,bat-footer-zonnic-main,bat-footer-zonnic-nav,bat-footer-zonnic-nav-menu,bat-footer-zonnic-nav-menu-title,bat-footer-zonnic-submenu,bat-footer-zonnic-top,bat-form,bat-form-block,bat-form-block-text,bat-form-field,bat-form-field-set,bat-form-field-tip,bat-form-messages,bat-form-msg,bat-form-step,bat-header,bat-header-account,bat-header-account-icon-label,bat-header-account-icon-label-auth,bat-header-account-link,bat-header-account-menu,bat-header-content,bat-header-fixed-spacer,bat-header-logo,bat-header-menu,bat-header-menu-button,bat-header-nav,bat-header-promo,bat-header-promo-link,bat-header-stores,bat-header-stores-link,bat-header-support,bat-header-support-link,bat-header-top,bat-header-utils,bat-header-wrapper,bat-headline,bat-headline-style,bat-icon,bat-image,bat-language,bat-location,bat-message,bat-message-text,bat-messagebar,bat-minicart,bat-minicart-basket-total,bat-minicart-count,bat-minicart-empty-content,bat-minicart-empty-headline,bat-minicart-empty-icon,bat-minicart-empty-message,bat-minicart-subtotal-label,bat-minicart-subtotal-value,bat-minicart-total-items,bat-minicart-wrapper,bat-modal,bat-modal-close,bat-modal-content,bat-navigation,bat-navigation-group,bat-navigation-group-list,bat-navigation-group-list-item,bat-navigation-group-list-item-link,bat-page,bat-section,bat-section-content,bat-section-content-style,bat-section-modal,bat-section-style,bat-text,bat-wrapper,bg-whisper-gray,breadcrumb-description,button-dark,button-secondary-dark,consent-block,container-fluid,cq-dd-paragraph,cta-hide,cta-label,cta-logged-in-user,cta-logged-out-user,cta-show,current-page,d-align-right,d-block,d-lg-block,d-lg-none,d-md-block,d-md-none,d-none,d-sm-block,d-sm-none,d-xl-block,d-xl-none,display-address,embedded-messaging,error-msg,existing-user,existing-user-close,field-note,full-width,gallery-steel-grey-gradient,global-components,icon-plus,login-error-message,login-success-message,lookup-field,m-align-left,margin-none,margin-small,menu-title,newsletter-headline,newsletter-subheadline,padding-bottom-large,padding-bottom-medium,padding-bottom-small,padding-left-large,padding-left-medium,padding-left-small,padding-right-large,padding-right-medium,padding-right-small,padding-top-large,padding-top-medium,padding-top-small,page-theme,radio-input,radio-set,select-wrapper,submenu-content,to-login,toggle-visibility,what-is-zonnic,why-zonnic,your-address,your-details,zonnic-logo,zonnic-menu,zonnic-newsletter-modal
faq-old-donotindex|https://www.zonnic.ca/ca/fr/faq-old-donotindex/faq-general-information|address-lookup-field,arrow-link-dark,at-element-marker,ava-nav-menu,background-cover,background-v-top,bat-agegate,bat-button,bat-card,bat-cta,bat-cta-style,bat-email-verification,bat-footer-bottom,bat-footer-payment-icons,bat-footer-social-nav,bat-footer-zonnic,bat-footer-zonnic-container,bat-footer-zonnic-copyright,bat-footer-zonnic-disclaimer,bat-footer-zonnic-label-page-breadcrumb,bat-footer-zonnic-logo,bat-footer-zonnic-logo-icon,bat-footer-zonnic-main,bat-footer-zonnic-nav,bat-footer-zonnic-nav-menu,bat-footer-zonnic-nav-menu-title,bat-footer-zonnic-submenu,bat-footer-zonnic-top,bat-form,bat-form-block,bat-form-block-text,bat-form-field,bat-form-field-set,bat-form-field-tip,bat-form-messages,bat-form-msg,bat-form-step,bat-header,bat-header-account,bat-header-account-icon-label,bat-header-account-icon-label-auth,bat-header-account-link,bat-header-account-menu,bat-header-content,bat-header-fixed-spacer,bat-header-logo,bat-header-menu,bat-header-menu-button,bat-header-nav,bat-header-promo,bat-header-promo-link,bat-header-stores,bat-header-stores-link,bat-header-support,bat-header-support-link,bat-header-top,bat-header-utils,bat-header-wrapper,bat-headline,bat-headline-style,bat-icon,bat-image,bat-language,bat-location,bat-message,bat-message-text,bat-messagebar,bat-minicart,bat-minicart-basket-total,bat-minicart-count,bat-minicart-empty-content,bat-minicart-empty-headline,bat-minicart-empty-icon,bat-minicart-empty-message,bat-minicart-subtotal-label,bat-minicart-subtotal-value,bat-minicart-total-items,bat-minicart-wrapper,bat-modal,bat-modal-close,bat-modal-content,bat-navigation,bat-navigation-group,bat-navigation-group-list,bat-navigation-group-list-item,bat-navigation-group-list-item-link,bat-page,bat-section,bat-section-content,bat-section-content-style,bat-section-modal,bat-section-style,bat-text,bat-wrapper,bg-whisper-gray,breadcrumb-description,button-dark,button-secondary-dark,consent-block,container-fluid,cq-dd-paragraph,cta-hide,cta-label,cta-logged-in-user,cta-logged-out-user,cta-show,current-page,d-align-right,d-block,d-lg-block,d-lg-none,d-md-block,d-md-none,d-none,d-sm-block,d-sm-none,d-xl-block,d-xl-none,display-address,embedded-messaging,error-msg,existing-user,existing-user-close,field-note,full-width,gallery-steel-grey-gradient,global-components,icon-plus,login-error-message,login-success-message,lookup-field,m-align-left,margin-none,margin-small,menu-title,newsletter-headline,newsletter-subheadline,padding-bottom-large,padding-bottom-medium,padding-bottom-small,padding-left-large,padding-left-medium,padding-left-small,padding-right-large,padding-right-medium,padding-right-small,padding-top-large,padding-top-medium,padding-top-small,page-theme,radio-input,radio-set,select-wrapper,submenu-content,to-login,toggle-visibility,what-is-zonnic,why-zonnic,your-address,your-details,zonnic-logo,zonnic-menu,zonnic-newsletter-modal
faq-old-donotindex|https://www.zonnic.ca/ca/en/faq-old-donotindex/faq-general-information|address-lookup-field,arrow-link-dark,at-element-marker,ava-nav-menu,background-cover,background-v-top,bat-account-nav,bat-agegate,bat-button,bat-cta,bat-cta-style,bat-email-verification,bat-expander,bat-expander-button,bat-expander-button-icon,bat-expander-button-icon-close,bat-expander-button-icon-open,bat-expander-button-label,bat-expander-content,bat-expander-content-container,bat-expander-zonnic,bat-footer-bottom,bat-footer-payment-icons,bat-footer-social-nav,bat-footer-zonnic,bat-footer-zonnic-container,bat-footer-zonnic-copyright,bat-footer-zonnic-disclaimer,bat-footer-zonnic-label-page-breadcrumb,bat-footer-zonnic-logo,bat-footer-zonnic-logo-icon,bat-footer-zonnic-main,bat-footer-zonnic-nav,bat-footer-zonnic-nav-menu,bat-footer-zonnic-nav-menu-title,bat-footer-zonnic-submenu,bat-footer-zonnic-top,bat-form,bat-form-block,bat-form-block-text,bat-form-field,bat-form-field-set,bat-form-field-tip,bat-form-messages,bat-form-msg,bat-form-step,bat-header,bat-header-account,bat-header-account-icon-label,bat-header-account-icon-label-auth,bat-header-account-link,bat-header-account-menu,bat-header-content,bat-header-fixed-spacer,bat-header-logo,bat-header-menu,bat-header-menu-button,bat-header-nav,bat-header-promo,bat-header-promo-link,bat-header-stores,bat-header-stores-link,bat-header-support,bat-header-support-link,bat-header-top,bat-header-utils,bat-header-wrapper,bat-headline,bat-headline-style,bat-icon,bat-image,bat-language,bat-location,bat-message,bat-message-text,bat-messagebar,bat-minicart,bat-minicart-basket-total,bat-minicart-count,bat-minicart-empty-content,bat-minicart-empty-headline,bat-minicart-empty-icon,bat-minicart-empty-message,bat-minicart-subtotal-label,bat-minicart-subtotal-value,bat-minicart-total-items,bat-minicart-wrapper,bat-modal,bat-modal-close,bat-modal-content,bat-navigation,bat-navigation-group,bat-navigation-group-list,bat-navigation-group-list-item,bat-navigation-group-list-item-link,bat-page,bat-section,bat-section-content,bat-section-content-style,bat-section-modal,bat-section-style,bat-text,bat-wrapper,breadcrumb-description,button-dark,button-secondary-dark,cmp-experiencefragment,consent-block,container-fluid,cq-dd-paragraph,cta-account-zonnic,cta-hide,cta-label,cta-logged-in-user,cta-logged-out-user,cta-show,current-page,d-align-right,d-block,d-lg-block,d-lg-none,d-md-block,d-md-none,d-none,d-sm-block,d-sm-none,d-xl-block,d-xl-none,display-address,email-cant-verify,email-invalid,embedded-messaging,error-msg,existing-user,existing-user-close,fa-chevron-down,fa-chevron-up,field-note,full-width,gallery-steel-grey-gradient,global-components,icon-alignment-right,icon-plus,link-dark,login-error-message,login-success-message,lookup-field,m-align-left,margin-none,margin-small,menu-title,newsletter-headline,padding-bottom-medium,padding-left-medium,padding-left-small,padding-right-medium,padding-right-small,padding-top-large,padding-top-medium,page-theme,radio-input,radio-set,same-as-top,select-wrapper,submenu-content,to-login,toggle-visibility,user-invalid,what-is-zonnic,why-zonnic,xf-content-height,your-address,your-details,zonnic-logo,zonnic-menu,zonnic-newsletter-modal
faq-old-donotindex|https://www.zonnic.ca/ca/en/faq-old-donotindex/faq-zonnic-usage|address-lookup-field,arrow-link-dark,at-element-marker,ava-nav-menu,background-cover,background-v-top,bat-account-nav,bat-agegate,bat-button,bat-cta,bat-cta-style,bat-email-verification,bat-expander,bat-expander-button,bat-expander-button-icon,bat-expander-button-icon-close,bat-expander-button-icon-open,bat-expander-button-label,bat-expander-content,bat-expander-content-container,bat-expander-zonnic,bat-footer-bottom,bat-footer-payment-icons,bat-footer-social-nav,bat-footer-zonnic,bat-footer-zonnic-container,bat-footer-zonnic-copyright,bat-footer-zonnic-disclaimer,bat-footer-zonnic-label-page-breadcrumb,bat-footer-zonnic-logo,bat-footer-zonnic-logo-icon,bat-footer-zonnic-main,bat-footer-zonnic-nav,bat-footer-zonnic-nav-menu,bat-footer-zonnic-nav-menu-title,bat-footer-zonnic-submenu,bat-footer-zonnic-top,bat-form,bat-form-block,bat-form-block-text,bat-form-field,bat-form-field-set,bat-form-field-tip,bat-form-messages,bat-form-msg,bat-form-step,bat-header,bat-header-account,bat-header-account-icon-label,bat-header-account-icon-label-auth,bat-header-account-link,bat-header-account-menu,bat-header-content,bat-header-fixed-spacer,bat-header-logo,bat-header-menu,bat-header-menu-button,bat-header-nav,bat-header-promo,bat-header-promo-link,bat-header-stores,bat-header-stores-link,bat-header-support,bat-header-support-link,bat-header-top,bat-header-utils,bat-header-wrapper,bat-headline,bat-headline-style,bat-icon,bat-image,bat-language,bat-location,bat-message,bat-message-text,bat-messagebar,bat-minicart,bat-minicart-basket-total,bat-minicart-count,bat-minicart-empty-content,bat-minicart-empty-headline,bat-minicart-empty-icon,bat-minicart-empty-message,bat-minicart-subtotal-label,bat-minicart-subtotal-value,bat-minicart-total-items,bat-minicart-wrapper,bat-modal,bat-modal-close,bat-modal-content,bat-navigation,bat-navigation-group,bat-navigation-group-list,bat-navigation-group-list-item,bat-navigation-group-list-item-link,bat-page,bat-section,bat-section-content,bat-section-content-style,bat-section-modal,bat-section-style,bat-text,bat-wrapper,breadcrumb-description,button-dark,button-secondary-dark,cmp-experiencefragment,consent-block,container-fluid,cq-dd-paragraph,cta-account-zonnic,cta-hide,cta-label,cta-logged-in-user,cta-logged-out-user,cta-show,current-page,d-align-right,d-block,d-lg-block,d-lg-none,d-md-block,d-md-none,d-none,d-sm-block,d-sm-none,d-xl-block,d-xl-none,display-address,email-cant-verify,email-invalid,embedded-messaging,error-msg,existing-user,existing-user-close,fa-chevron-down,fa-chevron-up,field-note,full-width,gallery-steel-grey-gradient,global-components,icon-alignment-right,icon-plus,link-dark,login-error-message,login-success-message,lookup-field,m-align-left,margin-none,margin-small,menu-title,newsletter-headline,padding-bottom-medium,padding-left-medium,padding-left-small,padding-right-medium,padding-right-small,padding-top-large,padding-top-medium,page-theme,radio-input,radio-set,same-as-top,select-wrapper,submenu-content,to-login,toggle-visibility,user-invalid,what-is-zonnic,why-zonnic,xf-content-height,your-address,your-details,zonnic-logo,zonnic-menu,zonnic-newsletter-modal
faq-old-donotindex|https://www.zonnic.ca/ca/fr/faq-old-donotindex/faq-account-and-benefits|address-lookup-field,arrow-link-dark,at-element-marker,ava-nav-menu,background-cover,background-v-top,bat-agegate,bat-button,bat-card,bat-cta,bat-cta-style,bat-email-verification,bat-footer-bottom,bat-footer-payment-icons,bat-footer-social-nav,bat-footer-zonnic,bat-footer-zonnic-container,bat-footer-zonnic-copyright,bat-footer-zonnic-disclaimer,bat-footer-zonnic-label-page-breadcrumb,bat-footer-zonnic-logo,bat-footer-zonnic-logo-icon,bat-footer-zonnic-main,bat-footer-zonnic-nav,bat-footer-zonnic-nav-menu,bat-footer-zonnic-nav-menu-title,bat-footer-zonnic-submenu,bat-footer-zonnic-top,bat-form,bat-form-block,bat-form-block-text,bat-form-field,bat-form-field-set,bat-form-field-tip,bat-form-messages,bat-form-msg,bat-form-step,bat-header,bat-header-account,bat-header-account-icon-label,bat-header-account-icon-label-auth,bat-header-account-link,bat-header-account-menu,bat-header-content,bat-header-fixed-spacer,bat-header-logo,bat-header-menu,bat-header-menu-button,bat-header-nav,bat-header-promo,bat-header-promo-link,bat-header-stores,bat-header-stores-link,bat-header-support,bat-header-support-link,bat-header-top,bat-header-utils,bat-header-wrapper,bat-headline,bat-headline-style,bat-icon,bat-image,bat-language,bat-location,bat-message,bat-message-text,bat-messagebar,bat-minicart,bat-minicart-basket-total,bat-minicart-count,bat-minicart-empty-content,bat-minicart-empty-headline,bat-minicart-empty-icon,bat-minicart-empty-message,bat-minicart-subtotal-label,bat-minicart-subtotal-value,bat-minicart-total-items,bat-minicart-wrapper,bat-modal,bat-modal-close,bat-modal-content,bat-navigation,bat-navigation-group,bat-navigation-group-list,bat-navigation-group-list-item,bat-navigation-group-list-item-link,bat-page,bat-section,bat-section-content,bat-section-content-style,bat-section-modal,bat-section-style,bat-text,bat-wrapper,bg-whisper-gray,breadcrumb-description,button-dark,button-secondary-dark,consent-block,container-fluid,cq-dd-paragraph,cta-hide,cta-label,cta-logged-in-user,cta-logged-out-user,cta-show,current-page,d-align-right,d-block,d-lg-block,d-lg-none,d-md-block,d-md-none,d-none,d-sm-block,d-sm-none,d-xl-block,d-xl-none,display-address,embedded-messaging,error-msg,existing-user,existing-user-close,field-note,full-width,gallery-steel-grey-gradient,global-components,icon-plus,login-error-message,login-success-message,lookup-field,m-align-left,margin-none,margin-small,menu-title,newsletter-headline,newsletter-subheadline,padding-bottom-large,padding-bottom-medium,padding-bottom-small,padding-left-large,padding-left-medium,padding-left-small,padding-right-large,padding-right-medium,padding-right-small,padding-top-large,padding-top-medium,padding-top-small,page-theme,radio-input,radio-set,select-wrapper,submenu-content,to-login,toggle-visibility,what-is-zonnic,why-zonnic,your-address,your-details,zonnic-logo,zonnic-menu,zonnic-newsletter-modal
faq|https://www.zonnic.ca/ca/fr/faq/how-zonnic-compare|address-lookup-field,arrow-link-dark,at-element-marker,ava-nav-menu,background-cover,background-v-top,bat-agegate,bat-button,bat-cta,bat-cta-style,bat-email-verification,bat-expander,bat-expander-button,bat-expander-button-icon,bat-expander-button-icon-close,bat-expander-button-icon-open,bat-expander-button-label,bat-expander-content,bat-expander-content-container,bat-expander-zonnic,bat-footer-bottom,bat-footer-payment-icons,bat-footer-social-nav,bat-footer-zonnic,bat-footer-zonnic-container,bat-footer-zonnic-copyright,bat-footer-zonnic-disclaimer,bat-footer-zonnic-label-page-breadcrumb,bat-footer-zonnic-logo,bat-footer-zonnic-logo-icon,bat-footer-zonnic-main,bat-footer-zonnic-nav,bat-footer-zonnic-nav-menu,bat-footer-zonnic-nav-menu-title,bat-footer-zonnic-submenu,bat-footer-zonnic-top,bat-form,bat-form-block,bat-form-block-text,bat-form-field,bat-form-field-set,bat-form-field-tip,bat-form-messages,bat-form-msg,bat-form-step,bat-header,bat-header-account,bat-header-account-icon-label,bat-header-account-icon-label-auth,bat-header-account-link,bat-header-account-menu,bat-header-content,bat-header-fixed-spacer,bat-header-logo,bat-header-menu,bat-header-menu-button,bat-header-nav,bat-header-promo,bat-header-promo-link,bat-header-stores,bat-header-stores-link,bat-header-support,bat-header-support-link,bat-header-top,bat-header-utils,bat-header-wrapper,bat-headline,bat-headline-style,bat-icon,bat-image,bat-language,bat-location,bat-message,bat-message-text,bat-messagebar,bat-minicart,bat-minicart-basket-total,bat-minicart-count,bat-minicart-empty-content,bat-minicart-empty-headline,bat-minicart-empty-icon,bat-minicart-empty-message,bat-minicart-subtotal-label,bat-minicart-subtotal-value,bat-minicart-total-items,bat-minicart-wrapper,bat-modal,bat-modal-close,bat-modal-content,bat-navigation,bat-navigation-group,bat-navigation-group-list,bat-navigation-group-list-item,bat-navigation-group-list-item-link,bat-page,bat-section,bat-section-content,bat-section-content-style,bat-section-modal,bat-section-style,bat-text,bat-wrapper,breadcrumb-description,button-dark,button-secondary-dark,cmp-experiencefragment,consent-block,container-fluid,cq-dd-paragraph,cta-account-zonnic,cta-hide,cta-label,cta-logged-in-user,cta-logged-out-user,cta-show,current-page,d-align-right,d-block,d-lg-block,d-md-block,d-none,d-sm-block,d-xl-block,display-address,embedded-messaging,error-msg,existing-user,existing-user-close,fa-chevron-down,fa-chevron-up,field-note,full-width,gallery-steel-grey-gradient,global-components,icon-alignment-right,icon-plus,link-dark,login-error-message,login-success-message,lookup-field,m-align-left,margin-none,margin-small,menu-title,newsletter-headline,newsletter-subheadline,padding-bottom-medium,padding-left-medium,padding-left-small,padding-right-medium,padding-right-small,padding-top-large,padding-top-medium,page-theme,radio-input,radio-set,same-as-top,select-wrapper,submenu-content,to-login,toggle-visibility,what-is-zonnic,why-zonnic,xf-content-height,your-address,your-details,zonnic-logo,zonnic-menu,zonnic-newsletter-modal
faq|https://www.zonnic.ca/ca/en/faq/about-zonnic|address-lookup-field,arrow-link-dark,at-element-marker,ava-nav-menu,background-cover,background-v-top,bat-account-nav,bat-agegate,bat-button,bat-cta,bat-cta-style,bat-email-verification,bat-expander,bat-expander-button,bat-expander-button-icon,bat-expander-button-icon-close,bat-expander-button-icon-open,bat-expander-button-label,bat-expander-content,bat-expander-content-container,bat-expander-zonnic,bat-footer-bottom,bat-footer-payment-icons,bat-footer-social-nav,bat-footer-zonnic,bat-footer-zonnic-container,bat-footer-zonnic-copyright,bat-footer-zonnic-disclaimer,bat-footer-zonnic-label-page-breadcrumb,bat-footer-zonnic-logo,bat-footer-zonnic-logo-icon,bat-footer-zonnic-main,bat-footer-zonnic-nav,bat-footer-zonnic-nav-menu,bat-footer-zonnic-nav-menu-title,bat-footer-zonnic-submenu,bat-footer-zonnic-top,bat-form,bat-form-block,bat-form-block-text,bat-form-field,bat-form-field-set,bat-form-field-tip,bat-form-messages,bat-form-msg,bat-form-step,bat-header,bat-header-account,bat-header-account-icon-label,bat-header-account-icon-label-auth,bat-header-account-link,bat-header-account-menu,bat-header-content,bat-header-fixed-spacer,bat-header-logo,bat-header-menu,bat-header-menu-button,bat-header-nav,bat-header-promo,bat-header-promo-link,bat-header-stores,bat-header-stores-link,bat-header-support,bat-header-support-link,bat-header-top,bat-header-utils,bat-header-wrapper,bat-headline,bat-headline-style,bat-icon,bat-image,bat-language,bat-location,bat-message,bat-message-text,bat-messagebar,bat-minicart,bat-minicart-basket-total,bat-minicart-count,bat-minicart-empty-content,bat-minicart-empty-headline,bat-minicart-empty-icon,bat-minicart-empty-message,bat-minicart-subtotal-label,bat-minicart-subtotal-value,bat-minicart-total-items,bat-minicart-wrapper,bat-modal,bat-modal-close,bat-modal-content,bat-navigation,bat-navigation-group,bat-navigation-group-list,bat-navigation-group-list-item,bat-navigation-group-list-item-link,bat-page,bat-section,bat-section-content,bat-section-content-style,bat-section-modal,bat-section-style,bat-text,bat-wrapper,breadcrumb-description,button-dark,button-secondary-dark,cmp-experiencefragment,consent-block,container-fluid,cq-dd-paragraph,cta-account-zonnic,cta-hide,cta-label,cta-logged-in-user,cta-logged-out-user,cta-show,current-page,d-align-right,d-block,d-lg-block,d-lg-none,d-md-block,d-md-none,d-none,d-sm-block,d-sm-none,d-xl-block,d-xl-none,display-address,email-cant-verify,email-invalid,embedded-messaging,error-msg,existing-user,existing-user-close,fa-chevron-down,fa-chevron-up,field-note,full-width,gallery-steel-grey-gradient,global-components,icon-alignment-right,icon-plus,link-dark,login-error-message,login-success-message,lookup-field,m-align-left,margin-none,margin-small,menu-title,newsletter-headline,padding-bottom-medium,padding-left-medium,padding-left-small,padding-right-medium,padding-right-small,padding-top-large,padding-top-medium,page-theme,radio-input,radio-set,same-as-top,select-wrapper,submenu-content,to-login,toggle-visibility,user-invalid,what-is-zonnic,why-zonnic,xf-content-height,your-address,your-details,zonnic-logo,zonnic-menu,zonnic-newsletter-modal
faq|https://www.zonnic.ca/ca/en/faq|address-lookup-field,arrow-link-dark,at-element-marker,ava-nav-menu,background-cover,background-v-top,bat-account-nav,bat-agegate,bat-button,bat-cta,bat-cta-style,bat-email-verification,bat-footer-bottom,bat-footer-payment-icons,bat-footer-social-nav,bat-footer-zonnic,bat-footer-zonnic-container,bat-footer-zonnic-copyright,bat-footer-zonnic-disclaimer,bat-footer-zonnic-label-page-breadcrumb,bat-footer-zonnic-logo,bat-footer-zonnic-logo-icon,bat-footer-zonnic-main,bat-footer-zonnic-nav,bat-footer-zonnic-nav-menu,bat-footer-zonnic-nav-menu-title,bat-footer-zonnic-submenu,bat-footer-zonnic-top,bat-form,bat-form-block,bat-form-block-text,bat-form-field,bat-form-field-set,bat-form-field-tip,bat-form-messages,bat-form-msg,bat-form-step,bat-header,bat-header-account,bat-header-account-icon-label,bat-header-account-icon-label-auth,bat-header-account-link,bat-header-account-menu,bat-header-content,bat-header-fixed-spacer,bat-header-logo,bat-header-menu,bat-header-menu-button,bat-header-nav,bat-header-promo,bat-header-promo-link,bat-header-stores,bat-header-stores-link,bat-header-support,bat-header-support-link,bat-header-top,bat-header-utils,bat-header-wrapper,bat-headline,bat-headline-style,bat-hero-zonnic,bat-icon,bat-image,bat-language,bat-location,bat-message,bat-message-text,bat-messagebar,bat-minicart,bat-minicart-basket-total,bat-minicart-count,bat-minicart-empty-content,bat-minicart-empty-headline,bat-minicart-empty-icon,bat-minicart-empty-message,bat-minicart-subtotal-label,bat-minicart-subtotal-value,bat-minicart-total-items,bat-minicart-wrapper,bat-modal,bat-modal-close,bat-modal-content,bat-navigation,bat-navigation-group,bat-navigation-group-list,bat-navigation-group-list-item,bat-navigation-group-list-item-link,bat-page,bat-section,bat-section-content,bat-section-content-style,bat-section-modal,bat-section-style,bat-text,bat-wrapper,breadcrumb-description,button-dark,button-secondary-dark,consent-block,container-fluid,cq-dd-paragraph,cta-hide,cta-label,cta-logged-in-user,cta-logged-out-user,cta-show,current-page,d-align-right,d-block,d-lg-block,d-lg-none,d-md-block,d-md-none,d-none,d-sm-block,d-sm-none,d-xl-block,d-xl-none,display-address,email-cant-verify,email-invalid,embedded-messaging,error-msg,existing-user,existing-user-close,field-note,full-width,gallery-steel-grey-gradient,global-components,headline1-large,headline2-color2,icon-plus,login-error-message,login-success-message,lookup-field,m-align-left,margin-large,margin-medium,margin-none,margin-small,margin-xsmall,menu-title,newsletter-headline,padding-bottom-large,padding-bottom-medium,padding-bottom-small,padding-left-large,padding-left-medium,padding-left-small,padding-right-large,padding-right-medium,padding-right-small,padding-top-large,padding-top-medium,page-theme,radio-input,radio-set,select-wrapper,submenu-content,to-login,toggle-visibility,user-invalid,what-is-zonnic,why-zonnic,your-address,your-details,zonnic-logo,zonnic-menu,zonnic-newsletter-modal
faq|https://www.zonnic.ca/ca/en/faq/how-zonnic-compare|address-lookup-field,arrow-link-dark,at-element-marker,ava-nav-menu,background-cover,background-v-top,bat-account-nav,bat-agegate,bat-button,bat-cta,bat-cta-style,bat-email-verification,bat-expander,bat-expander-button,bat-expander-button-icon,bat-expander-button-icon-close,bat-expander-button-icon-open,bat-expander-button-label,bat-expander-content,bat-expander-content-container,bat-expander-zonnic,bat-footer-bottom,bat-footer-payment-icons,bat-footer-social-nav,bat-footer-zonnic,bat-footer-zonnic-container,bat-footer-zonnic-copyright,bat-footer-zonnic-disclaimer,bat-footer-zonnic-label-page-breadcrumb,bat-footer-zonnic-logo,bat-footer-zonnic-logo-icon,bat-footer-zonnic-main,bat-footer-zonnic-nav,bat-footer-zonnic-nav-menu,bat-footer-zonnic-nav-menu-title,bat-footer-zonnic-submenu,bat-footer-zonnic-top,bat-form,bat-form-block,bat-form-block-text,bat-form-field,bat-form-field-set,bat-form-field-tip,bat-form-messages,bat-form-msg,bat-form-step,bat-header,bat-header-account,bat-header-account-icon-label,bat-header-account-icon-label-auth,bat-header-account-link,bat-header-account-menu,bat-header-content,bat-header-fixed-spacer,bat-header-logo,bat-header-menu,bat-header-menu-button,bat-header-nav,bat-header-promo,bat-header-promo-link,bat-header-stores,bat-header-stores-link,bat-header-support,bat-header-support-link,bat-header-top,bat-header-utils,bat-header-wrapper,bat-headline,bat-headline-style,bat-icon,bat-image,bat-language,bat-location,bat-message,bat-message-text,bat-messagebar,bat-minicart,bat-minicart-basket-total,bat-minicart-count,bat-minicart-empty-content,bat-minicart-empty-headline,bat-minicart-empty-icon,bat-minicart-empty-message,bat-minicart-subtotal-label,bat-minicart-subtotal-value,bat-minicart-total-items,bat-minicart-wrapper,bat-modal,bat-modal-close,bat-modal-content,bat-navigation,bat-navigation-group,bat-navigation-group-list,bat-navigation-group-list-item,bat-navigation-group-list-item-link,bat-page,bat-section,bat-section-content,bat-section-content-style,bat-section-modal,bat-section-style,bat-text,bat-wrapper,breadcrumb-description,button-dark,button-secondary-dark,cmp-experiencefragment,consent-block,container-fluid,cq-dd-paragraph,cta-account-zonnic,cta-hide,cta-label,cta-logged-in-user,cta-logged-out-user,cta-show,current-page,d-align-right,d-block,d-lg-block,d-lg-none,d-md-block,d-md-none,d-none,d-sm-block,d-sm-none,d-xl-block,d-xl-none,display-address,email-cant-verify,email-invalid,embedded-messaging,error-msg,existing-user,existing-user-close,fa-chevron-down,fa-chevron-up,field-note,full-width,gallery-steel-grey-gradient,global-components,icon-alignment-right,icon-plus,link-dark,login-error-message,login-success-message,lookup-field,m-align-left,margin-none,margin-small,menu-title,newsletter-headline,padding-bottom-medium,padding-left-medium,padding-left-small,padding-right-medium,padding-right-small,padding-top-large,padding-top-medium,page-theme,radio-input,radio-set,same-as-top,select-wrapper,submenu-content,to-login,toggle-visibility,user-invalid,what-is-zonnic,why-zonnic,xf-content-height,your-address,your-details,zonnic-logo,zonnic-menu,zonnic-newsletter-modal
faq|https://www.zonnic.ca/ca/en/faq/how-to-use-zonnic|address-lookup-field,arrow-link-dark,at-element-marker,ava-nav-menu,background-cover,background-v-top,bat-account-nav,bat-agegate,bat-button,bat-cta,bat-cta-style,bat-email-verification,bat-expander,bat-expander-button,bat-expander-button-icon,bat-expander-button-icon-close,bat-expander-button-icon-open,bat-expander-button-label,bat-expander-content,bat-expander-content-container,bat-expander-zonnic,bat-footer-bottom,bat-footer-payment-icons,bat-footer-social-nav,bat-footer-zonnic,bat-footer-zonnic-container,bat-footer-zonnic-copyright,bat-footer-zonnic-disclaimer,bat-footer-zonnic-label-page-breadcrumb,bat-footer-zonnic-logo,bat-footer-zonnic-logo-icon,bat-footer-zonnic-main,bat-footer-zonnic-nav,bat-footer-zonnic-nav-menu,bat-footer-zonnic-nav-menu-title,bat-footer-zonnic-submenu,bat-footer-zonnic-top,bat-form,bat-form-block,bat-form-block-text,bat-form-field,bat-form-field-set,bat-form-field-tip,bat-form-messages,bat-form-msg,bat-form-step,bat-header,bat-header-account,bat-header-account-icon-label,bat-header-account-icon-label-auth,bat-header-account-link,bat-header-account-menu,bat-header-content,bat-header-fixed-spacer,bat-header-logo,bat-header-menu,bat-header-menu-button,bat-header-nav,bat-header-promo,bat-header-promo-link,bat-header-stores,bat-header-stores-link,bat-header-support,bat-header-support-link,bat-header-top,bat-header-utils,bat-header-wrapper,bat-headline,bat-headline-style,bat-icon,bat-image,bat-language,bat-location,bat-message,bat-message-text,bat-messagebar,bat-minicart,bat-minicart-basket-total,bat-minicart-count,bat-minicart-empty-content,bat-minicart-empty-headline,bat-minicart-empty-icon,bat-minicart-empty-message,bat-minicart-subtotal-label,bat-minicart-subtotal-value,bat-minicart-total-items,bat-minicart-wrapper,bat-modal,bat-modal-close,bat-modal-content,bat-navigation,bat-navigation-group,bat-navigation-group-list,bat-navigation-group-list-item,bat-navigation-group-list-item-link,bat-page,bat-section,bat-section-content,bat-section-content-style,bat-section-modal,bat-section-style,bat-text,bat-wrapper,breadcrumb-description,button-dark,button-secondary-dark,cmp-experiencefragment,consent-block,container-fluid,cq-dd-paragraph,cta-account-zonnic,cta-hide,cta-label,cta-logged-in-user,cta-logged-out-user,cta-show,current-page,d-align-right,d-block,d-lg-block,d-lg-none,d-md-block,d-md-none,d-none,d-sm-block,d-sm-none,d-xl-block,d-xl-none,display-address,email-cant-verify,email-invalid,embedded-messaging,error-msg,existing-user,existing-user-close,fa-chevron-down,fa-chevron-up,field-note,full-width,gallery-steel-grey-gradient,global-components,icon-alignment-right,icon-plus,link-dark,login-error-message,login-success-message,lookup-field,m-align-left,margin-none,margin-small,menu-title,newsletter-headline,padding-bottom-medium,padding-left-medium,padding-left-small,padding-right-medium,padding-right-small,padding-top-large,padding-top-medium,page-theme,radio-input,radio-set,same-as-top,select-wrapper,submenu-content,to-login,toggle-visibility,user-invalid,what-is-zonnic,why-zonnic,xf-content-height,your-address,your-details,zonnic-logo,zonnic-menu,zonnic-newsletter-modal
faq|https://www.zonnic.ca/ca/fr/faq/quit-zone|address-lookup-field,arrow-link-dark,ava-nav-menu,background-cover,background-v-top,bat-agegate,bat-button,bat-cta,bat-cta-style,bat-email-verification,bat-expander,bat-expander-button,bat-expander-button-icon,bat-expander-button-icon-close,bat-expander-button-icon-open,bat-expander-button-label,bat-expander-content,bat-expander-content-container,bat-expander-zonnic,bat-footer-bottom,bat-footer-payment-icons,bat-footer-social-nav,bat-footer-zonnic,bat-footer-zonnic-container,bat-footer-zonnic-copyright,bat-footer-zonnic-disclaimer,bat-footer-zonnic-label-page-breadcrumb,bat-footer-zonnic-logo,bat-footer-zonnic-logo-icon,bat-footer-zonnic-main,bat-footer-zonnic-nav,bat-footer-zonnic-nav-menu,bat-footer-zonnic-nav-menu-title,bat-footer-zonnic-submenu,bat-footer-zonnic-top,bat-form,bat-form-block,bat-form-block-text,bat-form-field,bat-form-field-set,bat-form-field-tip,bat-form-messages,bat-form-msg,bat-form-step,bat-header,bat-header-account,bat-header-account-icon-label,bat-header-account-icon-label-auth,bat-header-account-link,bat-header-account-menu,bat-header-content,bat-header-fixed-spacer,bat-header-logo,bat-header-menu,bat-header-menu-button,bat-header-nav,bat-header-promo,bat-header-promo-link,bat-header-stores,bat-header-stores-link,bat-header-support,bat-header-support-link,bat-header-top,bat-header-utils,bat-header-wrapper,bat-headline,bat-headline-style,bat-icon,bat-image,bat-language,bat-location,bat-message,bat-message-text,bat-messagebar,bat-minicart,bat-minicart-basket-total,bat-minicart-count,bat-minicart-empty-content,bat-minicart-empty-headline,bat-minicart-empty-icon,bat-minicart-empty-message,bat-minicart-subtotal-label,bat-minicart-subtotal-value,bat-minicart-total-items,bat-minicart-wrapper,bat-modal,bat-modal-close,bat-modal-content,bat-navigation,bat-navigation-group,bat-navigation-group-list,bat-navigation-group-list-item,bat-navigation-group-list-item-link,bat-page,bat-section,bat-section-content,bat-section-content-style,bat-section-modal,bat-section-style,bat-text,bat-wrapper,breadcrumb-description,button-dark,button-secondary-dark,cmp-experiencefragment,consent-block,container-fluid,cq-dd-paragraph,cta-account-zonnic,cta-hide,cta-label,cta-logged-in-user,cta-logged-out-user,cta-show,current-page,d-align-right,d-block,d-lg-block,d-md-block,d-none,d-sm-block,d-xl-block,display-address,embedded-messaging,error-msg,existing-user,existing-user-close,fa-chevron-down,fa-chevron-up,field-note,full-width,gallery-steel-grey-gradient,global-components,icon-alignment-right,icon-plus,link-dark,login-error-message,login-success-message,lookup-field,m-align-left,margin-none,margin-small,menu-title,newsletter-headline,newsletter-subheadline,padding-bottom-medium,padding-left-medium,padding-left-small,padding-right-medium,padding-right-small,padding-top-large,padding-top-medium,page-theme,radio-input,radio-set,same-as-top,select-wrapper,submenu-content,to-login,toggle-visibility,what-is-zonnic,why-zonnic,xf-content-height,your-address,your-details,zonnic-logo,zonnic-menu,zonnic-newsletter-modal
faq|https://www.zonnic.ca/ca/fr/faq|address-lookup-field,arrow-link-dark,at-element-marker,ava-nav-menu,background-cover,background-v-top,bat-agegate,bat-button,bat-cta,bat-cta-style,bat-email-verification,bat-footer-bottom,bat-footer-payment-icons,bat-footer-social-nav,bat-footer-zonnic,bat-footer-zonnic-container,bat-footer-zonnic-copyright,bat-footer-zonnic-disclaimer,bat-footer-zonnic-label-page-breadcrumb,bat-footer-zonnic-logo,bat-footer-zonnic-logo-icon,bat-footer-zonnic-main,bat-footer-zonnic-nav,bat-footer-zonnic-nav-menu,bat-footer-zonnic-nav-menu-title,bat-footer-zonnic-submenu,bat-footer-zonnic-top,bat-form,bat-form-block,bat-form-block-text,bat-form-field,bat-form-field-set,bat-form-field-tip,bat-form-messages,bat-form-msg,bat-form-step,bat-header,bat-header-account,bat-header-account-icon-label,bat-header-account-icon-label-auth,bat-header-account-link,bat-header-account-menu,bat-header-content,bat-header-fixed-spacer,bat-header-logo,bat-header-menu,bat-header-menu-button,bat-header-nav,bat-header-promo,bat-header-promo-link,bat-header-stores,bat-header-stores-link,bat-header-support,bat-header-support-link,bat-header-top,bat-header-utils,bat-header-wrapper,bat-headline,bat-headline-style,bat-hero-zonnic,bat-icon,bat-image,bat-language,bat-location,bat-message,bat-message-text,bat-messagebar,bat-minicart,bat-minicart-basket-total,bat-minicart-count,bat-minicart-empty-content,bat-minicart-empty-headline,bat-minicart-empty-icon,bat-minicart-empty-message,bat-minicart-subtotal-label,bat-minicart-subtotal-value,bat-minicart-total-items,bat-minicart-wrapper,bat-modal,bat-modal-close,bat-modal-content,bat-navigation,bat-navigation-group,bat-navigation-group-list,bat-navigation-group-list-item,bat-navigation-group-list-item-link,bat-page,bat-section,bat-section-content,bat-section-content-style,bat-section-modal,bat-section-style,bat-text,bat-wrapper,breadcrumb-description,button-dark,button-secondary-dark,consent-block,container-fluid,cq-dd-paragraph,cta-hide,cta-label,cta-logged-in-user,cta-logged-out-user,cta-show,current-page,d-align-right,d-block,d-lg-block,d-lg-none,d-md-block,d-md-none,d-none,d-sm-block,d-sm-none,d-xl-block,d-xl-none,display-address,embedded-messaging,error-msg,existing-user,existing-user-close,field-note,full-width,gallery-steel-grey-gradient,global-components,headline1-large,headline2-color2,icon-plus,login-error-message,login-success-message,lookup-field,m-align-left,margin-large,margin-medium,margin-none,margin-small,menu-title,newsletter-headline,newsletter-subheadline,padding-bottom-large,padding-bottom-medium,padding-bottom-small,padding-bottom-xsmall,padding-left-large,padding-left-medium,padding-left-small,padding-right-large,padding-right-medium,padding-right-small,padding-top-large,padding-top-medium,page-theme,radio-input,radio-set,same-as-top,select-wrapper,submenu-content,to-login,toggle-visibility,what-is-zonnic,why-zonnic,your-address,your-details,zonnic-logo,zonnic-menu,zonnic-newsletter-modal
faq|https://www.zonnic.ca/ca/fr/faq/how-to-use-zonnic|address-lookup-field,arrow-link-dark,at-element-marker,ava-nav-menu,background-cover,background-v-top,bat-agegate,bat-button,bat-cta,bat-cta-style,bat-email-verification,bat-expander,bat-expander-button,bat-expander-button-icon,bat-expander-button-icon-close,bat-expander-button-icon-open,bat-expander-button-label,bat-expander-content,bat-expander-content-container,bat-expander-zonnic,bat-footer-bottom,bat-footer-payment-icons,bat-footer-social-nav,bat-footer-zonnic,bat-footer-zonnic-container,bat-footer-zonnic-copyright,bat-footer-zonnic-disclaimer,bat-footer-zonnic-label-page-breadcrumb,bat-footer-zonnic-logo,bat-footer-zonnic-logo-icon,bat-footer-zonnic-main,bat-footer-zonnic-nav,bat-footer-zonnic-nav-menu,bat-footer-zonnic-nav-menu-title,bat-footer-zonnic-submenu,bat-footer-zonnic-top,bat-form,bat-form-block,bat-form-block-text,bat-form-field,bat-form-field-set,bat-form-field-tip,bat-form-messages,bat-form-msg,bat-form-step,bat-header,bat-header-account,bat-header-account-icon-label,bat-header-account-icon-label-auth,bat-header-account-link,bat-header-account-menu,bat-header-content,bat-header-fixed-spacer,bat-header-logo,bat-header-menu,bat-header-menu-button,bat-header-nav,bat-header-promo,bat-header-promo-link,bat-header-stores,bat-header-stores-link,bat-header-support,bat-header-support-link,bat-header-top,bat-header-utils,bat-header-wrapper,bat-headline,bat-headline-style,bat-icon,bat-image,bat-language,bat-location,bat-message,bat-message-text,bat-messagebar,bat-minicart,bat-minicart-basket-total,bat-minicart-count,bat-minicart-empty-content,bat-minicart-empty-headline,bat-minicart-empty-icon,bat-minicart-empty-message,bat-minicart-subtotal-label,bat-minicart-subtotal-value,bat-minicart-total-items,bat-minicart-wrapper,bat-modal,bat-modal-close,bat-modal-content,bat-navigation,bat-navigation-group,bat-navigation-group-list,bat-navigation-group-list-item,bat-navigation-group-list-item-link,bat-page,bat-section,bat-section-content,bat-section-content-style,bat-section-modal,bat-section-style,bat-text,bat-wrapper,breadcrumb-description,button-dark,button-secondary-dark,cmp-experiencefragment,consent-block,container-fluid,cq-dd-paragraph,cta-account-zonnic,cta-hide,cta-label,cta-logged-in-user,cta-logged-out-user,cta-show,current-page,d-align-right,d-block,d-lg-block,d-md-block,d-none,d-sm-block,d-xl-block,display-address,embedded-messaging,error-msg,existing-user,existing-user-close,fa-chevron-down,fa-chevron-up,field-note,full-width,gallery-steel-grey-gradient,global-components,icon-alignment-right,icon-plus,link-dark,login-error-message,login-success-message,lookup-field,m-align-left,margin-none,margin-small,menu-title,newsletter-headline,newsletter-subheadline,padding-bottom-medium,padding-left-medium,padding-left-small,padding-right-medium,padding-right-small,padding-top-large,padding-top-medium,page-theme,radio-input,radio-set,same-as-top,select-wrapper,submenu-content,to-login,toggle-visibility,what-is-zonnic,why-zonnic,xf-content-height,your-address,your-details,zonnic-logo,zonnic-menu,zonnic-newsletter-modal
faq|https://www.zonnic.ca/ca/fr/faq/benefits-using-zonnic|address-lookup-field,arrow-link-dark,at-element-marker,ava-nav-menu,background-cover,background-v-top,bat-agegate,bat-button,bat-cta,bat-cta-style,bat-email-verification,bat-expander,bat-expander-button,bat-expander-button-icon,bat-expander-button-icon-close,bat-expander-button-icon-open,bat-expander-button-label,bat-expander-content,bat-expander-content-container,bat-expander-zonnic,bat-footer-bottom,bat-footer-payment-icons,bat-footer-social-nav,bat-footer-zonnic,bat-footer-zonnic-container,bat-footer-zonnic-copyright,bat-footer-zonnic-disclaimer,bat-footer-zonnic-label-page-breadcrumb,bat-footer-zonnic-logo,bat-footer-zonnic-logo-icon,bat-footer-zonnic-main,bat-footer-zonnic-nav,bat-footer-zonnic-nav-menu,bat-footer-zonnic-nav-menu-title,bat-footer-zonnic-submenu,bat-footer-zonnic-top,bat-form,bat-form-block,bat-form-block-text,bat-form-field,bat-form-field-set,bat-form-field-tip,bat-form-messages,bat-form-msg,bat-form-step,bat-header,bat-header-account,bat-header-account-icon-label,bat-header-account-icon-label-auth,bat-header-account-link,bat-header-account-menu,bat-header-content,bat-header-fixed-spacer,bat-header-logo,bat-header-menu,bat-header-menu-button,bat-header-nav,bat-header-promo,bat-header-promo-link,bat-header-stores,bat-header-stores-link,bat-header-support,bat-header-support-link,bat-header-top,bat-header-utils,bat-header-wrapper,bat-headline,bat-headline-style,bat-icon,bat-image,bat-language,bat-location,bat-message,bat-message-text,bat-messagebar,bat-minicart,bat-minicart-basket-total,bat-minicart-count,bat-minicart-empty-content,bat-minicart-empty-headline,bat-minicart-empty-icon,bat-minicart-empty-message,bat-minicart-subtotal-label,bat-minicart-subtotal-value,bat-minicart-total-items,bat-minicart-wrapper,bat-modal,bat-modal-close,bat-modal-content,bat-navigation,bat-navigation-group,bat-navigation-group-list,bat-navigation-group-list-item,bat-navigation-group-list-item-link,bat-page,bat-section,bat-section-content,bat-section-content-style,bat-section-modal,bat-section-style,bat-text,bat-wrapper,breadcrumb-description,button-dark,button-secondary-dark,cmp-experiencefragment,consent-block,container-fluid,cq-dd-paragraph,cta-account-zonnic,cta-hide,cta-label,cta-logged-in-user,cta-logged-out-user,cta-show,current-page,d-align-right,d-block,d-lg-block,d-md-block,d-none,d-sm-block,d-xl-block,display-address,embedded-messaging,error-msg,existing-user,existing-user-close,fa-chevron-down,fa-chevron-up,field-note,full-width,gallery-steel-grey-gradient,global-components,icon-alignment-right,icon-plus,link-dark,login-error-message,login-success-message,lookup-field,m-align-left,margin-none,margin-small,menu-title,newsletter-headline,newsletter-subheadline,padding-bottom-medium,padding-left-medium,padding-left-small,padding-right-medium,padding-right-small,padding-top-large,padding-top-medium,page-theme,radio-input,radio-set,same-as-top,select-wrapper,submenu-content,to-login,toggle-visibility,what-is-zonnic,why-zonnic,xf-content-height,your-address,your-details,zonnic-logo,zonnic-menu,zonnic-newsletter-modal
faq|https://www.zonnic.ca/ca/en/faq/benefits-using-zonnic|address-lookup-field,arrow-link-dark,at-element-marker,ava-nav-menu,background-cover,background-v-top,bat-account-nav,bat-agegate,bat-button,bat-cta,bat-cta-style,bat-email-verification,bat-expander,bat-expander-button,bat-expander-button-icon,bat-expander-button-icon-close,bat-expander-button-icon-open,bat-expander-button-label,bat-expander-content,bat-expander-content-container,bat-expander-zonnic,bat-footer-bottom,bat-footer-payment-icons,bat-footer-social-nav,bat-footer-zonnic,bat-footer-zonnic-container,bat-footer-zonnic-copyright,bat-footer-zonnic-disclaimer,bat-footer-zonnic-label-page-breadcrumb,bat-footer-zonnic-logo,bat-footer-zonnic-logo-icon,bat-footer-zonnic-main,bat-footer-zonnic-nav,bat-footer-zonnic-nav-menu,bat-footer-zonnic-nav-menu-title,bat-footer-zonnic-submenu,bat-footer-zonnic-top,bat-form,bat-form-block,bat-form-block-text,bat-form-field,bat-form-field-set,bat-form-field-tip,bat-form-messages,bat-form-msg,bat-form-step,bat-header,bat-header-account,bat-header-account-icon-label,bat-header-account-icon-label-auth,bat-header-account-link,bat-header-account-menu,bat-header-content,bat-header-fixed-spacer,bat-header-logo,bat-header-menu,bat-header-menu-button,bat-header-nav,bat-header-promo,bat-header-promo-link,bat-header-stores,bat-header-stores-link,bat-header-support,bat-header-support-link,bat-header-top,bat-header-utils,bat-header-wrapper,bat-headline,bat-headline-style,bat-icon,bat-image,bat-language,bat-location,bat-message,bat-message-text,bat-messagebar,bat-minicart,bat-minicart-basket-total,bat-minicart-count,bat-minicart-empty-content,bat-minicart-empty-headline,bat-minicart-empty-icon,bat-minicart-empty-message,bat-minicart-subtotal-label,bat-minicart-subtotal-value,bat-minicart-total-items,bat-minicart-wrapper,bat-modal,bat-modal-close,bat-modal-content,bat-navigation,bat-navigation-group,bat-navigation-group-list,bat-navigation-group-list-item,bat-navigation-group-list-item-link,bat-page,bat-section,bat-section-content,bat-section-content-style,bat-section-modal,bat-section-style,bat-text,bat-wrapper,breadcrumb-description,button-dark,button-secondary-dark,cmp-experiencefragment,consent-block,container-fluid,cq-dd-paragraph,cta-account-zonnic,cta-hide,cta-label,cta-logged-in-user,cta-logged-out-user,cta-show,current-page,d-align-right,d-block,d-lg-block,d-lg-none,d-md-block,d-md-none,d-none,d-sm-block,d-sm-none,d-xl-block,d-xl-none,display-address,email-cant-verify,email-invalid,embedded-messaging,error-msg,existing-user,existing-user-close,fa-chevron-down,fa-chevron-up,field-note,full-width,gallery-steel-grey-gradient,global-components,icon-alignment-right,icon-plus,link-dark,login-error-message,login-success-message,lookup-field,m-align-left,margin-none,margin-small,menu-title,newsletter-headline,padding-bottom-medium,padding-left-medium,padding-left-small,padding-right-medium,padding-right-small,padding-top-large,padding-top-medium,page-theme,radio-input,radio-set,same-as-top,select-wrapper,submenu-content,to-login,toggle-visibility,user-invalid,what-is-zonnic,why-zonnic,xf-content-height,your-address,your-details,zonnic-logo,zonnic-menu,zonnic-newsletter-modal
faq|https://www.zonnic.ca/ca/en/faq/quit-zone|address-lookup-field,arrow-link-dark,at-element-marker,ava-nav-menu,background-cover,background-v-top,bat-account-nav,bat-agegate,bat-button,bat-cta,bat-cta-style,bat-email-verification,bat-expander,bat-expander-button,bat-expander-button-icon,bat-expander-button-icon-close,bat-expander-button-icon-open,bat-expander-button-label,bat-expander-content,bat-expander-content-container,bat-expander-zonnic,bat-footer-bottom,bat-footer-payment-icons,bat-footer-social-nav,bat-footer-zonnic,bat-footer-zonnic-container,bat-footer-zonnic-copyright,bat-footer-zonnic-disclaimer,bat-footer-zonnic-label-page-breadcrumb,bat-footer-zonnic-logo,bat-footer-zonnic-logo-icon,bat-footer-zonnic-main,bat-footer-zonnic-nav,bat-footer-zonnic-nav-menu,bat-footer-zonnic-nav-menu-title,bat-footer-zonnic-submenu,bat-footer-zonnic-top,bat-form,bat-form-block,bat-form-block-text,bat-form-field,bat-form-field-set,bat-form-field-tip,bat-form-messages,bat-form-msg,bat-form-step,bat-header,bat-header-account,bat-header-account-icon-label,bat-header-account-icon-label-auth,bat-header-account-link,bat-header-account-menu,bat-header-content,bat-header-fixed-spacer,bat-header-logo,bat-header-menu,bat-header-menu-button,bat-header-nav,bat-header-promo,bat-header-promo-link,bat-header-stores,bat-header-stores-link,bat-header-support,bat-header-support-link,bat-header-top,bat-header-utils,bat-header-wrapper,bat-headline,bat-headline-style,bat-icon,bat-image,bat-language,bat-location,bat-message,bat-message-text,bat-messagebar,bat-minicart,bat-minicart-basket-total,bat-minicart-count,bat-minicart-empty-content,bat-minicart-empty-headline,bat-minicart-empty-icon,bat-minicart-empty-message,bat-minicart-subtotal-label,bat-minicart-subtotal-value,bat-minicart-total-items,bat-minicart-wrapper,bat-modal,bat-modal-close,bat-modal-content,bat-navigation,bat-navigation-group,bat-navigation-group-list,bat-navigation-group-list-item,bat-navigation-group-list-item-link,bat-page,bat-section,bat-section-content,bat-section-content-style,bat-section-modal,bat-section-style,bat-text,bat-wrapper,breadcrumb-description,button-dark,button-secondary-dark,cmp-experiencefragment,consent-block,container-fluid,cq-dd-paragraph,cta-account-zonnic,cta-hide,cta-label,cta-logged-in-user,cta-logged-out-user,cta-show,current-page,d-align-right,d-block,d-lg-block,d-lg-none,d-md-block,d-md-none,d-none,d-sm-block,d-sm-none,d-xl-block,d-xl-none,display-address,email-cant-verify,email-invalid,embedded-messaging,error-msg,existing-user,existing-user-close,fa-chevron-down,fa-chevron-up,field-note,full-width,gallery-steel-grey-gradient,global-components,icon-alignment-right,icon-plus,link-dark,login-error-message,login-success-message,lookup-field,m-align-left,margin-none,margin-small,menu-title,newsletter-headline,padding-bottom-medium,padding-left-medium,padding-left-small,padding-right-medium,padding-right-small,padding-top-large,padding-top-medium,page-theme,radio-input,radio-set,same-as-top,select-wrapper,submenu-content,to-login,toggle-visibility,user-invalid,what-is-zonnic,why-zonnic,xf-content-height,your-address,your-details,zonnic-logo,zonnic-menu,zonnic-newsletter-modal
faq|https://www.zonnic.ca/ca/fr/faq/about-zonnic|address-lookup-field,arrow-link-dark,at-element-marker,ava-nav-menu,background-cover,background-v-top,bat-agegate,bat-button,bat-cta,bat-cta-style,bat-email-verification,bat-expander,bat-expander-button,bat-expander-button-icon,bat-expander-button-icon-close,bat-expander-button-icon-open,bat-expander-button-label,bat-expander-content,bat-expander-content-container,bat-expander-zonnic,bat-footer-bottom,bat-footer-payment-icons,bat-footer-social-nav,bat-footer-zonnic,bat-footer-zonnic-container,bat-footer-zonnic-copyright,bat-footer-zonnic-disclaimer,bat-footer-zonnic-label-page-breadcrumb,bat-footer-zonnic-logo,bat-footer-zonnic-logo-icon,bat-footer-zonnic-main,bat-footer-zonnic-nav,bat-footer-zonnic-nav-menu,bat-footer-zonnic-nav-menu-title,bat-footer-zonnic-submenu,bat-footer-zonnic-top,bat-form,bat-form-block,bat-form-block-text,bat-form-field,bat-form-field-set,bat-form-field-tip,bat-form-messages,bat-form-msg,bat-form-step,bat-header,bat-header-account,bat-header-account-icon-label,bat-header-account-icon-label-auth,bat-header-account-link,bat-header-account-menu,bat-header-content,bat-header-fixed-spacer,bat-header-logo,bat-header-menu,bat-header-menu-button,bat-header-nav,bat-header-promo,bat-header-promo-link,bat-header-stores,bat-header-stores-link,bat-header-support,bat-header-support-link,bat-header-top,bat-header-utils,bat-header-wrapper,bat-headline,bat-headline-style,bat-icon,bat-image,bat-language,bat-location,bat-message,bat-message-text,bat-messagebar,bat-minicart,bat-minicart-basket-total,bat-minicart-count,bat-minicart-empty-content,bat-minicart-empty-headline,bat-minicart-empty-icon,bat-minicart-empty-message,bat-minicart-subtotal-label,bat-minicart-subtotal-value,bat-minicart-total-items,bat-minicart-wrapper,bat-modal,bat-modal-close,bat-modal-content,bat-navigation,bat-navigation-group,bat-navigation-group-list,bat-navigation-group-list-item,bat-navigation-group-list-item-link,bat-page,bat-section,bat-section-content,bat-section-content-style,bat-section-modal,bat-section-style,bat-text,bat-wrapper,breadcrumb-description,button-dark,button-secondary-dark,cmp-experiencefragment,consent-block,container-fluid,cq-dd-paragraph,cta-account-zonnic,cta-hide,cta-label,cta-logged-in-user,cta-logged-out-user,cta-show,current-page,d-align-right,d-block,d-lg-block,d-md-block,d-none,d-sm-block,d-xl-block,display-address,embedded-messaging,error-msg,existing-user,existing-user-close,fa-chevron-down,fa-chevron-up,field-note,full-width,gallery-steel-grey-gradient,global-components,icon-alignment-right,icon-plus,link-dark,login-error-message,login-success-message,lookup-field,m-align-left,margin-none,margin-small,menu-title,newsletter-headline,newsletter-subheadline,padding-bottom-medium,padding-left-medium,padding-left-small,padding-right-medium,padding-right-small,padding-top-large,padding-top-medium,page-theme,radio-input,radio-set,same-as-top,select-wrapper,submenu-content,to-login,toggle-visibility,what-is-zonnic,why-zonnic,xf-content-height,your-address,your-details,zonnic-logo,zonnic-menu,zonnic-newsletter-modal
healthcare-professionals|https://www.zonnic.ca/ca/en/healthcare-professionals/nicotine-replacement-products-compared|address-lookup-field,arrow-link-dark,at-element-marker,ava-nav-menu,background-cover,background-v-top,bat-agegate,bat-button,bat-card,bat-cta,bat-cta-style,bat-email-verification,bat-footer-bottom,bat-footer-payment-icons,bat-footer-social-nav,bat-footer-zonnic,bat-footer-zonnic-container,bat-footer-zonnic-copyright,bat-footer-zonnic-disclaimer,bat-footer-zonnic-label-page-breadcrumb,bat-footer-zonnic-logo,bat-footer-zonnic-logo-icon,bat-footer-zonnic-main,bat-footer-zonnic-nav,bat-footer-zonnic-nav-menu,bat-footer-zonnic-nav-menu-title,bat-footer-zonnic-submenu,bat-footer-zonnic-top,bat-form,bat-form-block,bat-form-block-text,bat-form-field,bat-form-field-set,bat-form-field-tip,bat-form-messages,bat-form-msg,bat-form-step,bat-header,bat-header-account,bat-header-account-icon-label,bat-header-account-icon-label-auth,bat-header-account-link,bat-header-account-menu,bat-header-content,bat-header-fixed-spacer,bat-header-logo,bat-header-menu,bat-header-menu-button,bat-header-nav,bat-header-promo,bat-header-promo-link,bat-header-stores,bat-header-stores-link,bat-header-support,bat-header-support-link,bat-header-top,bat-header-utils,bat-header-wrapper,bat-headline,bat-headline-style,bat-headline-sub,bat-icon,bat-image,bat-language,bat-location,bat-message,bat-message-text,bat-messagebar,bat-minicart,bat-minicart-basket-total,bat-minicart-count,bat-minicart-empty-content,bat-minicart-empty-headline,bat-minicart-empty-icon,bat-minicart-empty-message,bat-minicart-subtotal-label,bat-minicart-subtotal-value,bat-minicart-total-items,bat-minicart-wrapper,bat-modal,bat-modal-close,bat-modal-content,bat-navigation,bat-navigation-group,bat-navigation-group-list,bat-navigation-group-list-item,bat-navigation-group-list-item-link,bat-page,bat-section,bat-section-content,bat-section-content-style,bat-section-modal,bat-section-style,bat-text,bat-wrapper,blog-wrapper-with-image,breadcrumb-description,button-dark,button-secondary-dark,consent-block,container-fluid,cq-dd-paragraph,cta-hide,cta-label,cta-logged-in-user,cta-logged-out-user,cta-show,current-page,d-align-right,d-block,d-lg-block,d-lg-none,d-md-block,d-md-none,d-none,d-sm-block,d-sm-none,d-xl-block,d-xl-none,display-address,email-cant-verify,email-invalid,error-msg,existing-user,existing-user-close,field-note,full-width,gallery-steel-grey-gradient,global-components,headline1-color1,headline2-color1,icon-plus,icon-right,login-error-message,login-success-message,lookup-field,m-align-left,margin-medium,margin-none,margin-small,menu-title,newsletter-headline,padding-bottom-medium,padding-left-medium,padding-left-small,padding-right-medium,padding-right-small,padding-top-medium,page-theme,radio-input,radio-set,select-wrapper,submenu-content,text-right,to-login,toggle-visibility,user-invalid,what-is-zonnic,why-zonnic,your-address,your-details,zonnic-logo,zonnic-menu,zonnic-newsletter-modal
healthcare-professionals|https://www.zonnic.ca/ca/en/healthcare-professionals|address-lookup-field,arrow-link-dark,at-element-marker,ava-nav-menu,background-cover,background-v-top,bat-agegate,bat-button,bat-card,bat-cta,bat-cta-style,bat-email-verification,bat-footer-bottom,bat-footer-payment-icons,bat-footer-social-nav,bat-footer-zonnic,bat-footer-zonnic-container,bat-footer-zonnic-copyright,bat-footer-zonnic-disclaimer,bat-footer-zonnic-label-page-breadcrumb,bat-footer-zonnic-logo,bat-footer-zonnic-logo-icon,bat-footer-zonnic-main,bat-footer-zonnic-nav,bat-footer-zonnic-nav-menu,bat-footer-zonnic-nav-menu-title,bat-footer-zonnic-submenu,bat-footer-zonnic-top,bat-form,bat-form-block,bat-form-block-text,bat-form-field,bat-form-field-set,bat-form-field-tip,bat-form-messages,bat-form-msg,bat-form-step,bat-header,bat-header-account,bat-header-account-icon-label,bat-header-account-icon-label-auth,bat-header-account-link,bat-header-account-menu,bat-header-content,bat-header-fixed-spacer,bat-header-logo,bat-header-menu,bat-header-menu-button,bat-header-nav,bat-header-promo,bat-header-promo-link,bat-header-stores,bat-header-stores-link,bat-header-support,bat-header-support-link,bat-header-top,bat-header-utils,bat-header-wrapper,bat-headline,bat-headline-style,bat-hero-zonnic,bat-icon,bat-image,bat-language,bat-location,bat-message,bat-message-text,bat-messagebar,bat-minicart,bat-minicart-basket-total,bat-minicart-count,bat-minicart-empty-content,bat-minicart-empty-headline,bat-minicart-empty-icon,bat-minicart-empty-message,bat-minicart-subtotal-label,bat-minicart-subtotal-value,bat-minicart-total-items,bat-minicart-wrapper,bat-modal,bat-modal-close,bat-modal-content,bat-navigation,bat-navigation-group,bat-navigation-group-list,bat-navigation-group-list-item,bat-navigation-group-list-item-link,bat-page,bat-section,bat-section-content,bat-section-content-style,bat-section-modal,bat-section-style,bat-text,bat-wrapper,breadcrumb-description,button-dark,button-light,button-secondary-dark,consent-block,container-fluid,cq-dd-paragraph,cta-hide,cta-label,cta-logged-in-user,cta-logged-out-user,cta-show,current-page,d-align-right,d-block,d-lg-block,d-lg-none,d-md-block,d-md-none,d-none,d-sm-block,d-sm-none,d-xl-block,d-xl-none,display-address,email-cant-verify,email-invalid,embedded-messaging,error-msg,existing-user,existing-user-close,field-note,full-width,gallery-steel-grey-gradient,global-components,headline1-large,headline1-light,icon-plus,login-error-message,login-success-message,lookup-field,m-align-left,margin-none,margin-small,menu-title,newsletter-headline,padding-bottom-large,padding-bottom-medium,padding-left-large,padding-left-medium,padding-left-small,padding-right-large,padding-right-medium,padding-right-small,padding-top-large,padding-top-medium,page-theme,radio-input,radio-set,same-as-top,select-wrapper,submenu-content,to-login,toggle-visibility,user-invalid,what-is-zonnic,why-zonnic,your-address,your-details,zonnic-logo,zonnic-menu,zonnic-newsletter-modal
healthcare-professionals|https://www.zonnic.ca/ca/en/healthcare-professionals/smoking-cessation-whats-new|address-lookup-field,arrow-link-dark,at-element-marker,ava-nav-menu,background-cover,background-v-top,bat-agegate,bat-button,bat-card,bat-cta,bat-cta-style,bat-email-verification,bat-footer-bottom,bat-footer-payment-icons,bat-footer-social-nav,bat-footer-zonnic,bat-footer-zonnic-container,bat-footer-zonnic-copyright,bat-footer-zonnic-disclaimer,bat-footer-zonnic-label-page-breadcrumb,bat-footer-zonnic-logo,bat-footer-zonnic-logo-icon,bat-footer-zonnic-main,bat-footer-zonnic-nav,bat-footer-zonnic-nav-menu,bat-footer-zonnic-nav-menu-title,bat-footer-zonnic-submenu,bat-footer-zonnic-top,bat-form,bat-form-block,bat-form-block-text,bat-form-field,bat-form-field-set,bat-form-field-tip,bat-form-messages,bat-form-msg,bat-form-step,bat-header,bat-header-account,bat-header-account-icon-label,bat-header-account-icon-label-auth,bat-header-account-link,bat-header-account-menu,bat-header-content,bat-header-fixed-spacer,bat-header-logo,bat-header-menu,bat-header-menu-button,bat-header-nav,bat-header-promo,bat-header-promo-link,bat-header-stores,bat-header-stores-link,bat-header-support,bat-header-support-link,bat-header-top,bat-header-utils,bat-header-wrapper,bat-headline,bat-headline-style,bat-headline-sub,bat-icon,bat-image,bat-language,bat-location,bat-message,bat-message-text,bat-messagebar,bat-minicart,bat-minicart-basket-total,bat-minicart-count,bat-minicart-empty-content,bat-minicart-empty-headline,bat-minicart-empty-icon,bat-minicart-empty-message,bat-minicart-subtotal-label,bat-minicart-subtotal-value,bat-minicart-total-items,bat-minicart-wrapper,bat-modal,bat-modal-close,bat-modal-content,bat-navigation,bat-navigation-group,bat-navigation-group-list,bat-navigation-group-list-item,bat-navigation-group-list-item-link,bat-page,bat-section,bat-section-content,bat-section-content-style,bat-section-modal,bat-section-style,bat-text,bat-wrapper,blog-wrapper-with-image,breadcrumb-description,button-dark,button-secondary-dark,consent-block,container-fluid,cq-dd-paragraph,cta-hide,cta-label,cta-logged-in-user,cta-logged-out-user,cta-show,current-page,d-align-right,d-block,d-lg-block,d-lg-none,d-md-block,d-md-none,d-none,d-sm-block,d-sm-none,d-xl-block,d-xl-none,display-address,email-cant-verify,email-invalid,error-msg,existing-user,existing-user-close,field-note,full-width,gallery-steel-grey-gradient,global-components,headline1-color1,headline2-color1,icon-plus,icon-right,login-error-message,login-success-message,lookup-field,m-align-left,margin-medium,margin-none,margin-small,menu-title,newsletter-headline,padding-bottom-medium,padding-left-medium,padding-left-small,padding-right-medium,padding-right-small,padding-top-medium,page-theme,radio-input,radio-set,select-wrapper,submenu-content,text-right,to-login,toggle-visibility,user-invalid,what-is-zonnic,why-zonnic,your-address,your-details,zonnic-logo,zonnic-menu,zonnic-newsletter-modal
healthcare-professionals|https://www.zonnic.ca/ca/en/healthcare-professionals/smoking-cessation-strategies-patients|address-lookup-field,arrow-link-dark,at-element-marker,ava-nav-menu,background-cover,background-v-top,bat-agegate,bat-button,bat-card,bat-cta,bat-cta-style,bat-email-verification,bat-footer-bottom,bat-footer-payment-icons,bat-footer-social-nav,bat-footer-zonnic,bat-footer-zonnic-container,bat-footer-zonnic-copyright,bat-footer-zonnic-disclaimer,bat-footer-zonnic-label-page-breadcrumb,bat-footer-zonnic-logo,bat-footer-zonnic-logo-icon,bat-footer-zonnic-main,bat-footer-zonnic-nav,bat-footer-zonnic-nav-menu,bat-footer-zonnic-nav-menu-title,bat-footer-zonnic-submenu,bat-footer-zonnic-top,bat-form,bat-form-block,bat-form-block-text,bat-form-field,bat-form-field-set,bat-form-field-tip,bat-form-messages,bat-form-msg,bat-form-step,bat-header,bat-header-account,bat-header-account-icon-label,bat-header-account-icon-label-auth,bat-header-account-link,bat-header-account-menu,bat-header-content,bat-header-fixed-spacer,bat-header-logo,bat-header-menu,bat-header-menu-button,bat-header-nav,bat-header-promo,bat-header-promo-link,bat-header-stores,bat-header-stores-link,bat-header-support,bat-header-support-link,bat-header-top,bat-header-utils,bat-header-wrapper,bat-headline,bat-headline-style,bat-headline-sub,bat-icon,bat-image,bat-language,bat-location,bat-message,bat-message-text,bat-messagebar,bat-minicart,bat-minicart-basket-total,bat-minicart-count,bat-minicart-empty-content,bat-minicart-empty-headline,bat-minicart-empty-icon,bat-minicart-empty-message,bat-minicart-subtotal-label,bat-minicart-subtotal-value,bat-minicart-total-items,bat-minicart-wrapper,bat-modal,bat-modal-close,bat-modal-content,bat-navigation,bat-navigation-group,bat-navigation-group-list,bat-navigation-group-list-item,bat-navigation-group-list-item-link,bat-page,bat-section,bat-section-content,bat-section-content-style,bat-section-modal,bat-section-style,bat-text,bat-wrapper,blog-wrapper-with-image,breadcrumb-description,button-dark,button-secondary-dark,consent-block,container-fluid,cq-dd-paragraph,cta-hide,cta-label,cta-logged-in-user,cta-logged-out-user,cta-show,current-page,d-align-right,d-block,d-lg-block,d-lg-none,d-md-block,d-md-none,d-none,d-sm-block,d-sm-none,d-xl-block,d-xl-none,display-address,email-cant-verify,email-invalid,error-msg,existing-user,existing-user-close,field-note,full-width,gallery-steel-grey-gradient,global-components,headline1-color1,headline2-color1,icon-plus,icon-right,login-error-message,login-success-message,lookup-field,m-align-left,margin-medium,margin-none,margin-small,menu-title,newsletter-headline,padding-bottom-medium,padding-left-medium,padding-left-small,padding-right-medium,padding-right-small,padding-top-medium,page-theme,radio-input,radio-set,select-wrapper,submenu-content,text-right,to-login,toggle-visibility,user-invalid,what-is-zonnic,why-zonnic,your-address,your-details,zonnic-logo,zonnic-menu,zonnic-newsletter-modal
healthcare-professionals|https://www.zonnic.ca/ca/fr/healthcare-professionals/side-effects-quitting-smoking-patient-concerns|address-lookup-field,arrow-link-dark,at-element-marker,ava-nav-menu,background-cover,background-v-top,bat-agegate,bat-button,bat-card,bat-cta,bat-cta-style,bat-email-verification,bat-footer-bottom,bat-footer-payment-icons,bat-footer-social-nav,bat-footer-zonnic,bat-footer-zonnic-container,bat-footer-zonnic-copyright,bat-footer-zonnic-disclaimer,bat-footer-zonnic-label-page-breadcrumb,bat-footer-zonnic-logo,bat-footer-zonnic-logo-icon,bat-footer-zonnic-main,bat-footer-zonnic-nav,bat-footer-zonnic-nav-menu,bat-footer-zonnic-nav-menu-title,bat-footer-zonnic-submenu,bat-footer-zonnic-top,bat-form,bat-form-block,bat-form-block-text,bat-form-field,bat-form-field-set,bat-form-field-tip,bat-form-messages,bat-form-msg,bat-form-step,bat-header,bat-header-account,bat-header-account-icon-label,bat-header-account-icon-label-auth,bat-header-account-link,bat-header-account-menu,bat-header-content,bat-header-fixed-spacer,bat-header-logo,bat-header-menu,bat-header-menu-button,bat-header-nav,bat-header-promo,bat-header-promo-link,bat-header-stores,bat-header-stores-link,bat-header-support,bat-header-support-link,bat-header-top,bat-header-utils,bat-header-wrapper,bat-headline,bat-headline-style,bat-headline-sub,bat-icon,bat-image,bat-language,bat-location,bat-message,bat-message-text,bat-messagebar,bat-minicart,bat-minicart-basket-total,bat-minicart-count,bat-minicart-empty-content,bat-minicart-empty-headline,bat-minicart-empty-icon,bat-minicart-empty-message,bat-minicart-subtotal-label,bat-minicart-subtotal-value,bat-minicart-total-items,bat-minicart-wrapper,bat-modal,bat-modal-close,bat-modal-content,bat-navigation,bat-navigation-group,bat-navigation-group-list,bat-navigation-group-list-item,bat-navigation-group-list-item-link,bat-page,bat-section,bat-section-content,bat-section-content-style,bat-section-modal,bat-section-style,bat-text,bat-wrapper,blog-wrapper-with-image,breadcrumb-description,button-dark,button-secondary-dark,consent-block,container-fluid,cq-dd-paragraph,cta-hide,cta-label,cta-logged-in-user,cta-logged-out-user,cta-show,current-page,d-align-right,d-block,d-lg-block,d-lg-none,d-md-block,d-md-none,d-none,d-sm-block,d-sm-none,d-xl-block,d-xl-none,display-address,error-msg,existing-user,existing-user-close,field-note,full-width,gallery-steel-grey-gradient,global-components,headline1-color1,headline2-color1,icon-plus,icon-right,login-error-message,login-success-message,lookup-field,m-align-left,margin-medium,margin-none,margin-small,menu-title,newsletter-headline,newsletter-subheadline,padding-bottom-medium,padding-left-medium,padding-left-small,padding-right-medium,padding-right-small,padding-top-medium,page-theme,radio-input,radio-set,select-wrapper,submenu-content,text-right,to-login,toggle-visibility,what-is-zonnic,why-zonnic,your-address,your-details,zonnic-logo,zonnic-menu,zonnic-newsletter-modal
healthcare-professionals|https://www.zonnic.ca/ca/en/healthcare-professionals/nicotine-cravings-management|address-lookup-field,arrow-link-dark,at-element-marker,ava-nav-menu,background-cover,background-v-top,bat-agegate,bat-button,bat-card,bat-cta,bat-cta-style,bat-email-verification,bat-footer-bottom,bat-footer-payment-icons,bat-footer-social-nav,bat-footer-zonnic,bat-footer-zonnic-container,bat-footer-zonnic-copyright,bat-footer-zonnic-disclaimer,bat-footer-zonnic-label-page-breadcrumb,bat-footer-zonnic-logo,bat-footer-zonnic-logo-icon,bat-footer-zonnic-main,bat-footer-zonnic-nav,bat-footer-zonnic-nav-menu,bat-footer-zonnic-nav-menu-title,bat-footer-zonnic-submenu,bat-footer-zonnic-top,bat-form,bat-form-block,bat-form-block-text,bat-form-field,bat-form-field-set,bat-form-field-tip,bat-form-messages,bat-form-msg,bat-form-step,bat-header,bat-header-account,bat-header-account-icon-label,bat-header-account-icon-label-auth,bat-header-account-link,bat-header-account-menu,bat-header-content,bat-header-fixed-spacer,bat-header-logo,bat-header-menu,bat-header-menu-button,bat-header-nav,bat-header-promo,bat-header-promo-link,bat-header-stores,bat-header-stores-link,bat-header-support,bat-header-support-link,bat-header-top,bat-header-utils,bat-header-wrapper,bat-headline,bat-headline-style,bat-headline-sub,bat-icon,bat-image,bat-language,bat-location,bat-message,bat-message-text,bat-messagebar,bat-minicart,bat-minicart-basket-total,bat-minicart-count,bat-minicart-empty-content,bat-minicart-empty-headline,bat-minicart-empty-icon,bat-minicart-empty-message,bat-minicart-subtotal-label,bat-minicart-subtotal-value,bat-minicart-total-items,bat-minicart-wrapper,bat-modal,bat-modal-close,bat-modal-content,bat-navigation,bat-navigation-group,bat-navigation-group-list,bat-navigation-group-list-item,bat-navigation-group-list-item-link,bat-page,bat-section,bat-section-content,bat-section-content-style,bat-section-modal,bat-section-style,bat-text,bat-wrapper,blog-wrapper-with-image,breadcrumb-description,button-dark,button-secondary-dark,consent-block,container-fluid,cq-dd-paragraph,cta-hide,cta-label,cta-logged-in-user,cta-logged-out-user,cta-show,current-page,d-align-right,d-block,d-lg-block,d-lg-none,d-md-block,d-md-none,d-none,d-sm-block,d-sm-none,d-xl-block,d-xl-none,display-address,email-cant-verify,email-invalid,error-msg,existing-user,existing-user-close,field-note,full-width,gallery-steel-grey-gradient,global-components,headline1-color1,headline2-color1,icon-plus,icon-right,login-error-message,login-success-message,lookup-field,m-align-left,margin-medium,margin-none,margin-small,menu-title,newsletter-headline,padding-bottom-medium,padding-left-medium,padding-left-small,padding-right-medium,padding-right-small,padding-top-medium,page-theme,radio-input,radio-set,select-wrapper,submenu-content,text-right,to-login,toggle-visibility,user-invalid,what-is-zonnic,why-zonnic,your-address,your-details,zonnic-logo,zonnic-menu,zonnic-newsletter-modal
healthcare-professionals|https://www.zonnic.ca/ca/fr/healthcare-professionals/benefits-quitting-smoking-patients|address-lookup-field,arrow-link-dark,at-element-marker,ava-nav-menu,background-cover,background-v-top,bat-agegate,bat-button,bat-card,bat-cta,bat-cta-style,bat-email-verification,bat-footer-bottom,bat-footer-payment-icons,bat-footer-social-nav,bat-footer-zonnic,bat-footer-zonnic-container,bat-footer-zonnic-copyright,bat-footer-zonnic-disclaimer,bat-footer-zonnic-label-page-breadcrumb,bat-footer-zonnic-logo,bat-footer-zonnic-logo-icon,bat-footer-zonnic-main,bat-footer-zonnic-nav,bat-footer-zonnic-nav-menu,bat-footer-zonnic-nav-menu-title,bat-footer-zonnic-submenu,bat-footer-zonnic-top,bat-form,bat-form-block,bat-form-block-text,bat-form-field,bat-form-field-set,bat-form-field-tip,bat-form-messages,bat-form-msg,bat-form-step,bat-header,bat-header-account,bat-header-account-icon-label,bat-header-account-icon-label-auth,bat-header-account-link,bat-header-account-menu,bat-header-content,bat-header-fixed-spacer,bat-header-logo,bat-header-menu,bat-header-menu-button,bat-header-nav,bat-header-promo,bat-header-promo-link,bat-header-stores,bat-header-stores-link,bat-header-support,bat-header-support-link,bat-header-top,bat-header-utils,bat-header-wrapper,bat-headline,bat-headline-style,bat-headline-sub,bat-icon,bat-image,bat-language,bat-location,bat-message,bat-message-text,bat-messagebar,bat-minicart,bat-minicart-basket-total,bat-minicart-count,bat-minicart-empty-content,bat-minicart-empty-headline,bat-minicart-empty-icon,bat-minicart-empty-message,bat-minicart-subtotal-label,bat-minicart-subtotal-value,bat-minicart-total-items,bat-minicart-wrapper,bat-modal,bat-modal-close,bat-modal-content,bat-navigation,bat-navigation-group,bat-navigation-group-list,bat-navigation-group-list-item,bat-navigation-group-list-item-link,bat-page,bat-section,bat-section-content,bat-section-content-style,bat-section-modal,bat-section-style,bat-text,bat-wrapper,blog-wrapper-with-image,breadcrumb-description,button-dark,button-secondary-dark,consent-block,container-fluid,cq-dd-paragraph,cta-hide,cta-label,cta-logged-in-user,cta-logged-out-user,cta-show,current-page,d-align-right,d-block,d-lg-block,d-lg-none,d-md-block,d-md-none,d-none,d-sm-block,d-sm-none,d-xl-block,d-xl-none,display-address,error-msg,existing-user,existing-user-close,field-note,full-width,gallery-steel-grey-gradient,global-components,headline1-color1,headline2-color1,icon-plus,icon-right,login-error-message,login-success-message,lookup-field,m-align-left,margin-medium,margin-none,margin-small,menu-title,newsletter-headline,newsletter-subheadline,padding-bottom-medium,padding-left-medium,padding-left-small,padding-right-medium,padding-right-small,padding-top-medium,page-theme,radio-input,radio-set,select-wrapper,submenu-content,text-right,to-login,toggle-visibility,what-is-zonnic,why-zonnic,your-address,your-details,zonnic-logo,zonnic-menu,zonnic-newsletter-modal
healthcare-professionals|https://www.zonnic.ca/ca/en/healthcare-professionals/benefits-quitting-smoking-patients|address-lookup-field,arrow-link-dark,at-element-marker,ava-nav-menu,background-cover,background-v-top,bat-agegate,bat-button,bat-card,bat-cta,bat-cta-style,bat-email-verification,bat-footer-bottom,bat-footer-payment-icons,bat-footer-social-nav,bat-footer-zonnic,bat-footer-zonnic-container,bat-footer-zonnic-copyright,bat-footer-zonnic-disclaimer,bat-footer-zonnic-label-page-breadcrumb,bat-footer-zonnic-logo,bat-footer-zonnic-logo-icon,bat-footer-zonnic-main,bat-footer-zonnic-nav,bat-footer-zonnic-nav-menu,bat-footer-zonnic-nav-menu-title,bat-footer-zonnic-submenu,bat-footer-zonnic-top,bat-form,bat-form-block,bat-form-block-text,bat-form-field,bat-form-field-set,bat-form-field-tip,bat-form-messages,bat-form-msg,bat-form-step,bat-header,bat-header-account,bat-header-account-icon-label,bat-header-account-icon-label-auth,bat-header-account-link,bat-header-account-menu,bat-header-content,bat-header-fixed-spacer,bat-header-logo,bat-header-menu,bat-header-menu-button,bat-header-nav,bat-header-promo,bat-header-promo-link,bat-header-stores,bat-header-stores-link,bat-header-support,bat-header-support-link,bat-header-top,bat-header-utils,bat-header-wrapper,bat-headline,bat-headline-style,bat-headline-sub,bat-icon,bat-image,bat-language,bat-location,bat-message,bat-message-text,bat-messagebar,bat-minicart,bat-minicart-basket-total,bat-minicart-count,bat-minicart-empty-content,bat-minicart-empty-headline,bat-minicart-empty-icon,bat-minicart-empty-message,bat-minicart-subtotal-label,bat-minicart-subtotal-value,bat-minicart-total-items,bat-minicart-wrapper,bat-modal,bat-modal-close,bat-modal-content,bat-navigation,bat-navigation-group,bat-navigation-group-list,bat-navigation-group-list-item,bat-navigation-group-list-item-link,bat-page,bat-section,bat-section-content,bat-section-content-style,bat-section-modal,bat-section-style,bat-text,bat-wrapper,blog-wrapper-with-image,breadcrumb-description,button-dark,button-secondary-dark,consent-block,container-fluid,cq-dd-paragraph,cta-hide,cta-label,cta-logged-in-user,cta-logged-out-user,cta-show,current-page,d-align-right,d-block,d-lg-block,d-lg-none,d-md-block,d-md-none,d-none,d-sm-block,d-sm-none,d-xl-block,d-xl-none,display-address,email-cant-verify,email-invalid,error-msg,existing-user,existing-user-close,field-note,full-width,gallery-steel-grey-gradient,global-components,headline1-color1,headline2-color1,icon-plus,icon-right,login-error-message,login-success-message,lookup-field,m-align-left,margin-medium,margin-none,margin-small,menu-title,newsletter-headline,padding-bottom-medium,padding-left-medium,padding-left-small,padding-right-medium,padding-right-small,padding-top-medium,page-theme,radio-input,radio-set,select-wrapper,submenu-content,text-right,to-login,toggle-visibility,user-invalid,what-is-zonnic,why-zonnic,your-address,your-details,zonnic-logo,zonnic-menu,zonnic-newsletter-modal
healthcare-professionals|https://www.zonnic.ca/ca/fr/healthcare-professionals|address-lookup-field,arrow-link-dark,at-element-marker,ava-nav-menu,background-cover,background-v-top,bat-agegate,bat-button,bat-card,bat-cta,bat-cta-style,bat-email-verification,bat-footer-bottom,bat-footer-payment-icons,bat-footer-social-nav,bat-footer-zonnic,bat-footer-zonnic-container,bat-footer-zonnic-copyright,bat-footer-zonnic-disclaimer,bat-footer-zonnic-label-page-breadcrumb,bat-footer-zonnic-logo,bat-footer-zonnic-logo-icon,bat-footer-zonnic-main,bat-footer-zonnic-nav,bat-footer-zonnic-nav-menu,bat-footer-zonnic-nav-menu-title,bat-footer-zonnic-submenu,bat-footer-zonnic-top,bat-form,bat-form-block,bat-form-block-text,bat-form-field,bat-form-field-set,bat-form-field-tip,bat-form-messages,bat-form-msg,bat-form-step,bat-header,bat-header-account,bat-header-account-icon-label,bat-header-account-icon-label-auth,bat-header-account-link,bat-header-account-menu,bat-header-content,bat-header-fixed-spacer,bat-header-logo,bat-header-menu,bat-header-menu-button,bat-header-nav,bat-header-promo,bat-header-promo-link,bat-header-stores,bat-header-stores-link,bat-header-support,bat-header-support-link,bat-header-top,bat-header-utils,bat-header-wrapper,bat-headline,bat-headline-style,bat-hero-zonnic,bat-icon,bat-image,bat-language,bat-location,bat-message,bat-message-text,bat-messagebar,bat-minicart,bat-minicart-basket-total,bat-minicart-count,bat-minicart-empty-content,bat-minicart-empty-headline,bat-minicart-empty-icon,bat-minicart-empty-message,bat-minicart-subtotal-label,bat-minicart-subtotal-value,bat-minicart-total-items,bat-minicart-wrapper,bat-modal,bat-modal-close,bat-modal-content,bat-navigation,bat-navigation-group,bat-navigation-group-list,bat-navigation-group-list-item,bat-navigation-group-list-item-link,bat-page,bat-section,bat-section-content,bat-section-content-style,bat-section-modal,bat-section-style,bat-text,bat-wrapper,breadcrumb-description,button-dark,button-light,button-secondary-dark,consent-block,container-fluid,cq-dd-paragraph,cta-hide,cta-label,cta-logged-in-user,cta-logged-out-user,cta-show,current-page,d-align-right,d-block,d-lg-block,d-md-block,d-none,d-sm-block,d-xl-block,display-address,embedded-messaging,error-msg,existing-user,existing-user-close,field-note,full-width,gallery-steel-grey-gradient,global-components,headline1-large,headline1-light,icon-plus,login-error-message,login-success-message,lookup-field,m-align-left,margin-none,margin-small,menu-title,newsletter-headline,newsletter-subheadline,padding-bottom-large,padding-bottom-medium,padding-left-large,padding-left-medium,padding-left-small,padding-right-large,padding-right-medium,padding-right-small,padding-top-large,padding-top-medium,page-theme,radio-input,radio-set,same-as-top,select-wrapper,submenu-content,to-login,toggle-visibility,what-is-zonnic,why-zonnic,your-address,your-details,zonnic-logo,zonnic-menu,zonnic-newsletter-modal
healthcare-professionals|https://www.zonnic.ca/ca/fr/healthcare-professionals/smoking-cessation-strategies-patients|address-lookup-field,arrow-link-dark,at-element-marker,ava-nav-menu,background-cover,background-v-top,bat-agegate,bat-button,bat-card,bat-cta,bat-cta-style,bat-email-verification,bat-footer-bottom,bat-footer-payment-icons,bat-footer-social-nav,bat-footer-zonnic,bat-footer-zonnic-container,bat-footer-zonnic-copyright,bat-footer-zonnic-disclaimer,bat-footer-zonnic-label-page-breadcrumb,bat-footer-zonnic-logo,bat-footer-zonnic-logo-icon,bat-footer-zonnic-main,bat-footer-zonnic-nav,bat-footer-zonnic-nav-menu,bat-footer-zonnic-nav-menu-title,bat-footer-zonnic-submenu,bat-footer-zonnic-top,bat-form,bat-form-block,bat-form-block-text,bat-form-field,bat-form-field-set,bat-form-field-tip,bat-form-messages,bat-form-msg,bat-form-step,bat-header,bat-header-account,bat-header-account-icon-label,bat-header-account-icon-label-auth,bat-header-account-link,bat-header-account-menu,bat-header-content,bat-header-fixed-spacer,bat-header-logo,bat-header-menu,bat-header-menu-button,bat-header-nav,bat-header-promo,bat-header-promo-link,bat-header-stores,bat-header-stores-link,bat-header-support,bat-header-support-link,bat-header-top,bat-header-utils,bat-header-wrapper,bat-headline,bat-headline-style,bat-headline-sub,bat-icon,bat-image,bat-language,bat-location,bat-message,bat-message-text,bat-messagebar,bat-minicart,bat-minicart-basket-total,bat-minicart-count,bat-minicart-empty-content,bat-minicart-empty-headline,bat-minicart-empty-icon,bat-minicart-empty-message,bat-minicart-subtotal-label,bat-minicart-subtotal-value,bat-minicart-total-items,bat-minicart-wrapper,bat-modal,bat-modal-close,bat-modal-content,bat-navigation,bat-navigation-group,bat-navigation-group-list,bat-navigation-group-list-item,bat-navigation-group-list-item-link,bat-page,bat-section,bat-section-content,bat-section-content-style,bat-section-modal,bat-section-style,bat-text,bat-wrapper,blog-wrapper-with-image,breadcrumb-description,button-dark,button-secondary-dark,consent-block,container-fluid,cq-dd-paragraph,cta-hide,cta-label,cta-logged-in-user,cta-logged-out-user,cta-show,current-page,d-align-right,d-block,d-lg-block,d-lg-none,d-md-block,d-md-none,d-none,d-sm-block,d-sm-none,d-xl-block,d-xl-none,display-address,error-msg,existing-user,existing-user-close,field-note,full-width,gallery-steel-grey-gradient,global-components,headline1-color1,headline2-color1,icon-plus,icon-right,login-error-message,login-success-message,lookup-field,m-align-left,margin-medium,margin-none,margin-small,menu-title,newsletter-headline,newsletter-subheadline,padding-bottom-medium,padding-left-medium,padding-left-small,padding-right-medium,padding-right-small,padding-top-medium,page-theme,radio-input,radio-set,select-wrapper,submenu-content,text-right,to-login,toggle-visibility,what-is-zonnic,why-zonnic,your-address,your-details,zonnic-logo,zonnic-menu,zonnic-newsletter-modal
healthcare-professionals|https://www.zonnic.ca/ca/fr/healthcare-professionals/nicotine-cravings-management|address-lookup-field,arrow-link-dark,at-element-marker,ava-nav-menu,background-cover,background-v-top,bat-agegate,bat-button,bat-card,bat-cta,bat-cta-style,bat-email-verification,bat-footer-bottom,bat-footer-payment-icons,bat-footer-social-nav,bat-footer-zonnic,bat-footer-zonnic-container,bat-footer-zonnic-copyright,bat-footer-zonnic-disclaimer,bat-footer-zonnic-label-page-breadcrumb,bat-footer-zonnic-logo,bat-footer-zonnic-logo-icon,bat-footer-zonnic-main,bat-footer-zonnic-nav,bat-footer-zonnic-nav-menu,bat-footer-zonnic-nav-menu-title,bat-footer-zonnic-submenu,bat-footer-zonnic-top,bat-form,bat-form-block,bat-form-block-text,bat-form-field,bat-form-field-set,bat-form-field-tip,bat-form-messages,bat-form-msg,bat-form-step,bat-header,bat-header-account,bat-header-account-icon-label,bat-header-account-icon-label-auth,bat-header-account-link,bat-header-account-menu,bat-header-content,bat-header-fixed-spacer,bat-header-logo,bat-header-menu,bat-header-menu-button,bat-header-nav,bat-header-promo,bat-header-promo-link,bat-header-stores,bat-header-stores-link,bat-header-support,bat-header-support-link,bat-header-top,bat-header-utils,bat-header-wrapper,bat-headline,bat-headline-style,bat-headline-sub,bat-icon,bat-image,bat-language,bat-location,bat-message,bat-message-text,bat-messagebar,bat-minicart,bat-minicart-basket-total,bat-minicart-count,bat-minicart-empty-content,bat-minicart-empty-headline,bat-minicart-empty-icon,bat-minicart-empty-message,bat-minicart-subtotal-label,bat-minicart-subtotal-value,bat-minicart-total-items,bat-minicart-wrapper,bat-modal,bat-modal-close,bat-modal-content,bat-navigation,bat-navigation-group,bat-navigation-group-list,bat-navigation-group-list-item,bat-navigation-group-list-item-link,bat-page,bat-section,bat-section-content,bat-section-content-style,bat-section-modal,bat-section-style,bat-text,bat-wrapper,blog-wrapper-with-image,breadcrumb-description,button-dark,button-secondary-dark,consent-block,container-fluid,cq-dd-paragraph,cta-hide,cta-label,cta-logged-in-user,cta-logged-out-user,cta-show,current-page,d-align-right,d-block,d-lg-block,d-lg-none,d-md-block,d-md-none,d-none,d-sm-block,d-sm-none,d-xl-block,d-xl-none,display-address,error-msg,existing-user,existing-user-close,field-note,full-width,gallery-steel-grey-gradient,global-components,headline1-color1,headline2-color1,icon-plus,icon-right,login-error-message,login-success-message,lookup-field,m-align-left,margin-medium,margin-none,margin-small,menu-title,newsletter-headline,newsletter-subheadline,padding-bottom-medium,padding-left-medium,padding-left-small,padding-right-medium,padding-right-small,padding-top-medium,page-theme,radio-input,radio-set,select-wrapper,submenu-content,text-right,to-login,toggle-visibility,what-is-zonnic,why-zonnic,your-address,your-details,zonnic-logo,zonnic-menu,zonnic-newsletter-modal
healthcare-professionals|https://www.zonnic.ca/ca/en/healthcare-professionals/side-effects-quitting-smoking-patient-concerns|address-lookup-field,arrow-link-dark,at-element-marker,ava-nav-menu,background-cover,background-v-top,bat-agegate,bat-button,bat-card,bat-cta,bat-cta-style,bat-email-verification,bat-footer-bottom,bat-footer-payment-icons,bat-footer-social-nav,bat-footer-zonnic,bat-footer-zonnic-container,bat-footer-zonnic-copyright,bat-footer-zonnic-disclaimer,bat-footer-zonnic-label-page-breadcrumb,bat-footer-zonnic-logo,bat-footer-zonnic-logo-icon,bat-footer-zonnic-main,bat-footer-zonnic-nav,bat-footer-zonnic-nav-menu,bat-footer-zonnic-nav-menu-title,bat-footer-zonnic-submenu,bat-footer-zonnic-top,bat-form,bat-form-block,bat-form-block-text,bat-form-field,bat-form-field-set,bat-form-field-tip,bat-form-messages,bat-form-msg,bat-form-step,bat-header,bat-header-account,bat-header-account-icon-label,bat-header-account-icon-label-auth,bat-header-account-link,bat-header-account-menu,bat-header-content,bat-header-fixed-spacer,bat-header-logo,bat-header-menu,bat-header-menu-button,bat-header-nav,bat-header-promo,bat-header-promo-link,bat-header-stores,bat-header-stores-link,bat-header-support,bat-header-support-link,bat-header-top,bat-header-utils,bat-header-wrapper,bat-headline,bat-headline-style,bat-headline-sub,bat-icon,bat-image,bat-language,bat-location,bat-message,bat-message-text,bat-messagebar,bat-minicart,bat-minicart-basket-total,bat-minicart-count,bat-minicart-empty-content,bat-minicart-empty-headline,bat-minicart-empty-icon,bat-minicart-empty-message,bat-minicart-subtotal-label,bat-minicart-subtotal-value,bat-minicart-total-items,bat-minicart-wrapper,bat-modal,bat-modal-close,bat-modal-content,bat-navigation,bat-navigation-group,bat-navigation-group-list,bat-navigation-group-list-item,bat-navigation-group-list-item-link,bat-page,bat-section,bat-section-content,bat-section-content-style,bat-section-modal,bat-section-style,bat-text,bat-wrapper,blog-wrapper-with-image,breadcrumb-description,button-dark,button-secondary-dark,consent-block,container-fluid,cq-dd-paragraph,cta-hide,cta-label,cta-logged-in-user,cta-logged-out-user,cta-show,current-page,d-align-right,d-block,d-lg-block,d-lg-none,d-md-block,d-md-none,d-none,d-sm-block,d-sm-none,d-xl-block,d-xl-none,display-address,email-cant-verify,email-invalid,error-msg,existing-user,existing-user-close,field-note,full-width,gallery-steel-grey-gradient,global-components,headline1-color1,headline2-color1,icon-plus,icon-right,login-error-message,login-success-message,lookup-field,m-align-left,margin-medium,margin-none,margin-small,menu-title,newsletter-headline,padding-bottom-medium,padding-left-medium,padding-left-small,padding-right-medium,padding-right-small,padding-top-medium,page-theme,radio-input,radio-set,select-wrapper,submenu-content,text-right,to-login,toggle-visibility,user-invalid,what-is-zonnic,why-zonnic,your-address,your-details,zonnic-logo,zonnic-menu,zonnic-newsletter-modal
healthcare-professionals|https://www.zonnic.ca/ca/fr/healthcare-professionals/smoking-cessation-whats-new|address-lookup-field,arrow-link-dark,at-element-marker,ava-nav-menu,background-cover,background-v-top,bat-agegate,bat-button,bat-card,bat-cta,bat-cta-style,bat-email-verification,bat-footer-bottom,bat-footer-payment-icons,bat-footer-social-nav,bat-footer-zonnic,bat-footer-zonnic-container,bat-footer-zonnic-copyright,bat-footer-zonnic-disclaimer,bat-footer-zonnic-label-page-breadcrumb,bat-footer-zonnic-logo,bat-footer-zonnic-logo-icon,bat-footer-zonnic-main,bat-footer-zonnic-nav,bat-footer-zonnic-nav-menu,bat-footer-zonnic-nav-menu-title,bat-footer-zonnic-submenu,bat-footer-zonnic-top,bat-form,bat-form-block,bat-form-block-text,bat-form-field,bat-form-field-set,bat-form-field-tip,bat-form-messages,bat-form-msg,bat-form-step,bat-header,bat-header-account,bat-header-account-icon-label,bat-header-account-icon-label-auth,bat-header-account-link,bat-header-account-menu,bat-header-content,bat-header-fixed-spacer,bat-header-logo,bat-header-menu,bat-header-menu-button,bat-header-nav,bat-header-promo,bat-header-promo-link,bat-header-stores,bat-header-stores-link,bat-header-support,bat-header-support-link,bat-header-top,bat-header-utils,bat-header-wrapper,bat-headline,bat-headline-style,bat-headline-sub,bat-icon,bat-image,bat-language,bat-location,bat-message,bat-message-text,bat-messagebar,bat-minicart,bat-minicart-basket-total,bat-minicart-count,bat-minicart-empty-content,bat-minicart-empty-headline,bat-minicart-empty-icon,bat-minicart-empty-message,bat-minicart-subtotal-label,bat-minicart-subtotal-value,bat-minicart-total-items,bat-minicart-wrapper,bat-modal,bat-modal-close,bat-modal-content,bat-navigation,bat-navigation-group,bat-navigation-group-list,bat-navigation-group-list-item,bat-navigation-group-list-item-link,bat-page,bat-section,bat-section-content,bat-section-content-style,bat-section-modal,bat-section-style,bat-text,bat-wrapper,blog-wrapper-with-image,breadcrumb-description,button-dark,button-secondary-dark,consent-block,container-fluid,cq-dd-paragraph,cta-hide,cta-label,cta-logged-in-user,cta-logged-out-user,cta-show,current-page,d-align-right,d-block,d-lg-block,d-lg-none,d-md-block,d-md-none,d-none,d-sm-block,d-sm-none,d-xl-block,d-xl-none,display-address,error-msg,existing-user,existing-user-close,field-note,full-width,gallery-steel-grey-gradient,global-components,headline1-color1,headline2-color1,icon-plus,icon-right,login-error-message,login-success-message,lookup-field,m-align-left,margin-medium,margin-none,margin-small,menu-title,newsletter-headline,newsletter-subheadline,padding-bottom-medium,padding-left-medium,padding-left-small,padding-right-medium,padding-right-small,padding-top-medium,page-theme,radio-input,radio-set,select-wrapper,submenu-content,text-right,to-login,toggle-visibility,what-is-zonnic,why-zonnic,your-address,your-details,zonnic-logo,zonnic-menu,zonnic-newsletter-modal
healthcare-professionals|https://www.zonnic.ca/ca/fr/healthcare-professionals/order-zonnic-for-pharmacies|address-lookup-field,arrow-link-dark,at-element-marker,ava-nav-menu,background-cover,background-v-top,bat-agegate,bat-button,bat-card,bat-cta,bat-cta-style,bat-email-verification,bat-footer-bottom,bat-footer-payment-icons,bat-footer-social-nav,bat-footer-zonnic,bat-footer-zonnic-container,bat-footer-zonnic-copyright,bat-footer-zonnic-disclaimer,bat-footer-zonnic-label-page-breadcrumb,bat-footer-zonnic-logo,bat-footer-zonnic-logo-icon,bat-footer-zonnic-main,bat-footer-zonnic-nav,bat-footer-zonnic-nav-menu,bat-footer-zonnic-nav-menu-title,bat-footer-zonnic-submenu,bat-footer-zonnic-top,bat-form,bat-form-block,bat-form-block-text,bat-form-field,bat-form-field-set,bat-form-field-tip,bat-form-messages,bat-form-msg,bat-form-step,bat-header,bat-header-account,bat-header-account-icon-label,bat-header-account-icon-label-auth,bat-header-account-link,bat-header-account-menu,bat-header-content,bat-header-fixed-spacer,bat-header-logo,bat-header-menu,bat-header-menu-button,bat-header-nav,bat-header-promo,bat-header-promo-link,bat-header-stores,bat-header-stores-link,bat-header-support,bat-header-support-link,bat-header-top,bat-header-utils,bat-header-wrapper,bat-headline,bat-headline-style,bat-headline-sub,bat-hero-zonnic,bat-icon,bat-image,bat-language,bat-location,bat-message,bat-message-text,bat-messagebar,bat-minicart,bat-minicart-basket-total,bat-minicart-count,bat-minicart-empty-content,bat-minicart-empty-headline,bat-minicart-empty-icon,bat-minicart-empty-message,bat-minicart-subtotal-label,bat-minicart-subtotal-value,bat-minicart-total-items,bat-minicart-wrapper,bat-modal,bat-modal-close,bat-modal-content,bat-navigation,bat-navigation-group,bat-navigation-group-list,bat-navigation-group-list-item,bat-navigation-group-list-item-link,bat-page,bat-section,bat-section-content,bat-section-content-style,bat-section-modal,bat-section-style,bat-text,bat-wrapper,breadcrumb-description,button-dark,button-secondary-dark,consent-block,container-fluid,cq-dd-paragraph,cta-hide,cta-label,cta-logged-in-user,cta-logged-out-user,cta-show,current-page,d-align-right,d-block,d-lg-block,d-lg-none,d-md-block,d-md-none,d-none,d-sm-block,d-sm-none,d-xl-block,d-xl-none,display-address,embedded-messaging,error-msg,existing-user,existing-user-close,field-note,full-width,gallery-steel-grey-gradient,global-components,headline1-light,headline2-color1,headline2-color2,icon-plus,icon-right,login-error-message,login-success-message,lookup-field,m-align-left,margin-none,margin-small,margin-xsmall,menu-title,newsletter-headline,newsletter-subheadline,padding-bottom-large,padding-bottom-medium,padding-bottom-small,padding-left-large,padding-left-medium,padding-left-small,padding-right-large,padding-right-medium,padding-right-small,padding-top-large,padding-top-medium,padding-top-small,page-theme,radio-input,radio-set,same-as-top,select-wrapper,submenu-content,text-right,to-login,toggle-visibility,what-is-zonnic,why-zonnic,your-address,your-details,zonnic-logo,zonnic-menu,zonnic-newsletter-modal
healthcare-professionals|https://www.zonnic.ca/ca/fr/healthcare-professionals/nicotine-replacement-products-compared|address-lookup-field,arrow-link-dark,at-element-marker,ava-nav-menu,background-cover,background-v-top,bat-agegate,bat-button,bat-card,bat-cta,bat-cta-style,bat-email-verification,bat-footer-bottom,bat-footer-payment-icons,bat-footer-social-nav,bat-footer-zonnic,bat-footer-zonnic-container,bat-footer-zonnic-copyright,bat-footer-zonnic-disclaimer,bat-footer-zonnic-label-page-breadcrumb,bat-footer-zonnic-logo,bat-footer-zonnic-logo-icon,bat-footer-zonnic-main,bat-footer-zonnic-nav,bat-footer-zonnic-nav-menu,bat-footer-zonnic-nav-menu-title,bat-footer-zonnic-submenu,bat-footer-zonnic-top,bat-form,bat-form-block,bat-form-block-text,bat-form-field,bat-form-field-set,bat-form-field-tip,bat-form-messages,bat-form-msg,bat-form-step,bat-header,bat-header-account,bat-header-account-icon-label,bat-header-account-icon-label-auth,bat-header-account-link,bat-header-account-menu,bat-header-content,bat-header-fixed-spacer,bat-header-logo,bat-header-menu,bat-header-menu-button,bat-header-nav,bat-header-promo,bat-header-promo-link,bat-header-stores,bat-header-stores-link,bat-header-support,bat-header-support-link,bat-header-top,bat-header-utils,bat-header-wrapper,bat-headline,bat-headline-style,bat-headline-sub,bat-icon,bat-image,bat-language,bat-location,bat-message,bat-message-text,bat-messagebar,bat-minicart,bat-minicart-basket-total,bat-minicart-count,bat-minicart-empty-content,bat-minicart-empty-headline,bat-minicart-empty-icon,bat-minicart-empty-message,bat-minicart-subtotal-label,bat-minicart-subtotal-value,bat-minicart-total-items,bat-minicart-wrapper,bat-modal,bat-modal-close,bat-modal-content,bat-navigation,bat-navigation-group,bat-navigation-group-list,bat-navigation-group-list-item,bat-navigation-group-list-item-link,bat-page,bat-section,bat-section-content,bat-section-content-style,bat-section-modal,bat-section-style,bat-text,bat-wrapper,blog-wrapper-with-image,breadcrumb-description,button-dark,button-secondary-dark,consent-block,container-fluid,cq-dd-paragraph,cta-hide,cta-label,cta-logged-in-user,cta-logged-out-user,cta-show,current-page,d-align-right,d-block,d-lg-block,d-lg-none,d-md-block,d-md-none,d-none,d-sm-block,d-sm-none,d-xl-block,d-xl-none,display-address,error-msg,existing-user,existing-user-close,field-note,full-width,gallery-steel-grey-gradient,global-components,headline1-color1,headline2-color1,icon-plus,icon-right,login-error-message,login-success-message,lookup-field,m-align-left,margin-medium,margin-none,margin-small,menu-title,newsletter-headline,newsletter-subheadline,padding-bottom-medium,padding-left-medium,padding-left-small,padding-right-medium,padding-right-small,padding-top-medium,page-theme,radio-input,radio-set,select-wrapper,submenu-content,text-right,to-login,toggle-visibility,what-is-zonnic,why-zonnic,your-address,your-details,zonnic-logo,zonnic-menu,zonnic-newsletter-modal
healthcare-professionals|https://www.zonnic.ca/ca/en/healthcare-professionals/zonnic-nicotine-pouches-canada|address-lookup-field,arrow-link-dark,at-element-marker,ava-nav-menu,background-cover,background-v-top,bat-agegate,bat-button,bat-card,bat-cta,bat-cta-style,bat-email-verification,bat-footer-bottom,bat-footer-payment-icons,bat-footer-social-nav,bat-footer-zonnic,bat-footer-zonnic-container,bat-footer-zonnic-copyright,bat-footer-zonnic-disclaimer,bat-footer-zonnic-label-page-breadcrumb,bat-footer-zonnic-logo,bat-footer-zonnic-logo-icon,bat-footer-zonnic-main,bat-footer-zonnic-nav,bat-footer-zonnic-nav-menu,bat-footer-zonnic-nav-menu-title,bat-footer-zonnic-submenu,bat-footer-zonnic-top,bat-form,bat-form-block,bat-form-block-text,bat-form-field,bat-form-field-set,bat-form-field-tip,bat-form-messages,bat-form-msg,bat-form-step,bat-header,bat-header-account,bat-header-account-icon-label,bat-header-account-icon-label-auth,bat-header-account-link,bat-header-account-menu,bat-header-content,bat-header-fixed-spacer,bat-header-logo,bat-header-menu,bat-header-menu-button,bat-header-nav,bat-header-promo,bat-header-promo-link,bat-header-stores,bat-header-stores-link,bat-header-support,bat-header-support-link,bat-header-top,bat-header-utils,bat-header-wrapper,bat-headline,bat-headline-style,bat-headline-sub,bat-icon,bat-image,bat-language,bat-location,bat-message,bat-message-text,bat-messagebar,bat-minicart,bat-minicart-basket-total,bat-minicart-count,bat-minicart-empty-content,bat-minicart-empty-headline,bat-minicart-empty-icon,bat-minicart-empty-message,bat-minicart-subtotal-label,bat-minicart-subtotal-value,bat-minicart-total-items,bat-minicart-wrapper,bat-modal,bat-modal-close,bat-modal-content,bat-navigation,bat-navigation-group,bat-navigation-group-list,bat-navigation-group-list-item,bat-navigation-group-list-item-link,bat-page,bat-section,bat-section-content,bat-section-content-style,bat-section-modal,bat-section-style,bat-text,bat-wrapper,blog-wrapper-with-image,breadcrumb-description,button-dark,button-secondary-dark,consent-block,container-fluid,cq-dd-paragraph,cta-hide,cta-label,cta-logged-in-user,cta-logged-out-user,cta-show,current-page,d-align-right,d-block,d-lg-block,d-lg-none,d-md-block,d-md-none,d-none,d-sm-block,d-sm-none,d-xl-block,d-xl-none,display-address,email-cant-verify,email-invalid,error-msg,existing-user,existing-user-close,field-note,full-width,gallery-steel-grey-gradient,global-components,headline1-color1,headline2-color1,icon-plus,icon-right,login-error-message,login-success-message,lookup-field,m-align-left,margin-medium,margin-none,margin-small,menu-title,newsletter-headline,padding-bottom-medium,padding-left-medium,padding-left-small,padding-right-medium,padding-right-small,padding-top-medium,page-theme,radio-input,radio-set,select-wrapper,submenu-content,text-right,to-login,toggle-visibility,user-invalid,what-is-zonnic,why-zonnic,your-address,your-details,zonnic-logo,zonnic-menu,zonnic-newsletter-modal
healthcare-professionals|https://www.zonnic.ca/ca/en/healthcare-professionals/nicotine-withdrawal|address-lookup-field,arrow-link-dark,at-element-marker,ava-nav-menu,background-cover,background-v-top,bat-agegate,bat-button,bat-card,bat-cta,bat-cta-style,bat-email-verification,bat-footer-bottom,bat-footer-payment-icons,bat-footer-social-nav,bat-footer-zonnic,bat-footer-zonnic-container,bat-footer-zonnic-copyright,bat-footer-zonnic-disclaimer,bat-footer-zonnic-label-page-breadcrumb,bat-footer-zonnic-logo,bat-footer-zonnic-logo-icon,bat-footer-zonnic-main,bat-footer-zonnic-nav,bat-footer-zonnic-nav-menu,bat-footer-zonnic-nav-menu-title,bat-footer-zonnic-submenu,bat-footer-zonnic-top,bat-form,bat-form-block,bat-form-block-text,bat-form-field,bat-form-field-set,bat-form-field-tip,bat-form-messages,bat-form-msg,bat-form-step,bat-header,bat-header-account,bat-header-account-icon-label,bat-header-account-icon-label-auth,bat-header-account-link,bat-header-account-menu,bat-header-content,bat-header-fixed-spacer,bat-header-logo,bat-header-menu,bat-header-menu-button,bat-header-nav,bat-header-promo,bat-header-promo-link,bat-header-stores,bat-header-stores-link,bat-header-support,bat-header-support-link,bat-header-top,bat-header-utils,bat-header-wrapper,bat-headline,bat-headline-style,bat-headline-sub,bat-icon,bat-image,bat-language,bat-location,bat-message,bat-message-text,bat-messagebar,bat-minicart,bat-minicart-basket-total,bat-minicart-count,bat-minicart-empty-content,bat-minicart-empty-headline,bat-minicart-empty-icon,bat-minicart-empty-message,bat-minicart-subtotal-label,bat-minicart-subtotal-value,bat-minicart-total-items,bat-minicart-wrapper,bat-modal,bat-modal-close,bat-modal-content,bat-navigation,bat-navigation-group,bat-navigation-group-list,bat-navigation-group-list-item,bat-navigation-group-list-item-link,bat-page,bat-section,bat-section-content,bat-section-content-style,bat-section-modal,bat-section-style,bat-text,bat-wrapper,blog-wrapper-with-image,breadcrumb-description,button-dark,button-secondary-dark,consent-block,container-fluid,cq-dd-paragraph,cta-hide,cta-label,cta-logged-in-user,cta-logged-out-user,cta-show,current-page,d-align-right,d-block,d-lg-block,d-lg-none,d-md-block,d-md-none,d-none,d-sm-block,d-sm-none,d-xl-block,d-xl-none,display-address,email-cant-verify,email-invalid,error-msg,existing-user,existing-user-close,field-note,full-width,gallery-steel-grey-gradient,global-components,headline1-color1,headline2-color1,icon-plus,icon-right,login-error-message,login-success-message,lookup-field,m-align-left,margin-medium,margin-none,margin-small,menu-title,newsletter-headline,padding-bottom-medium,padding-left-medium,padding-left-small,padding-right-medium,padding-right-small,padding-top-medium,page-theme,radio-input,radio-set,select-wrapper,submenu-content,text-right,to-login,toggle-visibility,user-invalid,what-is-zonnic,why-zonnic,your-address,your-details,zonnic-logo,zonnic-menu,zonnic-newsletter-modal
healthcare-professionals|https://www.zonnic.ca/ca/fr/healthcare-professionals/nicotine-withdrawal|address-lookup-field,arrow-link-dark,at-element-marker,ava-nav-menu,background-cover,background-v-top,bat-agegate,bat-button,bat-card,bat-cta,bat-cta-style,bat-email-verification,bat-footer-bottom,bat-footer-payment-icons,bat-footer-social-nav,bat-footer-zonnic,bat-footer-zonnic-container,bat-footer-zonnic-copyright,bat-footer-zonnic-disclaimer,bat-footer-zonnic-label-page-breadcrumb,bat-footer-zonnic-logo,bat-footer-zonnic-logo-icon,bat-footer-zonnic-main,bat-footer-zonnic-nav,bat-footer-zonnic-nav-menu,bat-footer-zonnic-nav-menu-title,bat-footer-zonnic-submenu,bat-footer-zonnic-top,bat-form,bat-form-block,bat-form-block-text,bat-form-field,bat-form-field-set,bat-form-field-tip,bat-form-messages,bat-form-msg,bat-form-step,bat-header,bat-header-account,bat-header-account-icon-label,bat-header-account-icon-label-auth,bat-header-account-link,bat-header-account-menu,bat-header-content,bat-header-fixed-spacer,bat-header-logo,bat-header-menu,bat-header-menu-button,bat-header-nav,bat-header-promo,bat-header-promo-link,bat-header-stores,bat-header-stores-link,bat-header-support,bat-header-support-link,bat-header-top,bat-header-utils,bat-header-wrapper,bat-headline,bat-headline-style,bat-headline-sub,bat-icon,bat-image,bat-language,bat-location,bat-message,bat-message-text,bat-messagebar,bat-minicart,bat-minicart-basket-total,bat-minicart-count,bat-minicart-empty-content,bat-minicart-empty-headline,bat-minicart-empty-icon,bat-minicart-empty-message,bat-minicart-subtotal-label,bat-minicart-subtotal-value,bat-minicart-total-items,bat-minicart-wrapper,bat-modal,bat-modal-close,bat-modal-content,bat-navigation,bat-navigation-group,bat-navigation-group-list,bat-navigation-group-list-item,bat-navigation-group-list-item-link,bat-page,bat-section,bat-section-content,bat-section-content-style,bat-section-modal,bat-section-style,bat-text,bat-wrapper,blog-wrapper-with-image,breadcrumb-description,button-dark,button-secondary-dark,consent-block,container-fluid,cq-dd-paragraph,cta-hide,cta-label,cta-logged-in-user,cta-logged-out-user,cta-show,current-page,d-align-right,d-block,d-lg-block,d-lg-none,d-md-block,d-md-none,d-none,d-sm-block,d-sm-none,d-xl-block,d-xl-none,display-address,error-msg,existing-user,existing-user-close,field-note,full-width,gallery-steel-grey-gradient,global-components,headline1-color1,headline2-color1,icon-plus,icon-right,login-error-message,login-success-message,lookup-field,m-align-left,margin-medium,margin-none,margin-small,menu-title,newsletter-headline,newsletter-subheadline,padding-bottom-medium,padding-left-medium,padding-left-small,padding-right-medium,padding-right-small,padding-top-medium,page-theme,radio-input,radio-set,select-wrapper,submenu-content,text-right,to-login,toggle-visibility,what-is-zonnic,why-zonnic,your-address,your-details,zonnic-logo,zonnic-menu,zonnic-newsletter-modal
healthcare-professionals|https://www.zonnic.ca/ca/en/healthcare-professionals/order-zonnic-for-pharmacies|address-lookup-field,arrow-link-dark,at-element-marker,ava-nav-menu,background-cover,background-v-top,bat-agegate,bat-button,bat-card,bat-cta,bat-cta-style,bat-email-verification,bat-footer-bottom,bat-footer-payment-icons,bat-footer-social-nav,bat-footer-zonnic,bat-footer-zonnic-container,bat-footer-zonnic-copyright,bat-footer-zonnic-disclaimer,bat-footer-zonnic-label-page-breadcrumb,bat-footer-zonnic-logo,bat-footer-zonnic-logo-icon,bat-footer-zonnic-main,bat-footer-zonnic-nav,bat-footer-zonnic-nav-menu,bat-footer-zonnic-nav-menu-title,bat-footer-zonnic-submenu,bat-footer-zonnic-top,bat-form,bat-form-block,bat-form-block-text,bat-form-field,bat-form-field-set,bat-form-field-tip,bat-form-messages,bat-form-msg,bat-form-step,bat-header,bat-header-account,bat-header-account-icon-label,bat-header-account-icon-label-auth,bat-header-account-link,bat-header-account-menu,bat-header-content,bat-header-fixed-spacer,bat-header-logo,bat-header-menu,bat-header-menu-button,bat-header-nav,bat-header-promo,bat-header-promo-link,bat-header-stores,bat-header-stores-link,bat-header-support,bat-header-support-link,bat-header-top,bat-header-utils,bat-header-wrapper,bat-headline,bat-headline-style,bat-headline-sub,bat-hero-zonnic,bat-icon,bat-image,bat-language,bat-location,bat-message,bat-message-text,bat-messagebar,bat-minicart,bat-minicart-basket-total,bat-minicart-count,bat-minicart-empty-content,bat-minicart-empty-headline,bat-minicart-empty-icon,bat-minicart-empty-message,bat-minicart-subtotal-label,bat-minicart-subtotal-value,bat-minicart-total-items,bat-minicart-wrapper,bat-modal,bat-modal-close,bat-modal-content,bat-navigation,bat-navigation-group,bat-navigation-group-list,bat-navigation-group-list-item,bat-navigation-group-list-item-link,bat-page,bat-section,bat-section-content,bat-section-content-style,bat-section-modal,bat-section-style,bat-text,bat-wrapper,breadcrumb-description,button-dark,button-secondary-dark,consent-block,container-fluid,cq-dd-paragraph,cta-hide,cta-label,cta-logged-in-user,cta-logged-out-user,cta-show,current-page,d-align-right,d-block,d-lg-block,d-lg-none,d-md-block,d-md-none,d-none,d-sm-block,d-sm-none,d-xl-block,d-xl-none,display-address,email-cant-verify,email-invalid,embedded-messaging,error-msg,existing-user,existing-user-close,field-note,full-width,gallery-steel-grey-gradient,global-components,headline1-light,headline2-color1,headline2-color2,icon-plus,icon-right,login-error-message,login-success-message,lookup-field,m-align-left,margin-none,margin-small,margin-xsmall,menu-title,newsletter-headline,padding-bottom-large,padding-bottom-medium,padding-bottom-small,padding-left-large,padding-left-medium,padding-left-small,padding-right-large,padding-right-medium,padding-right-small,padding-top-large,padding-top-medium,padding-top-small,page-theme,radio-input,radio-set,same-as-top,select-wrapper,submenu-content,text-right,to-login,toggle-visibility,user-invalid,what-is-zonnic,why-zonnic,your-address,your-details,zonnic-logo,zonnic-menu,zonnic-newsletter-modal
healthcare-professionals|https://www.zonnic.ca/ca/fr/healthcare-professionals/zonnic-nicotine-pouches-canada|address-lookup-field,arrow-link-dark,at-element-marker,ava-nav-menu,background-cover,background-v-top,bat-agegate,bat-button,bat-card,bat-cta,bat-cta-style,bat-email-verification,bat-footer-bottom,bat-footer-payment-icons,bat-footer-social-nav,bat-footer-zonnic,bat-footer-zonnic-container,bat-footer-zonnic-copyright,bat-footer-zonnic-disclaimer,bat-footer-zonnic-label-page-breadcrumb,bat-footer-zonnic-logo,bat-footer-zonnic-logo-icon,bat-footer-zonnic-main,bat-footer-zonnic-nav,bat-footer-zonnic-nav-menu,bat-footer-zonnic-nav-menu-title,bat-footer-zonnic-submenu,bat-footer-zonnic-top,bat-form,bat-form-block,bat-form-block-text,bat-form-field,bat-form-field-set,bat-form-field-tip,bat-form-messages,bat-form-msg,bat-form-step,bat-header,bat-header-account,bat-header-account-icon-label,bat-header-account-icon-label-auth,bat-header-account-link,bat-header-account-menu,bat-header-content,bat-header-fixed-spacer,bat-header-logo,bat-header-menu,bat-header-menu-button,bat-header-nav,bat-header-promo,bat-header-promo-link,bat-header-stores,bat-header-stores-link,bat-header-support,bat-header-support-link,bat-header-top,bat-header-utils,bat-header-wrapper,bat-headline,bat-headline-style,bat-headline-sub,bat-icon,bat-image,bat-language,bat-location,bat-message,bat-message-text,bat-messagebar,bat-minicart,bat-minicart-basket-total,bat-minicart-count,bat-minicart-empty-content,bat-minicart-empty-headline,bat-minicart-empty-icon,bat-minicart-empty-message,bat-minicart-subtotal-label,bat-minicart-subtotal-value,bat-minicart-total-items,bat-minicart-wrapper,bat-modal,bat-modal-close,bat-modal-content,bat-navigation,bat-navigation-group,bat-navigation-group-list,bat-navigation-group-list-item,bat-navigation-group-list-item-link,bat-page,bat-section,bat-section-content,bat-section-content-style,bat-section-modal,bat-section-style,bat-text,bat-wrapper,blog-wrapper-with-image,breadcrumb-description,button-dark,button-secondary-dark,consent-block,container-fluid,cq-dd-paragraph,cta-hide,cta-label,cta-logged-in-user,cta-logged-out-user,cta-show,current-page,d-align-right,d-block,d-lg-block,d-lg-none,d-md-block,d-md-none,d-none,d-sm-block,d-sm-none,d-xl-block,d-xl-none,display-address,error-msg,existing-user,existing-user-close,field-note,full-width,gallery-steel-grey-gradient,global-components,headline1-color1,headline2-color1,icon-plus,icon-right,login-error-message,login-success-message,lookup-field,m-align-left,margin-medium,margin-none,margin-small,menu-title,newsletter-headline,newsletter-subheadline,padding-bottom-medium,padding-left-medium,padding-left-small,padding-right-medium,padding-right-small,padding-top-medium,page-theme,radio-input,radio-set,select-wrapper,submenu-content,text-right,to-login,toggle-visibility,what-is-zonnic,why-zonnic,your-address,your-details,zonnic-logo,zonnic-menu,zonnic-newsletter-modal
homepage|https://www.zonnic.ca/ca/fr|address-lookup-field,arrow-link-dark,at-close-popup-button,at-element-marker,at-popup-cta,at-popup-cta-text,at-popup-disclaimer,at-popup-image,at-popup-modal,at-popup-modal-dialog,at-popup-subtitle,at-popup-title,ava-nav-menu,background-cover,background-v-top,bat-agegate,bat-button,bat-card,bat-carousel,bat-carousel-slides,bat-cta,bat-cta-style,bat-email-verification,bat-footer-bottom,bat-footer-payment-icons,bat-footer-social-nav,bat-footer-zonnic,bat-footer-zonnic-container,bat-footer-zonnic-copyright,bat-footer-zonnic-disclaimer,bat-footer-zonnic-label-page-breadcrumb,bat-footer-zonnic-logo,bat-footer-zonnic-logo-icon,bat-footer-zonnic-main,bat-footer-zonnic-nav,bat-footer-zonnic-nav-menu,bat-footer-zonnic-nav-menu-title,bat-footer-zonnic-submenu,bat-footer-zonnic-top,bat-form,bat-form-block,bat-form-block-text,bat-form-field,bat-form-field-set,bat-form-field-tip,bat-form-messages,bat-form-msg,bat-form-step,bat-header,bat-header-account,bat-header-account-icon-label,bat-header-account-icon-label-auth,bat-header-account-link,bat-header-account-menu,bat-header-content,bat-header-fixed-spacer,bat-header-logo,bat-header-menu,bat-header-menu-button,bat-header-nav,bat-header-promo,bat-header-promo-link,bat-header-stores,bat-header-stores-link,bat-header-support,bat-header-support-link,bat-header-top,bat-header-utils,bat-header-wrapper,bat-headline,bat-headline-style,bat-hero-zonnic,bat-icon,bat-image,bat-language,bat-location,bat-message,bat-message-text,bat-messagebar,bat-minicart,bat-minicart-basket-total,bat-minicart-count,bat-minicart-empty-content,bat-minicart-empty-headline,bat-minicart-empty-icon,bat-minicart-empty-message,bat-minicart-subtotal-label,bat-minicart-subtotal-value,bat-minicart-total-items,bat-minicart-wrapper,bat-modal,bat-modal-close,bat-modal-content,bat-navigation,bat-navigation-group,bat-navigation-group-list,bat-navigation-group-list-item,bat-navigation-group-list-item-link,bat-page,bat-section,bat-section-content,bat-section-content-style,bat-section-modal,bat-section-style,bat-text,bat-wrapper,breadcrumb-description,button-dark,button-secondary-dark,card-masthead-product,cmp-experiencefragment,consent-block,container-fluid,cq-dd-paragraph,cta-hide,cta-label,cta-logged-in-user,cta-logged-out-user,cta-show,current-page,d-align-right,d-block,d-lg-block,d-lg-none,d-md-block,d-md-none,d-none,d-sm-block,d-sm-none,d-xl-block,d-xl-none,display-address,embedded-messaging,error-msg,existing-user,existing-user-close,fa-chevron-left,fa-chevron-right,field-note,full-width,gallery-steel-grey-gradient,global-components,headline2-color2,hide-nb,hide-qc,icon-plus,lg-margin-none,login-error-message,login-success-message,lookup-field,m-align-left,margin-none,margin-small,margin-xsmall,md-margin-none,meet-zonnic-cards,menu-title,newsletter-headline,newsletter-subheadline,padding-bottom-large,padding-bottom-medium,padding-bottom-small,padding-bottom-xsmall,padding-left-large,padding-left-medium,padding-left-small,padding-right-large,padding-right-medium,padding-right-small,padding-top-large,padding-top-medium,padding-top-small,padding-top-xsmall,page-theme,product-carousel,radio-input,radio-set,same-as-top,select-wrapper,slick-arrow,slick-hidden,slick-initialized,slick-list,slick-next,slick-prev,slick-slider,slick-track,sm-margin-none,submenu-content,to-login,toggle-visibility,what-is-zonnic,why-zonnic,xf-content-height,xl-margin-none,xs-margin-none,your-address,your-details,zonnic-logo,zonnic-menu,zonnic-newsletter-modal
homepage|https://www.zonnic.ca/ca/en|arrow-link-dark,at-close-popup-button,at-element-marker,at-popup-cta,at-popup-cta-text,at-popup-disclaimer,at-popup-image,at-popup-modal,at-popup-modal-dialog,at-popup-subtitle,at-popup-title,background-cover,background-v-top,bat-agegate,bat-button,bat-card,bat-carousel,bat-carousel-slides,bat-cta,bat-cta-style,bat-email-verification,bat-form,bat-header,bat-header-account,bat-header-account-icon-label,bat-header-account-icon-label-auth,bat-header-account-link,bat-header-account-menu,bat-header-content,bat-header-fixed-spacer,bat-header-logo,bat-header-menu,bat-header-menu-button,bat-header-nav,bat-header-promo,bat-header-promo-link,bat-header-stores,bat-header-stores-link,bat-header-support,bat-header-support-link,bat-header-top,bat-header-utils,bat-header-wrapper,bat-headline,bat-headline-style,bat-hero-zonnic,bat-icon,bat-image,bat-language,bat-location,bat-messagebar,bat-minicart,bat-minicart-basket-total,bat-minicart-count,bat-minicart-empty-content,bat-minicart-empty-headline,bat-minicart-empty-icon,bat-minicart-empty-message,bat-minicart-subtotal-label,bat-minicart-subtotal-value,bat-minicart-total-items,bat-minicart-wrapper,bat-modal,bat-modal-close,bat-modal-content,bat-navigation,bat-navigation-group,bat-navigation-group-list,bat-navigation-group-list-item,bat-navigation-group-list-item-link,bat-page,bat-section,bat-section-content,bat-section-content-style,bat-section-modal,bat-section-style,bat-text,bat-wrapper,button-dark,button-secondary-dark,card-masthead-product,cmp-experiencefragment,container-fluid,cq-dd-paragraph,cta-hide,cta-label,cta-logged-in-user,cta-logged-out-user,cta-show,d-align-right,d-block,d-lg-block,d-lg-none,d-md-block,d-md-none,d-none,d-sm-block,d-sm-none,d-xl-block,d-xl-none,embedded-messaging,fa-chevron-left,fa-chevron-right,full-width,gallery-steel-grey-gradient,global-components,headline2-color2,m-align-left,margin-none,margin-small,margin-xsmall,meet-zonnic-cards,newsletter-headline,padding-bottom-large,padding-bottom-medium,padding-bottom-small,padding-bottom-xsmall,padding-left-large,padding-left-medium,padding-left-small,padding-left-xsmall,padding-right-large,padding-right-medium,padding-right-small,padding-right-xsmall,padding-top-large,padding-top-medium,padding-top-small,padding-top-xsmall,page-theme,product-carousel,radio-input,radio-set,rte-temp,same-as-top,select-wrapper,slick-active,slick-arrow,slick-cloned,slick-current,slick-disabled,slick-dots,slick-dotted,slick-hidden,slick-initialized,slick-list,slick-next,slick-prev,slick-slide,slick-slider,slick-track,what-is-zonnic,why-zonnic,xf-content-height,zonnic-logo,zonnic-menu,zonnic-newsletter-modal
homepage|https://www.zonnic.ca/ca/en#chat|arrow-link-dark,at-close-popup-button,at-element-marker,at-popup-cta,at-popup-cta-text,at-popup-disclaimer,at-popup-image,at-popup-modal,at-popup-modal-dialog,at-popup-subtitle,at-popup-title,background-cover,background-v-top,bat-agegate,bat-button,bat-card,bat-carousel,bat-carousel-slides,bat-cta,bat-cta-style,bat-email-verification,bat-form,bat-header,bat-header-account,bat-header-account-icon-label,bat-header-account-icon-label-auth,bat-header-account-link,bat-header-account-menu,bat-header-content,bat-header-fixed-spacer,bat-header-logo,bat-header-menu,bat-header-menu-button,bat-header-nav,bat-header-promo,bat-header-promo-link,bat-header-stores,bat-header-stores-link,bat-header-support,bat-header-support-link,bat-header-top,bat-header-utils,bat-header-wrapper,bat-headline,bat-headline-style,bat-hero-zonnic,bat-icon,bat-image,bat-language,bat-location,bat-messagebar,bat-minicart,bat-minicart-basket-total,bat-minicart-count,bat-minicart-empty-content,bat-minicart-empty-headline,bat-minicart-empty-icon,bat-minicart-empty-message,bat-minicart-subtotal-label,bat-minicart-subtotal-value,bat-minicart-total-items,bat-minicart-wrapper,bat-modal,bat-modal-close,bat-modal-content,bat-navigation,bat-navigation-group,bat-navigation-group-list,bat-navigation-group-list-item,bat-navigation-group-list-item-link,bat-page,bat-section,bat-section-content,bat-section-content-style,bat-section-modal,bat-section-style,bat-text,bat-wrapper,button-dark,button-secondary-dark,card-masthead-product,cmp-experiencefragment,container-fluid,cq-dd-paragraph,cta-hide,cta-label,cta-logged-in-user,cta-logged-out-user,cta-show,d-align-right,d-block,d-lg-block,d-lg-none,d-md-block,d-md-none,d-none,d-sm-block,d-sm-none,d-xl-block,d-xl-none,embedded-messaging,fa-chevron-left,fa-chevron-right,full-width,gallery-steel-grey-gradient,global-components,headline2-color2,m-align-left,margin-none,margin-small,margin-xsmall,meet-zonnic-cards,newsletter-headline,padding-bottom-large,padding-bottom-medium,padding-bottom-small,padding-bottom-xsmall,padding-left-large,padding-left-medium,padding-left-small,padding-left-xsmall,padding-right-large,padding-right-medium,padding-right-small,padding-right-xsmall,padding-top-large,padding-top-medium,padding-top-small,padding-top-xsmall,page-theme,product-carousel,radio-input,radio-set,rte-temp,same-as-top,select-wrapper,slick-active,slick-arrow,slick-cloned,slick-current,slick-disabled,slick-dots,slick-dotted,slick-hidden,slick-initialized,slick-list,slick-next,slick-prev,slick-slide,slick-slider,slick-track,what-is-zonnic,why-zonnic,xf-content-height,zonnic-logo,zonnic-menu,zonnic-newsletter-modal
ip-test-2023|https://www.zonnic.ca/ca/en/ip-test-2023|address-lookup-field,arrow-link-dark,at-element-marker,ava-nav-menu,background-cover,background-v-top,bat-agegate,bat-button,bat-cta,bat-cta-style,bat-email-verification,bat-footer-bottom,bat-footer-payment-icons,bat-footer-social-nav,bat-footer-zonnic,bat-footer-zonnic-container,bat-footer-zonnic-copyright,bat-footer-zonnic-disclaimer,bat-footer-zonnic-label-page-breadcrumb,bat-footer-zonnic-logo,bat-footer-zonnic-logo-icon,bat-footer-zonnic-main,bat-footer-zonnic-nav,bat-footer-zonnic-nav-menu,bat-footer-zonnic-nav-menu-title,bat-footer-zonnic-submenu,bat-footer-zonnic-top,bat-form,bat-form-block,bat-form-block-text,bat-form-field,bat-form-field-set,bat-form-field-tip,bat-form-messages,bat-form-msg,bat-form-step,bat-header,bat-header-account,bat-header-account-icon-label,bat-header-account-icon-label-auth,bat-header-account-link,bat-header-account-menu,bat-header-content,bat-header-fixed-spacer,bat-header-logo,bat-header-menu,bat-header-menu-button,bat-header-nav,bat-header-promo,bat-header-promo-link,bat-header-stores,bat-header-stores-link,bat-header-support,bat-header-support-link,bat-header-top,bat-header-utils,bat-header-wrapper,bat-headline,bat-headline-style,bat-icon,bat-image,bat-language,bat-location,bat-message,bat-message-text,bat-messagebar,bat-minicart,bat-minicart-basket-total,bat-minicart-count,bat-minicart-empty-content,bat-minicart-empty-headline,bat-minicart-empty-icon,bat-minicart-empty-message,bat-minicart-subtotal-label,bat-minicart-subtotal-value,bat-minicart-total-items,bat-minicart-wrapper,bat-modal,bat-modal-close,bat-modal-content,bat-navigation,bat-navigation-group,bat-navigation-group-list,bat-navigation-group-list-item,bat-navigation-group-list-item-link,bat-page,bat-section,bat-section-content,bat-section-content-style,bat-section-modal,bat-section-style,bat-text,bat-wrapper,breadcrumb-description,button-dark,button-secondary-dark,consent-block,container-fluid,cq-dd-paragraph,cta-hide,cta-label,cta-logged-in-user,cta-logged-out-user,cta-show,current-page,d-align-right,d-block,d-lg-block,d-lg-none,d-md-block,d-md-none,d-none,d-sm-block,d-sm-none,d-xl-block,d-xl-none,display-address,email-cant-verify,email-invalid,embedded-messaging,error-msg,existing-user,existing-user-close,field-note,full-width,gallery-steel-grey-gradient,global-components,icon-plus,login-error-message,login-success-message,lookup-field,m-align-left,margin-none,margin-small,menu-title,newsletter-headline,padding-bottom-large,padding-bottom-medium,padding-left-large,padding-left-medium,padding-left-small,padding-right-large,padding-right-medium,padding-right-small,padding-top-large,padding-top-medium,page-theme,radio-input,radio-set,select-wrapper,submenu-content,to-login,toggle-visibility,user-invalid,what-is-zonnic,why-zonnic,your-address,your-details,zonnic-logo,zonnic-menu,zonnic-newsletter-modal
ip-test-2023|https://www.zonnic.ca/ca/fr/ip-test-2023|address-lookup-field,arrow-link-dark,at-element-marker,ava-nav-menu,background-cover,background-v-top,bat-agegate,bat-button,bat-card,bat-cta,bat-cta-style,bat-email-verification,bat-footer-bottom,bat-footer-payment-icons,bat-footer-social-nav,bat-footer-zonnic,bat-footer-zonnic-container,bat-footer-zonnic-copyright,bat-footer-zonnic-disclaimer,bat-footer-zonnic-label-page-breadcrumb,bat-footer-zonnic-logo,bat-footer-zonnic-logo-icon,bat-footer-zonnic-main,bat-footer-zonnic-nav,bat-footer-zonnic-nav-menu,bat-footer-zonnic-nav-menu-title,bat-footer-zonnic-submenu,bat-footer-zonnic-top,bat-form,bat-form-block,bat-form-block-text,bat-form-field,bat-form-field-set,bat-form-field-tip,bat-form-messages,bat-form-msg,bat-form-step,bat-header,bat-header-account,bat-header-account-icon-label,bat-header-account-icon-label-auth,bat-header-account-link,bat-header-account-menu,bat-header-content,bat-header-fixed-spacer,bat-header-logo,bat-header-menu,bat-header-menu-button,bat-header-nav,bat-header-promo,bat-header-promo-link,bat-header-stores,bat-header-stores-link,bat-header-support,bat-header-support-link,bat-header-top,bat-header-utils,bat-header-wrapper,bat-headline,bat-headline-style,bat-icon,bat-image,bat-language,bat-location,bat-message,bat-message-text,bat-messagebar,bat-minicart,bat-minicart-basket-total,bat-minicart-count,bat-minicart-empty-content,bat-minicart-empty-headline,bat-minicart-empty-icon,bat-minicart-empty-message,bat-minicart-subtotal-label,bat-minicart-subtotal-value,bat-minicart-total-items,bat-minicart-wrapper,bat-modal,bat-modal-close,bat-modal-content,bat-navigation,bat-navigation-group,bat-navigation-group-list,bat-navigation-group-list-item,bat-navigation-group-list-item-link,bat-page,bat-section,bat-section-content,bat-section-content-style,bat-section-modal,bat-section-style,bat-text,bat-wrapper,bg-whisper-gray,breadcrumb-description,button-dark,button-secondary-dark,consent-block,container-fluid,cq-dd-paragraph,cta-hide,cta-label,cta-logged-in-user,cta-logged-out-user,cta-show,current-page,d-align-right,d-block,d-lg-block,d-lg-none,d-md-block,d-md-none,d-none,d-sm-block,d-sm-none,d-xl-block,d-xl-none,display-address,embedded-messaging,error-msg,existing-user,existing-user-close,field-note,full-width,gallery-steel-grey-gradient,global-components,icon-plus,login-error-message,login-success-message,lookup-field,m-align-left,margin-none,margin-small,menu-title,newsletter-headline,newsletter-subheadline,padding-bottom-large,padding-bottom-medium,padding-bottom-small,padding-left-large,padding-left-medium,padding-left-small,padding-right-large,padding-right-medium,padding-right-small,padding-top-large,padding-top-medium,padding-top-small,page-theme,radio-input,radio-set,select-wrapper,submenu-content,to-login,toggle-visibility,what-is-zonnic,why-zonnic,your-address,your-details,zonnic-logo,zonnic-menu,zonnic-newsletter-modal
keep-zonnic-accessible|https://www.zonnic.ca/ca/en/keep-zonnic-accessible|address-lookup-field,arrow-link-dark,at-element-marker,ava-nav-menu,background-cover,background-v-top,bat-agegate,bat-button,bat-card,bat-card-info,bat-carousel,bat-carousel-slides,bat-cmp-contentfragmentcollection,bat-cta,bat-cta-style,bat-email-verification,bat-faq-default,bat-footer-bottom,bat-footer-payment-icons,bat-footer-social-nav,bat-footer-zonnic,bat-footer-zonnic-container,bat-footer-zonnic-copyright,bat-footer-zonnic-disclaimer,bat-footer-zonnic-label-page-breadcrumb,bat-footer-zonnic-logo,bat-footer-zonnic-logo-icon,bat-footer-zonnic-main,bat-footer-zonnic-nav,bat-footer-zonnic-nav-menu,bat-footer-zonnic-nav-menu-title,bat-footer-zonnic-submenu,bat-footer-zonnic-top,bat-form,bat-form-block,bat-form-block-text,bat-form-field,bat-form-field-set,bat-form-field-tip,bat-form-messages,bat-form-msg,bat-form-step,bat-header,bat-header-account,bat-header-account-icon-label,bat-header-account-icon-label-auth,bat-header-account-link,bat-header-account-menu,bat-header-content,bat-header-fixed-spacer,bat-header-logo,bat-header-menu,bat-header-menu-button,bat-header-nav,bat-header-promo,bat-header-promo-link,bat-header-stores,bat-header-stores-link,bat-header-support,bat-header-support-link,bat-header-top,bat-header-utils,bat-header-wrapper,bat-headline,bat-headline-style,bat-hero-zonnic,bat-icon,bat-image,bat-language,bat-location,bat-message,bat-message-text,bat-messagebar,bat-minicart,bat-minicart-basket-total,bat-minicart-count,bat-minicart-empty-content,bat-minicart-empty-headline,bat-minicart-empty-icon,bat-minicart-empty-message,bat-minicart-subtotal-label,bat-minicart-subtotal-value,bat-minicart-total-items,bat-minicart-wrapper,bat-modal,bat-modal-close,bat-modal-content,bat-navigation,bat-navigation-group,bat-navigation-group-list,bat-navigation-group-list-item,bat-navigation-group-list-item-link,bat-page,bat-section,bat-section-content,bat-section-content-style,bat-section-modal,bat-section-style,bat-storelocator,bat-text,bat-wrapper,breadcrumb-description,button-dark,button-secondary-dark,consent-block,container-fluid,cq-dd-paragraph,cta-hide,cta-label,cta-logged-in-user,cta-logged-out-user,cta-show,current-page,d-align-right,d-block,d-lg-block,d-lg-none,d-md-block,d-md-none,d-none,d-sm-block,d-sm-none,d-xl-block,d-xl-none,display-address,email-cant-verify,email-invalid,embedded-messaging,error-msg,existing-user,existing-user-close,fa-chevron-left,fa-chevron-right,fa-plus,field-note,full-width,gallery-steel-grey-gradient,global-components,headline1-large,headline1-light,headline2-color2,icon-center,icon-plus,icon-stores,login-error-message,login-success-message,lookup-field,m-align-left,mapbox-improve-map,mapboxgl-canary,mapboxgl-canvas,mapboxgl-canvas-container,mapboxgl-compact,mapboxgl-control-container,mapboxgl-ctrl,mapboxgl-ctrl-attrib,mapboxgl-ctrl-attrib-button,mapboxgl-ctrl-attrib-inner,mapboxgl-ctrl-bottom-left,mapboxgl-ctrl-bottom-right,mapboxgl-ctrl-geocoder,mapboxgl-ctrl-logo,mapboxgl-ctrl-top-left,mapboxgl-ctrl-top-right,mapboxgl-interactive,mapboxgl-map,mapboxgl-touch-drag-pan,mapboxgl-touch-zoom-rotate,margin-none,margin-small,margin-xsmall,menu-title,newsletter-headline,padding-bottom-large,padding-bottom-medium,padding-bottom-small,padding-left-large,padding-left-medium,padding-left-small,padding-left-xsmall,padding-right-large,padding-right-medium,padding-right-small,padding-right-xsmall,padding-top-large,padding-top-medium,padding-top-small,padding-top-xsmall,page-theme,radio-input,radio-set,same-as-top,select-wrapper,slick-active,slick-arrow,slick-current,slick-disabled,slick-dots,slick-dotted,slick-initialized,slick-list,slick-next,slick-prev,slick-slide,slick-slider,slick-track,submenu-content,suggestions-wrapper,to-login,toggle-visibility,user-invalid,what-is-zonnic,why-zonnic,your-address,your-details,zonnic-logo,zonnic-menu,zonnic-newsletter-modal
keep-zonnic-accessible|https://www.zonnic.ca/ca/fr/keep-zonnic-accessible|address-lookup-field,arrow-link-dark,at-element-marker,ava-nav-menu,background-cover,background-v-top,bat-agegate,bat-button,bat-card,bat-card-info,bat-carousel,bat-carousel-slides,bat-cmp-contentfragmentcollection,bat-cta,bat-cta-style,bat-email-verification,bat-faq-default,bat-footer-bottom,bat-footer-payment-icons,bat-footer-social-nav,bat-footer-zonnic,bat-footer-zonnic-container,bat-footer-zonnic-copyright,bat-footer-zonnic-disclaimer,bat-footer-zonnic-label-page-breadcrumb,bat-footer-zonnic-logo,bat-footer-zonnic-logo-icon,bat-footer-zonnic-main,bat-footer-zonnic-nav,bat-footer-zonnic-nav-menu,bat-footer-zonnic-nav-menu-title,bat-footer-zonnic-submenu,bat-footer-zonnic-top,bat-form,bat-form-block,bat-form-block-text,bat-form-field,bat-form-field-set,bat-form-field-tip,bat-form-messages,bat-form-msg,bat-form-step,bat-header,bat-header-account,bat-header-account-icon-label,bat-header-account-icon-label-auth,bat-header-account-link,bat-header-account-menu,bat-header-content,bat-header-fixed-spacer,bat-header-logo,bat-header-menu,bat-header-menu-button,bat-header-nav,bat-header-promo,bat-header-promo-link,bat-header-stores,bat-header-stores-link,bat-header-support,bat-header-support-link,bat-header-top,bat-header-utils,bat-header-wrapper,bat-headline,bat-headline-style,bat-hero-zonnic,bat-icon,bat-image,bat-language,bat-location,bat-message,bat-message-text,bat-messagebar,bat-minicart,bat-minicart-basket-total,bat-minicart-count,bat-minicart-empty-content,bat-minicart-empty-headline,bat-minicart-empty-icon,bat-minicart-empty-message,bat-minicart-subtotal-label,bat-minicart-subtotal-value,bat-minicart-total-items,bat-minicart-wrapper,bat-modal,bat-modal-close,bat-modal-content,bat-navigation,bat-navigation-group,bat-navigation-group-list,bat-navigation-group-list-item,bat-navigation-group-list-item-link,bat-page,bat-section,bat-section-content,bat-section-content-style,bat-section-modal,bat-section-style,bat-storelocator,bat-text,bat-wrapper,breadcrumb-description,button-dark,button-secondary-dark,card-carousel,consent-block,container-fluid,cq-dd-paragraph,cta-hide,cta-label,cta-logged-in-user,cta-logged-out-user,cta-show,current-page,d-align-right,d-block,d-lg-block,d-lg-none,d-md-block,d-md-none,d-none,d-sm-block,d-sm-none,d-xl-block,d-xl-none,display-address,embedded-messaging,error-msg,existing-user,existing-user-close,fa-chevron-left,fa-chevron-right,fa-plus,field-note,full-width,gallery-steel-grey-gradient,global-components,headline1-large,headline1-light,headline2-color2,icon-center,icon-plus,icon-stores,login-error-message,login-success-message,lookup-field,m-align-left,mapbox-improve-map,mapboxgl-canary,mapboxgl-canvas,mapboxgl-canvas-container,mapboxgl-compact,mapboxgl-control-container,mapboxgl-ctrl,mapboxgl-ctrl-attrib,mapboxgl-ctrl-attrib-button,mapboxgl-ctrl-attrib-inner,mapboxgl-ctrl-bottom-left,mapboxgl-ctrl-bottom-right,mapboxgl-ctrl-geocoder,mapboxgl-ctrl-logo,mapboxgl-ctrl-top-left,mapboxgl-ctrl-top-right,mapboxgl-interactive,mapboxgl-map,mapboxgl-touch-drag-pan,mapboxgl-touch-zoom-rotate,margin-none,margin-small,margin-xsmall,menu-title,newsletter-headline,newsletter-subheadline,padding-bottom-large,padding-bottom-medium,padding-bottom-small,padding-left-large,padding-left-medium,padding-left-small,padding-left-xsmall,padding-right-large,padding-right-medium,padding-right-small,padding-right-xsmall,padding-top-large,padding-top-medium,padding-top-small,padding-top-xsmall,page-theme,radio-input,radio-set,same-as-top,select-wrapper,slick-arrow,slick-initialized,slick-list,slick-next,slick-prev,slick-slider,slick-track,submenu-content,suggestions-wrapper,to-login,toggle-visibility,what-is-zonnic,why-zonnic,your-address,your-details,zonnic-logo,zonnic-menu,zonnic-newsletter-modal
my-account|https://www.zonnic.ca/ca/fr/my-account/request-password-reset|address-lookup-field,arrow-link-dark,at-element-marker,ava-nav-menu,background-cover,background-v-top,bat-agegate,bat-button,bat-card,bat-cta,bat-cta-style,bat-email-verification,bat-footer-bottom,bat-footer-payment-icons,bat-footer-social-nav,bat-footer-zonnic,bat-footer-zonnic-container,bat-footer-zonnic-copyright,bat-footer-zonnic-disclaimer,bat-footer-zonnic-label-page-breadcrumb,bat-footer-zonnic-logo,bat-footer-zonnic-logo-icon,bat-footer-zonnic-main,bat-footer-zonnic-nav,bat-footer-zonnic-nav-menu,bat-footer-zonnic-nav-menu-title,bat-footer-zonnic-submenu,bat-footer-zonnic-top,bat-form,bat-form-block,bat-form-block-text,bat-form-field,bat-form-field-set,bat-form-field-tip,bat-form-messages,bat-form-msg,bat-form-step,bat-header,bat-header-account,bat-header-account-icon-label,bat-header-account-icon-label-auth,bat-header-account-link,bat-header-account-menu,bat-header-content,bat-header-fixed-spacer,bat-header-logo,bat-header-menu,bat-header-menu-button,bat-header-nav,bat-header-promo,bat-header-promo-link,bat-header-stores,bat-header-stores-link,bat-header-support,bat-header-support-link,bat-header-top,bat-header-utils,bat-header-wrapper,bat-headline,bat-headline-style,bat-icon,bat-image,bat-language,bat-location,bat-message,bat-message-text,bat-messagebar,bat-minicart,bat-minicart-basket-total,bat-minicart-count,bat-minicart-empty-content,bat-minicart-empty-headline,bat-minicart-empty-icon,bat-minicart-empty-message,bat-minicart-subtotal-label,bat-minicart-subtotal-value,bat-minicart-total-items,bat-minicart-wrapper,bat-modal,bat-modal-close,bat-modal-content,bat-navigation,bat-navigation-group,bat-navigation-group-list,bat-navigation-group-list-item,bat-navigation-group-list-item-link,bat-page,bat-section,bat-section-content,bat-section-content-style,bat-section-modal,bat-section-style,bat-text,bat-wrapper,breadcrumb-description,button-dark,button-secondary-dark,check-email,consent-block,container-fluid,cq-dd-paragraph,cta-hide,cta-label,cta-logged-in-user,cta-logged-out-user,cta-show,current-page,d-align-right,d-block,d-lg-block,d-md-block,d-none,d-sm-block,d-xl-block,display-address,embedded-messaging,equal-height-cards,error-msg,existing-user,existing-user-close,field-note,full-width,gallery-steel-grey-gradient,global-components,headline2-color2,headline6-color1,icon-plus,login-error-message,login-success-message,lookup-field,m-align-left,margin-none,margin-small,menu-title,newsletter-headline,newsletter-subheadline,padding-bottom-medium,padding-bottom-small,padding-left-medium,padding-left-small,padding-right-medium,padding-right-small,padding-top-large,padding-top-medium,page-theme,radio-input,radio-set,same-as-top,select-wrapper,submenu-content,to-login,toggle-visibility,what-is-zonnic,why-zonnic,your-address,your-details,zonnic-logo,zonnic-menu,zonnic-newsletter-modal
my-account|https://www.zonnic.ca/ca/en/my-account|arrow-link-dark,at-close-popup-button,at-element-marker,at-popup-cta,at-popup-cta-text,at-popup-disclaimer,at-popup-image,at-popup-modal,at-popup-modal-dialog,at-popup-subtitle,at-popup-title,ava-nav-menu,background-cover,background-v-top,bat-agegate,bat-button,bat-card,bat-carousel,bat-carousel-slides,bat-cta,bat-cta-style,bat-email-verification,bat-footer-bottom,bat-footer-payment-icons,bat-footer-social-nav,bat-footer-zonnic,bat-footer-zonnic-container,bat-footer-zonnic-copyright,bat-footer-zonnic-disclaimer,bat-footer-zonnic-label-page-breadcrumb,bat-footer-zonnic-logo,bat-footer-zonnic-logo-icon,bat-footer-zonnic-main,bat-footer-zonnic-nav,bat-footer-zonnic-nav-menu,bat-footer-zonnic-nav-menu-title,bat-footer-zonnic-submenu,bat-footer-zonnic-top,bat-form,bat-header,bat-header-account,bat-header-account-icon-label,bat-header-account-icon-label-auth,bat-header-account-link,bat-header-account-menu,bat-header-content,bat-header-fixed-spacer,bat-header-logo,bat-header-menu,bat-header-menu-button,bat-header-nav,bat-header-promo,bat-header-promo-link,bat-header-stores,bat-header-stores-link,bat-header-support,bat-header-support-link,bat-header-top,bat-header-utils,bat-header-wrapper,bat-headline,bat-headline-style,bat-hero-zonnic,bat-icon,bat-image,bat-language,bat-location,bat-messagebar,bat-minicart,bat-minicart-basket-total,bat-minicart-count,bat-minicart-empty-content,bat-minicart-empty-headline,bat-minicart-empty-icon,bat-minicart-empty-message,bat-minicart-subtotal-label,bat-minicart-subtotal-value,bat-minicart-total-items,bat-minicart-wrapper,bat-modal,bat-modal-close,bat-modal-content,bat-navigation,bat-navigation-group,bat-navigation-group-list,bat-navigation-group-list-item,bat-navigation-group-list-item-link,bat-page,bat-section,bat-section-content,bat-section-content-style,bat-section-modal,bat-section-style,bat-text,bat-wrapper,breadcrumb-description,button-dark,button-secondary-dark,card-masthead-product,cmp-experiencefragment,container-fluid,cq-dd-paragraph,cta-hide,cta-label,cta-logged-in-user,cta-logged-out-user,cta-show,current-page,d-align-right,d-block,d-lg-block,d-lg-none,d-md-block,d-md-none,d-none,d-sm-block,d-sm-none,d-xl-block,d-xl-none,embedded-messaging,fa-chevron-left,fa-chevron-right,full-width,gallery-steel-grey-gradient,global-components,headline2-color2,icon-plus,m-align-left,margin-none,margin-small,margin-xsmall,meet-zonnic-cards,menu-title,newsletter-headline,padding-bottom-large,padding-bottom-medium,padding-bottom-small,padding-bottom-xsmall,padding-left-large,padding-left-medium,padding-left-small,padding-left-xsmall,padding-right-large,padding-right-medium,padding-right-small,padding-right-xsmall,padding-top-large,padding-top-medium,padding-top-small,padding-top-xsmall,page-theme,product-carousel,radio-input,radio-set,rte-temp,same-as-top,select-wrapper,slick-active,slick-arrow,slick-cloned,slick-current,slick-disabled,slick-dots,slick-dotted,slick-hidden,slick-initialized,slick-list,slick-next,slick-prev,slick-slide,slick-slider,slick-track,submenu-content,what-is-zonnic,why-zonnic,xf-content-height,zonnic-logo,zonnic-menu,zonnic-newsletter-modal
my-account|https://www.zonnic.ca/ca/fr/my-account/marketing-preferences|at-close-popup-button,at-element-marker,at-popup-cta,at-popup-cta-text,at-popup-disclaimer,at-popup-image,at-popup-modal,at-popup-modal-dialog,at-popup-subtitle,at-popup-title,background-cover,background-v-top,bat-page,bat-wrapper,card-masthead-product,cmp-experiencefragment,cq-dd-paragraph,cta-logged-in-user,cta-logged-out-user,d-align-right,embedded-messaging,full-width,gallery-steel-grey-gradient,global-components,hide-nb,hide-qc,m-align-left,meet-zonnic-cards,newsletter-headline,newsletter-subheadline,padding-top-xsmall,page-theme,xf-content-height,zonnic-logo,zonnic-newsletter-modal
my-account|https://www.zonnic.ca/ca/en/my-account/request-password-reset|address-lookup-field,arrow-link-dark,at-element-marker,ava-nav-menu,background-cover,background-v-top,bat-agegate,bat-button,bat-card,bat-cta,bat-cta-style,bat-email-verification,bat-footer-bottom,bat-footer-payment-icons,bat-footer-social-nav,bat-footer-zonnic,bat-footer-zonnic-container,bat-footer-zonnic-copyright,bat-footer-zonnic-disclaimer,bat-footer-zonnic-label-page-breadcrumb,bat-footer-zonnic-logo,bat-footer-zonnic-logo-icon,bat-footer-zonnic-main,bat-footer-zonnic-nav,bat-footer-zonnic-nav-menu,bat-footer-zonnic-nav-menu-title,bat-footer-zonnic-submenu,bat-footer-zonnic-top,bat-form,bat-form-block,bat-form-block-text,bat-form-field,bat-form-field-set,bat-form-field-tip,bat-form-messages,bat-form-msg,bat-form-step,bat-header,bat-header-account,bat-header-account-icon-label,bat-header-account-icon-label-auth,bat-header-account-link,bat-header-account-menu,bat-header-content,bat-header-fixed-spacer,bat-header-logo,bat-header-menu,bat-header-menu-button,bat-header-nav,bat-header-promo,bat-header-promo-link,bat-header-stores,bat-header-stores-link,bat-header-support,bat-header-support-link,bat-header-top,bat-header-utils,bat-header-wrapper,bat-headline,bat-headline-style,bat-icon,bat-image,bat-language,bat-location,bat-message,bat-message-text,bat-messagebar,bat-minicart,bat-minicart-basket-total,bat-minicart-count,bat-minicart-empty-content,bat-minicart-empty-headline,bat-minicart-empty-icon,bat-minicart-empty-message,bat-minicart-subtotal-label,bat-minicart-subtotal-value,bat-minicart-total-items,bat-minicart-wrapper,bat-modal,bat-modal-close,bat-modal-content,bat-navigation,bat-navigation-group,bat-navigation-group-list,bat-navigation-group-list-item,bat-navigation-group-list-item-link,bat-page,bat-section,bat-section-content,bat-section-content-style,bat-section-modal,bat-section-style,bat-text,bat-wrapper,breadcrumb-description,button-dark,button-secondary-dark,check-email,consent-block,container-fluid,cq-dd-paragraph,cta-hide,cta-label,cta-logged-in-user,cta-logged-out-user,cta-show,current-page,d-align-right,d-block,d-lg-block,d-lg-none,d-md-block,d-md-none,d-none,d-sm-block,d-sm-none,d-xl-block,d-xl-none,display-address,email-cant-verify,email-invalid,embedded-messaging,equal-height-cards,error-msg,existing-user,existing-user-close,field-note,full-width,gallery-steel-grey-gradient,global-components,headline2-color2,headline6-color1,icon-plus,login-error-message,login-success-message,lookup-field,m-align-left,margin-none,margin-small,menu-title,newsletter-headline,padding-bottom-medium,padding-bottom-small,padding-left-medium,padding-left-small,padding-right-medium,padding-right-small,padding-top-large,padding-top-medium,page-theme,radio-input,radio-set,same-as-top,select-wrapper,submenu-content,to-login,toggle-visibility,user-invalid,what-is-zonnic,why-zonnic,your-address,your-details,zonnic-logo,zonnic-menu,zonnic-newsletter-modal
my-account|https://www.zonnic.ca/ca/en/my-account/marketing-preferences|at-element-marker,ava-nav-menu,background-cover,background-v-top,bat-agegate,bat-button,bat-cta,bat-cta-style,bat-email-verification,bat-footer-bottom,bat-footer-payment-icons,bat-footer-social-nav,bat-footer-zonnic,bat-footer-zonnic-container,bat-footer-zonnic-copyright,bat-footer-zonnic-disclaimer,bat-footer-zonnic-label-page-breadcrumb,bat-footer-zonnic-logo,bat-footer-zonnic-logo-icon,bat-footer-zonnic-main,bat-footer-zonnic-nav,bat-footer-zonnic-nav-menu,bat-footer-zonnic-nav-menu-title,bat-footer-zonnic-submenu,bat-footer-zonnic-top,bat-form,bat-header,bat-header-account,bat-header-account-icon-label,bat-header-account-icon-label-auth,bat-header-account-link,bat-header-account-menu,bat-header-content,bat-header-fixed-spacer,bat-header-logo,bat-header-menu,bat-header-menu-button,bat-header-nav,bat-header-promo,bat-header-promo-link,bat-header-stores,bat-header-stores-link,bat-header-support,bat-header-support-link,bat-header-top,bat-header-utils,bat-header-wrapper,bat-headline,bat-headline-style,bat-icon,bat-image,bat-language,bat-location,bat-messagebar,bat-minicart,bat-minicart-basket-total,bat-minicart-count,bat-minicart-empty-content,bat-minicart-empty-headline,bat-minicart-empty-icon,bat-minicart-empty-message,bat-minicart-subtotal-label,bat-minicart-subtotal-value,bat-minicart-total-items,bat-minicart-wrapper,bat-modal,bat-modal-close,bat-modal-content,bat-navigation,bat-navigation-group,bat-navigation-group-list,bat-navigation-group-list-item,bat-navigation-group-list-item-link,bat-page,bat-section,bat-section-content,bat-section-content-style,bat-section-modal,bat-section-style,bat-text,bat-wrapper,breadcrumb-description,button-dark,button-secondary-dark,container-fluid,cq-dd-paragraph,cta-hide,cta-label,cta-logged-in-user,cta-logged-out-user,cta-show,current-page,d-align-right,d-block,d-lg-block,d-lg-none,d-md-block,d-md-none,d-none,d-sm-block,d-sm-none,d-xl-block,d-xl-none,embedded-messaging,full-width,gallery-steel-grey-gradient,global-components,icon-plus,m-align-left,margin-none,margin-small,menu-title,newsletter-headline,padding-bottom-large,padding-bottom-medium,padding-left-large,padding-left-medium,padding-left-small,padding-right-large,padding-right-medium,padding-right-small,padding-top-large,padding-top-medium,page-theme,radio-input,radio-set,select-wrapper,submenu-content,what-is-zonnic,why-zonnic,zonnic-logo,zonnic-menu,zonnic-newsletter-modal
my-account|https://www.zonnic.ca/ca/fr/my-account|arrow-link-dark,at-close-popup-button,at-element-marker,at-popup-cta,at-popup-cta-text,at-popup-disclaimer,at-popup-image,at-popup-modal,at-popup-modal-dialog,at-popup-subtitle,at-popup-title,ava-nav-menu,background-cover,background-v-top,bat-agegate,bat-button,bat-card,bat-carousel,bat-carousel-slides,bat-cta,bat-cta-style,bat-email-verification,bat-footer-bottom,bat-footer-payment-icons,bat-footer-social-nav,bat-footer-zonnic,bat-footer-zonnic-container,bat-footer-zonnic-copyright,bat-footer-zonnic-disclaimer,bat-footer-zonnic-label-page-breadcrumb,bat-footer-zonnic-logo,bat-footer-zonnic-logo-icon,bat-footer-zonnic-main,bat-footer-zonnic-nav,bat-footer-zonnic-nav-menu,bat-footer-zonnic-nav-menu-title,bat-footer-zonnic-submenu,bat-footer-zonnic-top,bat-form,bat-header,bat-header-account,bat-header-account-icon-label,bat-header-account-icon-label-auth,bat-header-account-link,bat-header-account-menu,bat-header-content,bat-header-fixed-spacer,bat-header-logo,bat-header-menu,bat-header-menu-button,bat-header-nav,bat-header-promo,bat-header-promo-link,bat-header-stores,bat-header-stores-link,bat-header-support,bat-header-support-link,bat-header-top,bat-header-utils,bat-header-wrapper,bat-headline,bat-headline-style,bat-hero-zonnic,bat-icon,bat-image,bat-language,bat-location,bat-messagebar,bat-minicart,bat-minicart-basket-total,bat-minicart-count,bat-minicart-empty-content,bat-minicart-empty-headline,bat-minicart-empty-icon,bat-minicart-empty-message,bat-minicart-subtotal-label,bat-minicart-subtotal-value,bat-minicart-total-items,bat-minicart-wrapper,bat-modal,bat-modal-close,bat-modal-content,bat-navigation,bat-navigation-group,bat-navigation-group-list,bat-navigation-group-list-item,bat-navigation-group-list-item-link,bat-page,bat-section,bat-section-content,bat-section-content-style,bat-section-modal,bat-section-style,bat-text,bat-wrapper,breadcrumb-description,button-dark,button-secondary-dark,card-masthead-product,cmp-experiencefragment,container-fluid,cq-dd-paragraph,cta-hide,cta-label,cta-logged-in-user,cta-logged-out-user,cta-show,current-page,d-align-right,d-block,d-lg-block,d-lg-none,d-md-block,d-md-none,d-none,d-sm-block,d-sm-none,d-xl-block,d-xl-none,embedded-messaging,fa-chevron-left,fa-chevron-right,full-width,gallery-steel-grey-gradient,global-components,headline2-color2,hide-nb,hide-qc,icon-plus,lg-margin-none,m-align-left,margin-none,margin-small,margin-xsmall,md-margin-none,meet-zonnic-cards,menu-title,newsletter-headline,newsletter-subheadline,padding-bottom-large,padding-bottom-medium,padding-bottom-small,padding-bottom-xsmall,padding-left-large,padding-left-medium,padding-left-small,padding-right-large,padding-right-medium,padding-right-small,padding-top-large,padding-top-medium,padding-top-small,padding-top-xsmall,page-theme,product-carousel,radio-input,radio-set,same-as-top,select-wrapper,slick-active,slick-arrow,slick-cloned,slick-current,slick-disabled,slick-dots,slick-dotted,slick-hidden,slick-initialized,slick-list,slick-next,slick-prev,slick-slide,slick-slider,slick-track,sm-margin-none,submenu-content,what-is-zonnic,why-zonnic,xf-content-height,xl-margin-none,xs-margin-none,zonnic-logo,zonnic-menu,zonnic-newsletter-modal
newsletter|https://www.zonnic.ca/ca/en/newsletter|address-lookup-field,arrow-link-dark,at-element-marker,ava-nav-menu,background-cover,background-v-top,bat-agegate,bat-button,bat-cta-style,bat-email-verification,bat-footer-bottom,bat-footer-payment-icons,bat-footer-social-nav,bat-footer-zonnic,bat-footer-zonnic-container,bat-footer-zonnic-copyright,bat-footer-zonnic-disclaimer,bat-footer-zonnic-label-page-breadcrumb,bat-footer-zonnic-logo,bat-footer-zonnic-logo-icon,bat-footer-zonnic-main,bat-footer-zonnic-nav,bat-footer-zonnic-nav-menu,bat-footer-zonnic-nav-menu-title,bat-footer-zonnic-submenu,bat-footer-zonnic-top,bat-form,bat-form-block,bat-form-block-text,bat-form-field,bat-form-field-set,bat-form-field-tip,bat-form-messages,bat-form-msg,bat-form-step,bat-header,bat-header-account,bat-header-account-icon-label,bat-header-account-icon-label-auth,bat-header-account-link,bat-header-account-menu,bat-header-content,bat-header-fixed-spacer,bat-header-logo,bat-header-menu,bat-header-menu-button,bat-header-nav,bat-header-promo,bat-header-promo-link,bat-header-stores,bat-header-stores-link,bat-header-support,bat-header-support-link,bat-header-top,bat-header-utils,bat-header-wrapper,bat-headline,bat-headline-style,bat-icon,bat-image,bat-language,bat-location,bat-message,bat-message-text,bat-minicart,bat-minicart-basket-total,bat-minicart-count,bat-minicart-empty-content,bat-minicart-empty-headline,bat-minicart-empty-icon,bat-minicart-empty-message,bat-minicart-subtotal-label,bat-minicart-subtotal-value,bat-minicart-total-items,bat-minicart-wrapper,bat-modal,bat-modal-close,bat-modal-content,bat-navigation,bat-navigation-group,bat-navigation-group-list,bat-navigation-group-list-item,bat-navigation-group-list-item-link,bat-page,bat-section,bat-section-content,bat-section-content-style,bat-section-modal,bat-section-style,bat-text,bat-wrapper,breadcrumb-description,button-dark,button-secondary-dark,consent-block,container-fluid,cq-dd-paragraph,cta-label,current-page,d-block,d-lg-block,d-lg-none,d-md-block,d-md-none,d-none,d-sm-block,d-sm-none,d-xl-block,d-xl-none,display-address,email-cant-verify,email-invalid,embedded-messaging,error-msg,existing-user,existing-user-close,field-note,full-width,gallery-steel-grey-gradient,global-components,headline3-light,icon-plus,login-error-message,login-success-message,lookup-field,margin-none,margin-small,menu-title,newsletter-headline,newsletter-subheadline,padding-bottom-medium,padding-left-medium,padding-left-small,padding-left-xlarge,padding-right-medium,padding-right-small,padding-right-xlarge,padding-top-medium,page-theme,radio-input,radio-set,select-wrapper,submenu-content,to-login,toggle-visibility,user-invalid,what-is-zonnic,why-zonnic,your-address,your-details,zonnic-logo,zonnic-menu
newsletter|https://www.zonnic.ca/ca/fr/newsletter|address-lookup-field,arrow-link-dark,at-element-marker,ava-nav-menu,background-cover,background-v-top,bat-agegate,bat-button,bat-cta-style,bat-email-verification,bat-footer-bottom,bat-footer-payment-icons,bat-footer-social-nav,bat-footer-zonnic,bat-footer-zonnic-container,bat-footer-zonnic-copyright,bat-footer-zonnic-disclaimer,bat-footer-zonnic-label-page-breadcrumb,bat-footer-zonnic-logo,bat-footer-zonnic-logo-icon,bat-footer-zonnic-main,bat-footer-zonnic-nav,bat-footer-zonnic-nav-menu,bat-footer-zonnic-nav-menu-title,bat-footer-zonnic-submenu,bat-footer-zonnic-top,bat-form,bat-form-block,bat-form-block-text,bat-form-field,bat-form-field-set,bat-form-field-tip,bat-form-messages,bat-form-msg,bat-form-step,bat-header,bat-header-account,bat-header-account-icon-label,bat-header-account-icon-label-auth,bat-header-account-link,bat-header-account-menu,bat-header-content,bat-header-fixed-spacer,bat-header-logo,bat-header-menu,bat-header-menu-button,bat-header-nav,bat-header-promo,bat-header-promo-link,bat-header-stores,bat-header-stores-link,bat-header-support,bat-header-support-link,bat-header-top,bat-header-utils,bat-header-wrapper,bat-headline,bat-headline-style,bat-icon,bat-image,bat-language,bat-location,bat-message,bat-message-text,bat-minicart,bat-minicart-basket-total,bat-minicart-count,bat-minicart-empty-content,bat-minicart-empty-headline,bat-minicart-empty-icon,bat-minicart-empty-message,bat-minicart-subtotal-label,bat-minicart-subtotal-value,bat-minicart-total-items,bat-minicart-wrapper,bat-modal,bat-modal-close,bat-modal-content,bat-navigation,bat-navigation-group,bat-navigation-group-list,bat-navigation-group-list-item,bat-navigation-group-list-item-link,bat-page,bat-section,bat-section-content,bat-section-content-style,bat-section-modal,bat-section-style,bat-text,bat-wrapper,breadcrumb-description,button-dark,button-secondary-dark,consent-block,container-fluid,cq-dd-paragraph,cta-label,current-page,d-block,d-lg-block,d-lg-none,d-md-block,d-md-none,d-none,d-sm-block,d-sm-none,d-xl-block,d-xl-none,display-address,embedded-messaging,error-msg,existing-user,existing-user-close,field-note,full-width,gallery-steel-grey-gradient,global-components,headline3-light,icon-plus,login-error-message,login-success-message,lookup-field,margin-none,margin-small,menu-title,newsletter-headline,newsletter-subheadline,padding-bottom-medium,padding-bottom-small,padding-left-medium,padding-left-small,padding-left-xlarge,padding-right-medium,padding-right-small,padding-right-xlarge,padding-top-medium,padding-top-small,page-theme,radio-input,radio-set,select-wrapper,submenu-content,to-login,toggle-visibility,what-is-zonnic,why-zonnic,your-address,your-details,zonnic-logo,zonnic-menu
newsletter1|https://www.zonnic.ca/ca/en/newsletter1|at-element-marker,ava-nav-menu,bat-button,bat-button-close-step,bat-footer-bottom,bat-footer-payment-icons,bat-footer-social-nav,bat-footer-zonnic,bat-footer-zonnic-container,bat-footer-zonnic-copyright,bat-footer-zonnic-disclaimer,bat-footer-zonnic-label-page-breadcrumb,bat-footer-zonnic-logo,bat-footer-zonnic-logo-icon,bat-footer-zonnic-main,bat-footer-zonnic-nav,bat-footer-zonnic-nav-menu,bat-footer-zonnic-nav-menu-title,bat-footer-zonnic-submenu,bat-footer-zonnic-top,bat-form,bat-form-block,bat-form-block-text,bat-form-field,bat-form-field-tip,bat-form-heading,bat-form-messages,bat-form-msg,bat-form-step,bat-form-text,bat-headline,bat-headline-style,bat-icon,bat-image,bat-message,bat-message-text,bat-page,bat-section,bat-section-content,bat-section-content-style,bat-section-style,bat-wrapper,bg-chill-mint-green-gradient,bg-white,breadcrumb-description,consent-block,consent-text,container-fluid,cq-dd-paragraph,current-page,d-block,d-lg-block,d-lg-none,d-md-block,d-md-none,d-none,d-sm-block,d-sm-none,d-xl-block,d-xl-none,dark-gray,embedded-messaging,error-msg,floating-label,full-width,headline3-light,icon-plus,margin-none,margin-small,margin-top-small,menu-title,newsletter-disclaimer,newsletter-headline,padding-bottom-medium,padding-left-xlarge,padding-right-xlarge,padding-top-medium,page-theme,select-wrapper,submenu-content,zonnic-logo
pouches|https://www.zonnic.ca/ca/en/pouches/zonnic-mint-24-nicotine-pouches|add-to-cart,address-lookup-field,arrow-link-dark,at-element-marker,ava-nav-menu,background-cover,background-v-top,bat-agegate,bat-button,bat-card,bat-card-info,bat-carousel,bat-carousel-slides,bat-cmp-contentfragmentcollection,bat-cta,bat-cta-style,bat-email-verification,bat-faq-default,bat-footer-bottom,bat-footer-payment-icons,bat-footer-social-nav,bat-footer-zonnic,bat-footer-zonnic-container,bat-footer-zonnic-copyright,bat-footer-zonnic-disclaimer,bat-footer-zonnic-label-page-breadcrumb,bat-footer-zonnic-logo,bat-footer-zonnic-logo-icon,bat-footer-zonnic-main,bat-footer-zonnic-nav,bat-footer-zonnic-nav-menu,bat-footer-zonnic-nav-menu-title,bat-footer-zonnic-submenu,bat-footer-zonnic-top,bat-form,bat-form-block,bat-form-block-text,bat-form-field,bat-form-field-set,bat-form-field-tip,bat-form-messages,bat-form-msg,bat-form-step,bat-header,bat-header-account,bat-header-account-icon-label,bat-header-account-icon-label-auth,bat-header-account-link,bat-header-account-menu,bat-header-content,bat-header-fixed-spacer,bat-header-logo,bat-header-menu,bat-header-menu-button,bat-header-nav,bat-header-promo,bat-header-promo-link,bat-header-stores,bat-header-stores-link,bat-header-support,bat-header-support-link,bat-header-top,bat-header-utils,bat-header-wrapper,bat-headline,bat-headline-style,bat-hero-zonnic,bat-icon,bat-image,bat-language,bat-location,bat-message,bat-message-text,bat-messagebar,bat-minicart,bat-minicart-basket-total,bat-minicart-count,bat-minicart-empty-content,bat-minicart-empty-headline,bat-minicart-empty-icon,bat-minicart-empty-message,bat-minicart-subtotal-label,bat-minicart-subtotal-value,bat-minicart-total-items,bat-minicart-wrapper,bat-modal,bat-modal-close,bat-modal-content,bat-navigation,bat-navigation-group,bat-navigation-group-list,bat-navigation-group-list-item,bat-navigation-group-list-item-link,bat-page,bat-producthero,bat-productstickybar,bat-section,bat-section-content,bat-section-content-style,bat-section-modal,bat-section-style,bat-text,bat-wrapper,breadcrumb-description,button-dark,button-secondary-dark,card-masthead-product,cmp-experiencefragment,consent-block,container-fluid,cq-dd-paragraph,cta-hide,cta-label,cta-logged-in-user,cta-logged-out-user,cta-show,current-page,d-align-right,d-block,d-lg-block,d-lg-none,d-md-block,d-md-none,d-none,d-sm-block,d-sm-none,d-xl-block,d-xl-none,display-address,email-cant-verify,email-invalid,embedded-messaging,error-msg,existing-user,existing-user-close,fa-chevron-left,fa-chevron-right,fa-plus,felix-logo-svg,field-note,full-width,gallery-steel-grey-gradient,global-components,headline1-large,hide-nb,hide-qc,icon-center,icon-plus,less-link,login-error-message,login-success-message,lookup-field,m-align-left,margin-none,margin-small,margin-xsmall,meet-zonnic-cards,menu-title,more-link,newsletter-headline,padding-bottom-large,padding-bottom-medium,padding-bottom-small,padding-bottom-xsmall,padding-left-large,padding-left-medium,padding-left-small,padding-right-large,padding-right-medium,padding-right-small,padding-top-large,padding-top-medium,padding-top-small,padding-top-xsmall,page-theme,product-carousel,producthero-content,producthero-content-ctas,producthero-content-name,producthero-description,producthero-gallery,producthero-gallery-images,producthero-gallery-thumbs,producthero-readmore,radio-input,radio-set,select-wrapper,slick-active,slick-arrow,slick-current,slick-hidden,slick-initialized,slick-list,slick-next,slick-prev,slick-slide,slick-slider,slick-track,submenu-content,to-login,toggle-visibility,user-invalid,what-is-zonnic,why-zonnic,xf-content-height,your-address,your-details,zonnic-banner-force-mobile,zonnic-brand-bold,zonnic-felix-logo,zonnic-logo,zonnic-menu,zonnic-newsletter-modal,zonnic-number-icon,zonnic-step,zonnic-step-text,zonnic-steps-wrapper,zonnic-svg-text,zonnic-title-row,zonnic-title-text
pouches|https://www.zonnic.ca/ca/en/pouches|address-lookup-field,arrow-icon-svg,arrow-link-dark,at-element-marker,ava-nav-menu,background-cover,background-v-top,banner-content-group,banner-link-group,bat-agegate,bat-button,bat-cta,bat-cta-style,bat-ctas,bat-email-verification,bat-footer-bottom,bat-footer-payment-icons,bat-footer-social-nav,bat-footer-zonnic,bat-footer-zonnic-container,bat-footer-zonnic-copyright,bat-footer-zonnic-disclaimer,bat-footer-zonnic-label-page-breadcrumb,bat-footer-zonnic-logo,bat-footer-zonnic-logo-icon,bat-footer-zonnic-main,bat-footer-zonnic-nav,bat-footer-zonnic-nav-menu,bat-footer-zonnic-nav-menu-title,bat-footer-zonnic-submenu,bat-footer-zonnic-top,bat-form,bat-form-block,bat-form-block-text,bat-form-field,bat-form-field-set,bat-form-field-tip,bat-form-messages,bat-form-msg,bat-form-step,bat-header,bat-header-account,bat-header-account-icon-label,bat-header-account-icon-label-auth,bat-header-account-link,bat-header-account-menu,bat-header-content,bat-header-fixed-spacer,bat-header-logo,bat-header-menu,bat-header-menu-button,bat-header-nav,bat-header-promo,bat-header-promo-link,bat-header-stores,bat-header-stores-link,bat-header-support,bat-header-support-link,bat-header-top,bat-header-utils,bat-header-wrapper,bat-headline,bat-headline-style,bat-hero-zonnic,bat-icon,bat-image,bat-language,bat-location,bat-message,bat-message-text,bat-messagebar,bat-minicart,bat-minicart-basket-total,bat-minicart-count,bat-minicart-empty-content,bat-minicart-empty-headline,bat-minicart-empty-icon,bat-minicart-empty-message,bat-minicart-subtotal-label,bat-minicart-subtotal-value,bat-minicart-total-items,bat-minicart-wrapper,bat-modal,bat-modal-close,bat-modal-content,bat-navigation,bat-navigation-group,bat-navigation-group-list,bat-navigation-group-list-item,bat-navigation-group-list-item-link,bat-page,bat-productcard,bat-productcard-content,bat-productcard-controls,bat-productcard-image,bat-productcard-text,bat-productcard-text-description,bat-productcard-text-name,bat-section,bat-section-content,bat-section-content-style,bat-section-modal,bat-section-style,bat-text,bat-wrapper,breadcrumb-description,button-dark,button-secondary-dark,consent-block,container-fluid,cq-dd-paragraph,cta-hide,cta-label,cta-logged-in-user,cta-logged-out-user,cta-show,current-page,d-align-right,d-block,d-lg-block,d-lg-none,d-md-block,d-md-none,d-none,d-sm-block,d-sm-none,d-xl-block,d-xl-none,display-address,email-cant-verify,email-invalid,embedded-messaging,error-msg,existing-user,existing-user-close,felix-logo-svg,field-note,full-width,gallery-steel-grey-gradient,global-components,headline1-large,icon-plus,login-error-message,login-success-message,lookup-field,m-align-left,margin-none,margin-small,menu-title,newsletter-headline,padding-bottom-large,padding-bottom-medium,padding-bottom-small,padding-left-large,padding-left-medium,padding-left-small,padding-right-large,padding-right-medium,padding-right-small,padding-top-large,padding-top-medium,padding-top-xsmall,page-theme,radio-input,radio-set,same-as-top,select-wrapper,submenu-content,to-login,toggle-visibility,user-invalid,what-is-zonnic,why-zonnic,your-address,your-details,zonnic-banner-container,zonnic-brand-bold,zonnic-felix-logo,zonnic-highlight,zonnic-logo,zonnic-menu,zonnic-newsletter-modal,zonnic-number-icon,zonnic-step,zonnic-step-text,zonnic-steps-wrapper,zonnic-svg-text,zonnic-title-row,zonnic-title-text
pouches|https://www.zonnic.ca/ca/fr/pouches/zonnic-mint-24-nicotine-pouches|add-to-cart,address-lookup-field,arrow-link-dark,at-element-marker,ava-nav-menu,background-cover,background-v-top,bat-agegate,bat-button,bat-card,bat-card-info,bat-carousel,bat-carousel-slides,bat-cmp-contentfragmentcollection,bat-cta,bat-cta-style,bat-email-verification,bat-faq-default,bat-footer-bottom,bat-footer-payment-icons,bat-footer-social-nav,bat-footer-zonnic,bat-footer-zonnic-container,bat-footer-zonnic-copyright,bat-footer-zonnic-disclaimer,bat-footer-zonnic-label-page-breadcrumb,bat-footer-zonnic-logo,bat-footer-zonnic-logo-icon,bat-footer-zonnic-main,bat-footer-zonnic-nav,bat-footer-zonnic-nav-menu,bat-footer-zonnic-nav-menu-title,bat-footer-zonnic-submenu,bat-footer-zonnic-top,bat-form,bat-form-block,bat-form-block-text,bat-form-field,bat-form-field-set,bat-form-field-tip,bat-form-messages,bat-form-msg,bat-form-step,bat-header,bat-header-account,bat-header-account-icon-label,bat-header-account-icon-label-auth,bat-header-account-link,bat-header-account-menu,bat-header-content,bat-header-fixed-spacer,bat-header-logo,bat-header-menu,bat-header-menu-button,bat-header-nav,bat-header-promo,bat-header-promo-link,bat-header-stores,bat-header-stores-link,bat-header-support,bat-header-support-link,bat-header-top,bat-header-utils,bat-header-wrapper,bat-headline,bat-headline-style,bat-hero-zonnic,bat-icon,bat-image,bat-language,bat-location,bat-message,bat-message-text,bat-messagebar,bat-minicart,bat-minicart-basket-total,bat-minicart-count,bat-minicart-empty-content,bat-minicart-empty-headline,bat-minicart-empty-icon,bat-minicart-empty-message,bat-minicart-subtotal-label,bat-minicart-subtotal-value,bat-minicart-total-items,bat-minicart-wrapper,bat-modal,bat-modal-close,bat-modal-content,bat-navigation,bat-navigation-group,bat-navigation-group-list,bat-navigation-group-list-item,bat-navigation-group-list-item-link,bat-page,bat-producthero,bat-productstickybar,bat-section,bat-section-content,bat-section-content-style,bat-section-modal,bat-section-style,bat-text,bat-wrapper,breadcrumb-description,button-dark,button-secondary-dark,card-masthead-product,cmp-experiencefragment,consent-block,container-fluid,cq-dd-paragraph,cta-hide,cta-label,cta-logged-in-user,cta-logged-out-user,cta-show,current-page,d-align-right,d-block,d-lg-block,d-lg-none,d-md-block,d-md-none,d-none,d-sm-block,d-sm-none,d-xl-block,d-xl-none,display-address,embedded-messaging,error-msg,existing-user,existing-user-close,fa-chevron-left,fa-chevron-right,fa-plus,felix-logo-svg,field-note,full-width,gallery-steel-grey-gradient,global-components,headline1-large,hide-nb,hide-qc,icon-center,icon-plus,less-link,login-error-message,login-success-message,lookup-field,m-align-left,margin-none,margin-small,margin-xsmall,meet-zonnic-cards,menu-title,more-link,newsletter-headline,newsletter-subheadline,padding-bottom-large,padding-bottom-medium,padding-bottom-small,padding-bottom-xsmall,padding-left-large,padding-left-medium,padding-left-small,padding-right-large,padding-right-medium,padding-right-small,padding-top-large,padding-top-medium,padding-top-small,padding-top-xsmall,page-theme,product-carousel,producthero-content,producthero-content-ctas,producthero-content-name,producthero-description,producthero-gallery,producthero-gallery-images,producthero-gallery-thumbs,producthero-readmore,radio-input,radio-set,rte-temp,select-wrapper,slick-active,slick-arrow,slick-current,slick-hidden,slick-initialized,slick-list,slick-next,slick-prev,slick-slide,slick-slider,slick-track,submenu-content,to-login,toggle-visibility,what-is-zonnic,why-zonnic,xf-content-height,your-address,your-details,zonnic-banner-force-mobile,zonnic-brand-bold,zonnic-felix-logo,zonnic-logo,zonnic-menu,zonnic-newsletter-modal,zonnic-number-icon,zonnic-step,zonnic-step-text,zonnic-steps-wrapper,zonnic-svg-text,zonnic-title-row,zonnic-title-text
pouches|https://www.zonnic.ca/ca/en/pouches/zonnic-peppermint-120-nicotine-pouches|add-to-cart,address-lookup-field,arrow-link-dark,at-element-marker,ava-nav-menu,background-cover,background-v-top,bat-agegate,bat-button,bat-card,bat-card-info,bat-carousel,bat-carousel-slides,bat-cmp-contentfragmentcollection,bat-cta,bat-cta-style,bat-email-verification,bat-faq-default,bat-footer-bottom,bat-footer-payment-icons,bat-footer-social-nav,bat-footer-zonnic,bat-footer-zonnic-container,bat-footer-zonnic-copyright,bat-footer-zonnic-disclaimer,bat-footer-zonnic-label-page-breadcrumb,bat-footer-zonnic-logo,bat-footer-zonnic-logo-icon,bat-footer-zonnic-main,bat-footer-zonnic-nav,bat-footer-zonnic-nav-menu,bat-footer-zonnic-nav-menu-title,bat-footer-zonnic-submenu,bat-footer-zonnic-top,bat-form,bat-form-block,bat-form-block-text,bat-form-field,bat-form-field-set,bat-form-field-tip,bat-form-messages,bat-form-msg,bat-form-step,bat-header,bat-header-account,bat-header-account-icon-label,bat-header-account-icon-label-auth,bat-header-account-link,bat-header-account-menu,bat-header-content,bat-header-fixed-spacer,bat-header-logo,bat-header-menu,bat-header-menu-button,bat-header-nav,bat-header-promo,bat-header-promo-link,bat-header-stores,bat-header-stores-link,bat-header-support,bat-header-support-link,bat-header-top,bat-header-utils,bat-header-wrapper,bat-headline,bat-headline-style,bat-hero-zonnic,bat-icon,bat-image,bat-language,bat-location,bat-message,bat-message-text,bat-messagebar,bat-minicart,bat-minicart-basket-total,bat-minicart-count,bat-minicart-empty-content,bat-minicart-empty-headline,bat-minicart-empty-icon,bat-minicart-empty-message,bat-minicart-subtotal-label,bat-minicart-subtotal-value,bat-minicart-total-items,bat-minicart-wrapper,bat-modal,bat-modal-close,bat-modal-content,bat-navigation,bat-navigation-group,bat-navigation-group-list,bat-navigation-group-list-item,bat-navigation-group-list-item-link,bat-page,bat-producthero,bat-productstickybar,bat-section,bat-section-content,bat-section-content-style,bat-section-modal,bat-section-style,bat-text,bat-wrapper,breadcrumb-description,button-dark,button-secondary-dark,card-masthead-product,cmp-experiencefragment,consent-block,container-fluid,cq-dd-paragraph,cta-hide,cta-label,cta-logged-in-user,cta-logged-out-user,cta-show,current-page,d-align-right,d-block,d-lg-block,d-lg-none,d-md-block,d-md-none,d-none,d-sm-block,d-sm-none,d-xl-block,d-xl-none,display-address,email-cant-verify,email-invalid,embedded-messaging,error-msg,existing-user,existing-user-close,fa-chevron-left,fa-chevron-right,fa-plus,felix-logo-svg,field-note,full-width,gallery-aqua-blue-gradient,gallery-steel-grey-gradient,global-components,headline1-large,headline3-color2,hide-nb,hide-qc,icon-center,icon-plus,less-link,login-error-message,login-success-message,lookup-field,m-align-left,margin-medium,margin-none,margin-small,margin-xsmall,meet-zonnic-cards,menu-title,more-link,newsletter-headline,padding-bottom-large,padding-bottom-medium,padding-bottom-small,padding-bottom-xsmall,padding-left-large,padding-left-medium,padding-left-small,padding-right-large,padding-right-medium,padding-right-small,padding-top-large,padding-top-medium,padding-top-small,padding-top-xsmall,page-theme,product-carousel,producthero-content,producthero-content-ctas,producthero-content-name,producthero-description,producthero-gallery,producthero-gallery-images,producthero-gallery-thumbs,producthero-readmore,radio-input,radio-set,select-wrapper,slick-active,slick-arrow,slick-cloned,slick-current,slick-dots,slick-dotted,slick-initialized,slick-list,slick-next,slick-prev,slick-slide,slick-slider,slick-track,submenu-content,to-login,toggle-visibility,user-invalid,what-is-zonnic,why-zonnic,xf-content-height,your-address,your-details,zonnic-banner-force-mobile,zonnic-brand-bold,zonnic-felix-logo,zonnic-logo,zonnic-menu,zonnic-newsletter-modal,zonnic-number-icon,zonnic-step,zonnic-step-text,zonnic-steps-wrapper,zonnic-svg-text,zonnic-title-row,zonnic-title-text
pouches|https://www.zonnic.ca/ca/fr/pouches/zonnic-spearmint-24-nicotine-pouches|add-to-cart,address-lookup-field,arrow-link-dark,at-element-marker,ava-nav-menu,background-cover,background-v-top,bat-agegate,bat-button,bat-card,bat-card-info,bat-carousel,bat-carousel-slides,bat-cmp-contentfragmentcollection,bat-cta,bat-cta-style,bat-email-verification,bat-faq-default,bat-footer-bottom,bat-footer-payment-icons,bat-footer-social-nav,bat-footer-zonnic,bat-footer-zonnic-container,bat-footer-zonnic-copyright,bat-footer-zonnic-disclaimer,bat-footer-zonnic-label-page-breadcrumb,bat-footer-zonnic-logo,bat-footer-zonnic-logo-icon,bat-footer-zonnic-main,bat-footer-zonnic-nav,bat-footer-zonnic-nav-menu,bat-footer-zonnic-nav-menu-title,bat-footer-zonnic-submenu,bat-footer-zonnic-top,bat-form,bat-form-block,bat-form-block-text,bat-form-field,bat-form-field-set,bat-form-field-tip,bat-form-messages,bat-form-msg,bat-form-step,bat-header,bat-header-account,bat-header-account-icon-label,bat-header-account-icon-label-auth,bat-header-account-link,bat-header-account-menu,bat-header-content,bat-header-fixed-spacer,bat-header-logo,bat-header-menu,bat-header-menu-button,bat-header-nav,bat-header-promo,bat-header-promo-link,bat-header-stores,bat-header-stores-link,bat-header-support,bat-header-support-link,bat-header-top,bat-header-utils,bat-header-wrapper,bat-headline,bat-headline-style,bat-hero-zonnic,bat-icon,bat-image,bat-language,bat-location,bat-message,bat-message-text,bat-messagebar,bat-minicart,bat-minicart-basket-total,bat-minicart-count,bat-minicart-empty-content,bat-minicart-empty-headline,bat-minicart-empty-icon,bat-minicart-empty-message,bat-minicart-subtotal-label,bat-minicart-subtotal-value,bat-minicart-total-items,bat-minicart-wrapper,bat-modal,bat-modal-close,bat-modal-content,bat-navigation,bat-navigation-group,bat-navigation-group-list,bat-navigation-group-list-item,bat-navigation-group-list-item-link,bat-page,bat-producthero,bat-productstickybar,bat-section,bat-section-content,bat-section-content-style,bat-section-modal,bat-section-style,bat-text,bat-wrapper,breadcrumb-description,button-dark,button-secondary-dark,card-masthead-product,cmp-experiencefragment,consent-block,container-fluid,cq-dd-paragraph,cta-hide,cta-label,cta-logged-in-user,cta-logged-out-user,cta-show,current-page,d-align-right,d-block,d-lg-block,d-lg-none,d-md-block,d-md-none,d-none,d-sm-block,d-sm-none,d-xl-block,d-xl-none,display-address,embedded-messaging,error-msg,existing-user,existing-user-close,fa-chevron-left,fa-chevron-right,fa-plus,felix-logo-svg,field-note,full-width,gallery-chill-mint-green-gradient,gallery-steel-grey-gradient,global-components,headline1-large,hide-nb,hide-qc,icon-center,icon-plus,less-link,login-error-message,login-success-message,lookup-field,m-align-left,margin-none,margin-small,margin-xsmall,meet-zonnic-cards,menu-title,more-link,newsletter-headline,newsletter-subheadline,padding-bottom-large,padding-bottom-medium,padding-bottom-small,padding-bottom-xsmall,padding-left-large,padding-left-medium,padding-left-small,padding-right-large,padding-right-medium,padding-right-small,padding-top-large,padding-top-medium,padding-top-small,padding-top-xsmall,page-theme,product-carousel,producthero-content,producthero-content-ctas,producthero-content-name,producthero-description,producthero-gallery,producthero-gallery-images,producthero-gallery-thumbs,producthero-readmore,radio-input,radio-set,rte-temp,select-wrapper,slick-active,slick-arrow,slick-current,slick-hidden,slick-initialized,slick-list,slick-next,slick-prev,slick-slide,slick-slider,slick-track,submenu-content,to-login,toggle-visibility,what-is-zonnic,why-zonnic,xf-content-height,your-address,your-details,zonnic-banner-force-mobile,zonnic-brand-bold,zonnic-felix-logo,zonnic-logo,zonnic-menu,zonnic-newsletter-modal,zonnic-number-icon,zonnic-step,zonnic-step-text,zonnic-steps-wrapper,zonnic-svg-text,zonnic-title-row,zonnic-title-text
pouches|https://www.zonnic.ca/ca/fr/pouches/zonnic-peppermint-24-nicotine-pouches|add-to-cart,address-lookup-field,arrow-link-dark,at-element-marker,ava-nav-menu,background-cover,background-v-top,bat-agegate,bat-button,bat-card,bat-card-info,bat-carousel,bat-carousel-slides,bat-cmp-contentfragmentcollection,bat-cta,bat-cta-style,bat-email-verification,bat-faq-default,bat-footer-bottom,bat-footer-payment-icons,bat-footer-social-nav,bat-footer-zonnic,bat-footer-zonnic-container,bat-footer-zonnic-copyright,bat-footer-zonnic-disclaimer,bat-footer-zonnic-label-page-breadcrumb,bat-footer-zonnic-logo,bat-footer-zonnic-logo-icon,bat-footer-zonnic-main,bat-footer-zonnic-nav,bat-footer-zonnic-nav-menu,bat-footer-zonnic-nav-menu-title,bat-footer-zonnic-submenu,bat-footer-zonnic-top,bat-form,bat-form-block,bat-form-block-text,bat-form-field,bat-form-field-set,bat-form-field-tip,bat-form-messages,bat-form-msg,bat-form-step,bat-header,bat-header-account,bat-header-account-icon-label,bat-header-account-icon-label-auth,bat-header-account-link,bat-header-account-menu,bat-header-content,bat-header-fixed-spacer,bat-header-logo,bat-header-menu,bat-header-menu-button,bat-header-nav,bat-header-promo,bat-header-promo-link,bat-header-stores,bat-header-stores-link,bat-header-support,bat-header-support-link,bat-header-top,bat-header-utils,bat-header-wrapper,bat-headline,bat-headline-style,bat-hero-zonnic,bat-icon,bat-image,bat-language,bat-location,bat-message,bat-message-text,bat-messagebar,bat-minicart,bat-minicart-basket-total,bat-minicart-count,bat-minicart-empty-content,bat-minicart-empty-headline,bat-minicart-empty-icon,bat-minicart-empty-message,bat-minicart-subtotal-label,bat-minicart-subtotal-value,bat-minicart-total-items,bat-minicart-wrapper,bat-modal,bat-modal-close,bat-modal-content,bat-navigation,bat-navigation-group,bat-navigation-group-list,bat-navigation-group-list-item,bat-navigation-group-list-item-link,bat-page,bat-producthero,bat-productstickybar,bat-section,bat-section-content,bat-section-content-style,bat-section-modal,bat-section-style,bat-text,bat-wrapper,breadcrumb-description,button-dark,button-secondary-dark,card-masthead-product,cmp-experiencefragment,consent-block,container-fluid,cq-dd-paragraph,cta-hide,cta-label,cta-logged-in-user,cta-logged-out-user,cta-show,current-page,d-align-right,d-block,d-lg-block,d-lg-none,d-md-block,d-md-none,d-none,d-sm-block,d-sm-none,d-xl-block,d-xl-none,display-address,embedded-messaging,error-msg,existing-user,existing-user-close,fa-chevron-left,fa-chevron-right,fa-plus,felix-logo-svg,field-note,full-width,gallery-aqua-blue-gradient,gallery-steel-grey-gradient,global-components,headline1-large,hide-nb,hide-qc,icon-center,icon-plus,less-link,login-error-message,login-success-message,lookup-field,m-align-left,margin-none,margin-small,margin-xsmall,meet-zonnic-cards,menu-title,more-link,newsletter-headline,newsletter-subheadline,padding-bottom-large,padding-bottom-medium,padding-bottom-small,padding-bottom-xsmall,padding-left-large,padding-left-medium,padding-left-small,padding-right-large,padding-right-medium,padding-right-small,padding-top-large,padding-top-medium,padding-top-small,padding-top-xsmall,page-theme,product-carousel,producthero-content,producthero-content-ctas,producthero-content-name,producthero-description,producthero-gallery,producthero-gallery-images,producthero-gallery-thumbs,producthero-readmore,radio-input,radio-set,rte-temp,select-wrapper,slick-active,slick-arrow,slick-current,slick-hidden,slick-initialized,slick-list,slick-next,slick-prev,slick-slide,slick-slider,slick-track,submenu-content,to-login,toggle-visibility,what-is-zonnic,why-zonnic,xf-content-height,your-address,your-details,zonnic-banner-force-mobile,zonnic-brand-bold,zonnic-felix-logo,zonnic-logo,zonnic-menu,zonnic-newsletter-modal,zonnic-number-icon,zonnic-step,zonnic-step-text,zonnic-steps-wrapper,zonnic-svg-text,zonnic-title-row,zonnic-title-text
pouches|https://www.zonnic.ca/ca/en/pouches/zonnic-mint-120-nicotine-pouches/zonnic-mint-120-nicotine-pouches|address-lookup-field,arrow-link-dark,at-element-marker,ava-nav-menu,background-cover,background-v-top,bat-agegate,bat-button,bat-card,bat-cta,bat-cta-style,bat-email-verification,bat-footer-bottom,bat-footer-payment-icons,bat-footer-social-nav,bat-footer-zonnic,bat-footer-zonnic-container,bat-footer-zonnic-copyright,bat-footer-zonnic-disclaimer,bat-footer-zonnic-label-page-breadcrumb,bat-footer-zonnic-logo,bat-footer-zonnic-logo-icon,bat-footer-zonnic-main,bat-footer-zonnic-nav,bat-footer-zonnic-nav-menu,bat-footer-zonnic-nav-menu-title,bat-footer-zonnic-submenu,bat-footer-zonnic-top,bat-form,bat-form-block,bat-form-block-text,bat-form-field,bat-form-field-set,bat-form-field-tip,bat-form-messages,bat-form-msg,bat-form-step,bat-header,bat-header-account,bat-header-account-icon-label,bat-header-account-icon-label-auth,bat-header-account-link,bat-header-account-menu,bat-header-content,bat-header-fixed-spacer,bat-header-logo,bat-header-menu,bat-header-menu-button,bat-header-nav,bat-header-promo,bat-header-promo-link,bat-header-stores,bat-header-stores-link,bat-header-support,bat-header-support-link,bat-header-top,bat-header-utils,bat-header-wrapper,bat-headline,bat-headline-style,bat-icon,bat-image,bat-language,bat-location,bat-message,bat-message-text,bat-messagebar,bat-minicart,bat-minicart-basket-total,bat-minicart-count,bat-minicart-empty-content,bat-minicart-empty-headline,bat-minicart-empty-icon,bat-minicart-empty-message,bat-minicart-subtotal-label,bat-minicart-subtotal-value,bat-minicart-total-items,bat-minicart-wrapper,bat-modal,bat-modal-close,bat-modal-content,bat-navigation,bat-navigation-group,bat-navigation-group-list,bat-navigation-group-list-item,bat-navigation-group-list-item-link,bat-page,bat-section,bat-section-content,bat-section-content-style,bat-section-modal,bat-section-style,bat-text,bat-wrapper,bg-whisper-gray,breadcrumb-description,button-dark,button-secondary-dark,consent-block,container-fluid,cq-dd-paragraph,cta-hide,cta-label,cta-logged-in-user,cta-logged-out-user,cta-show,current-page,d-align-right,d-block,d-lg-block,d-lg-none,d-md-block,d-md-none,d-none,d-sm-block,d-sm-none,d-xl-block,d-xl-none,display-address,email-cant-verify,email-invalid,embedded-messaging,error-msg,existing-user,existing-user-close,felix-logo-svg,field-note,full-width,gallery-steel-grey-gradient,global-components,icon-plus,login-error-message,login-success-message,lookup-field,m-align-left,margin-none,margin-small,menu-title,newsletter-headline,padding-bottom-large,padding-bottom-medium,padding-bottom-small,padding-left-large,padding-left-medium,padding-left-small,padding-right-large,padding-right-medium,padding-right-small,padding-top-large,padding-top-medium,padding-top-small,page-theme,radio-input,radio-set,select-wrapper,submenu-content,to-login,toggle-visibility,user-invalid,what-is-zonnic,why-zonnic,your-address,your-details,zonnic-brand-bold,zonnic-felix-logo,zonnic-logo,zonnic-menu,zonnic-newsletter-modal,zonnic-number-icon,zonnic-step,zonnic-step-text,zonnic-steps-wrapper,zonnic-svg-text,zonnic-title-row,zonnic-title-text
pouches|https://www.zonnic.ca/ca/en/pouches/zonnic-mint-120-nicotine-pouches|add-to-cart,address-lookup-field,arrow-link-dark,at-element-marker,ava-nav-menu,background-cover,background-v-top,bat-agegate,bat-button,bat-card,bat-card-info,bat-carousel,bat-carousel-slides,bat-cmp-contentfragmentcollection,bat-cta,bat-cta-style,bat-email-verification,bat-faq-default,bat-footer-bottom,bat-footer-payment-icons,bat-footer-social-nav,bat-footer-zonnic,bat-footer-zonnic-container,bat-footer-zonnic-copyright,bat-footer-zonnic-disclaimer,bat-footer-zonnic-label-page-breadcrumb,bat-footer-zonnic-logo,bat-footer-zonnic-logo-icon,bat-footer-zonnic-main,bat-footer-zonnic-nav,bat-footer-zonnic-nav-menu,bat-footer-zonnic-nav-menu-title,bat-footer-zonnic-submenu,bat-footer-zonnic-top,bat-form,bat-form-block,bat-form-block-text,bat-form-field,bat-form-field-set,bat-form-field-tip,bat-form-messages,bat-form-msg,bat-form-step,bat-header,bat-header-account,bat-header-account-icon-label,bat-header-account-icon-label-auth,bat-header-account-link,bat-header-account-menu,bat-header-content,bat-header-fixed-spacer,bat-header-logo,bat-header-menu,bat-header-menu-button,bat-header-nav,bat-header-promo,bat-header-promo-link,bat-header-stores,bat-header-stores-link,bat-header-support,bat-header-support-link,bat-header-top,bat-header-utils,bat-header-wrapper,bat-headline,bat-headline-style,bat-hero-zonnic,bat-icon,bat-image,bat-language,bat-location,bat-message,bat-message-text,bat-messagebar,bat-minicart,bat-minicart-basket-total,bat-minicart-count,bat-minicart-empty-content,bat-minicart-empty-headline,bat-minicart-empty-icon,bat-minicart-empty-message,bat-minicart-subtotal-label,bat-minicart-subtotal-value,bat-minicart-total-items,bat-minicart-wrapper,bat-modal,bat-modal-close,bat-modal-content,bat-navigation,bat-navigation-group,bat-navigation-group-list,bat-navigation-group-list-item,bat-navigation-group-list-item-link,bat-page,bat-producthero,bat-productstickybar,bat-section,bat-section-content,bat-section-content-style,bat-section-modal,bat-section-style,bat-text,bat-wrapper,breadcrumb-description,button-dark,button-secondary-dark,card-masthead-product,cmp-experiencefragment,consent-block,container-fluid,cq-dd-paragraph,cta-hide,cta-label,cta-logged-in-user,cta-logged-out-user,cta-show,current-page,d-align-right,d-block,d-lg-block,d-lg-none,d-md-block,d-md-none,d-none,d-sm-block,d-sm-none,d-xl-block,d-xl-none,display-address,email-cant-verify,email-invalid,embedded-messaging,error-msg,existing-user,existing-user-close,fa-chevron-left,fa-chevron-right,fa-plus,felix-logo-svg,field-note,full-width,gallery-steel-grey-gradient,global-components,headline1-large,headline3-color2,hide-nb,hide-qc,icon-center,icon-plus,less-link,login-error-message,login-success-message,lookup-field,m-align-left,margin-medium,margin-none,margin-small,margin-xsmall,meet-zonnic-cards,menu-title,more-link,newsletter-headline,padding-bottom-large,padding-bottom-medium,padding-bottom-small,padding-bottom-xsmall,padding-left-large,padding-left-medium,padding-left-small,padding-right-large,padding-right-medium,padding-right-small,padding-top-large,padding-top-medium,padding-top-small,padding-top-xsmall,page-theme,product-carousel,producthero-content,producthero-content-ctas,producthero-content-name,producthero-description,producthero-gallery,producthero-gallery-images,producthero-gallery-thumbs,producthero-readmore,radio-input,radio-set,select-wrapper,slick-active,slick-arrow,slick-cloned,slick-current,slick-dots,slick-dotted,slick-initialized,slick-list,slick-next,slick-prev,slick-slide,slick-slider,slick-track,submenu-content,to-login,toggle-visibility,user-invalid,what-is-zonnic,why-zonnic,xf-content-height,your-address,your-details,zonnic-banner-force-mobile,zonnic-brand-bold,zonnic-felix-logo,zonnic-logo,zonnic-menu,zonnic-newsletter-modal,zonnic-number-icon,zonnic-step,zonnic-step-text,zonnic-steps-wrapper,zonnic-svg-text,zonnic-title-row,zonnic-title-text
pouches|https://www.zonnic.ca/ca/fr/pouches|address-lookup-field,arrow-icon-svg,arrow-link-dark,at-element-marker,ava-nav-menu,background-cover,background-v-top,banner-content-group,banner-link-group,bat-agegate,bat-button,bat-cta,bat-cta-style,bat-ctas,bat-email-verification,bat-footer-bottom,bat-footer-payment-icons,bat-footer-social-nav,bat-footer-zonnic,bat-footer-zonnic-container,bat-footer-zonnic-copyright,bat-footer-zonnic-disclaimer,bat-footer-zonnic-label-page-breadcrumb,bat-footer-zonnic-logo,bat-footer-zonnic-logo-icon,bat-footer-zonnic-main,bat-footer-zonnic-nav,bat-footer-zonnic-nav-menu,bat-footer-zonnic-nav-menu-title,bat-footer-zonnic-submenu,bat-footer-zonnic-top,bat-form,bat-form-block,bat-form-block-text,bat-form-field,bat-form-field-set,bat-form-field-tip,bat-form-messages,bat-form-msg,bat-form-step,bat-header,bat-header-account,bat-header-account-icon-label,bat-header-account-icon-label-auth,bat-header-account-link,bat-header-account-menu,bat-header-content,bat-header-fixed-spacer,bat-header-logo,bat-header-menu,bat-header-menu-button,bat-header-nav,bat-header-promo,bat-header-promo-link,bat-header-stores,bat-header-stores-link,bat-header-support,bat-header-support-link,bat-header-top,bat-header-utils,bat-header-wrapper,bat-headline,bat-headline-style,bat-hero-zonnic,bat-icon,bat-image,bat-language,bat-location,bat-message,bat-message-text,bat-messagebar,bat-minicart,bat-minicart-basket-total,bat-minicart-count,bat-minicart-empty-content,bat-minicart-empty-headline,bat-minicart-empty-icon,bat-minicart-empty-message,bat-minicart-subtotal-label,bat-minicart-subtotal-value,bat-minicart-total-items,bat-minicart-wrapper,bat-modal,bat-modal-close,bat-modal-content,bat-navigation,bat-navigation-group,bat-navigation-group-list,bat-navigation-group-list-item,bat-navigation-group-list-item-link,bat-page,bat-productcard,bat-productcard-content,bat-productcard-controls,bat-productcard-image,bat-productcard-text,bat-productcard-text-description,bat-productcard-text-name,bat-section,bat-section-content,bat-section-content-style,bat-section-modal,bat-section-style,bat-text,bat-wrapper,breadcrumb-description,button-dark,button-secondary-dark,consent-block,container-fluid,cq-dd-paragraph,cta-hide,cta-label,cta-logged-in-user,cta-logged-out-user,cta-show,current-page,d-align-right,d-block,d-lg-block,d-md-block,d-none,d-sm-block,d-xl-block,display-address,embedded-messaging,error-msg,existing-user,existing-user-close,felix-logo-svg,field-note,full-width,gallery-steel-grey-gradient,global-components,headline1-large,icon-plus,login-error-message,login-success-message,lookup-field,m-align-left,margin-none,margin-small,menu-title,newsletter-headline,newsletter-subheadline,padding-bottom-large,padding-bottom-medium,padding-bottom-small,padding-left-large,padding-left-medium,padding-left-small,padding-right-large,padding-right-medium,padding-right-small,padding-top-large,padding-top-medium,padding-top-xsmall,page-theme,radio-input,radio-set,same-as-top,select-wrapper,submenu-content,to-login,toggle-visibility,what-is-zonnic,why-zonnic,your-address,your-details,zonnic-banner-container,zonnic-brand-bold,zonnic-felix-logo,zonnic-highlight,zonnic-logo,zonnic-menu,zonnic-newsletter-modal,zonnic-number-icon,zonnic-step,zonnic-step-text,zonnic-steps-wrapper,zonnic-svg-text,zonnic-title-row,zonnic-title-text
pouches|https://www.zonnic.ca/ca/fr/pouches/zonnic-peppermint-120-nicotine-pouches|add-to-cart,address-lookup-field,arrow-link-dark,at-element-marker,ava-nav-menu,background-cover,background-v-top,bat-agegate,bat-button,bat-card,bat-card-info,bat-carousel,bat-carousel-slides,bat-cmp-contentfragmentcollection,bat-cta,bat-cta-style,bat-email-verification,bat-faq-default,bat-footer-bottom,bat-footer-payment-icons,bat-footer-social-nav,bat-footer-zonnic,bat-footer-zonnic-container,bat-footer-zonnic-copyright,bat-footer-zonnic-disclaimer,bat-footer-zonnic-label-page-breadcrumb,bat-footer-zonnic-logo,bat-footer-zonnic-logo-icon,bat-footer-zonnic-main,bat-footer-zonnic-nav,bat-footer-zonnic-nav-menu,bat-footer-zonnic-nav-menu-title,bat-footer-zonnic-submenu,bat-footer-zonnic-top,bat-form,bat-form-block,bat-form-block-text,bat-form-field,bat-form-field-set,bat-form-field-tip,bat-form-messages,bat-form-msg,bat-form-step,bat-header,bat-header-account,bat-header-account-icon-label,bat-header-account-icon-label-auth,bat-header-account-link,bat-header-account-menu,bat-header-content,bat-header-fixed-spacer,bat-header-logo,bat-header-menu,bat-header-menu-button,bat-header-nav,bat-header-promo,bat-header-promo-link,bat-header-stores,bat-header-stores-link,bat-header-support,bat-header-support-link,bat-header-top,bat-header-utils,bat-header-wrapper,bat-headline,bat-headline-style,bat-hero-zonnic,bat-icon,bat-image,bat-language,bat-location,bat-message,bat-message-text,bat-messagebar,bat-minicart,bat-minicart-basket-total,bat-minicart-count,bat-minicart-empty-content,bat-minicart-empty-headline,bat-minicart-empty-icon,bat-minicart-empty-message,bat-minicart-subtotal-label,bat-minicart-subtotal-value,bat-minicart-total-items,bat-minicart-wrapper,bat-modal,bat-modal-close,bat-modal-content,bat-navigation,bat-navigation-group,bat-navigation-group-list,bat-navigation-group-list-item,bat-navigation-group-list-item-link,bat-page,bat-producthero,bat-productstickybar,bat-section,bat-section-content,bat-section-content-style,bat-section-modal,bat-section-style,bat-text,bat-wrapper,breadcrumb-description,button-dark,button-secondary-dark,card-masthead-product,cmp-experiencefragment,consent-block,container-fluid,cq-dd-paragraph,cta-hide,cta-label,cta-logged-in-user,cta-logged-out-user,cta-show,current-page,d-align-right,d-block,d-lg-block,d-lg-none,d-md-block,d-md-none,d-none,d-sm-block,d-sm-none,d-xl-block,d-xl-none,display-address,embedded-messaging,error-msg,existing-user,existing-user-close,fa-chevron-left,fa-chevron-right,fa-plus,felix-logo-svg,field-note,full-width,gallery-aqua-blue-gradient,gallery-steel-grey-gradient,global-components,headline1-large,headline3-color2,hide-nb,hide-qc,icon-center,icon-plus,less-link,login-error-message,login-success-message,lookup-field,m-align-left,margin-medium,margin-none,margin-small,margin-xsmall,meet-zonnic-cards,menu-title,more-link,newsletter-headline,newsletter-subheadline,padding-bottom-large,padding-bottom-medium,padding-bottom-small,padding-bottom-xsmall,padding-left-large,padding-left-medium,padding-left-small,padding-right-large,padding-right-medium,padding-right-small,padding-top-large,padding-top-medium,padding-top-small,padding-top-xsmall,page-theme,product-carousel,producthero-content,producthero-content-ctas,producthero-content-name,producthero-description,producthero-gallery,producthero-gallery-images,producthero-gallery-thumbs,producthero-readmore,radio-input,radio-set,rte-temp,select-wrapper,slick-active,slick-arrow,slick-current,slick-hidden,slick-initialized,slick-list,slick-next,slick-prev,slick-slide,slick-slider,slick-track,submenu-content,to-login,toggle-visibility,what-is-zonnic,why-zonnic,xf-content-height,your-address,your-details,zonnic-banner-force-mobile,zonnic-brand-bold,zonnic-felix-logo,zonnic-logo,zonnic-menu,zonnic-newsletter-modal,zonnic-number-icon,zonnic-step,zonnic-step-text,zonnic-steps-wrapper,zonnic-svg-text,zonnic-title-row,zonnic-title-text
pouches|https://www.zonnic.ca/ca/fr/pouches/zonnic-mint-120-nicotine-pouches/zonnic-mint-120-nicotine-pouches|address-lookup-field,arrow-link-dark,at-element-marker,ava-nav-menu,background-cover,background-v-top,bat-agegate,bat-button,bat-card,bat-cta,bat-cta-style,bat-email-verification,bat-footer-bottom,bat-footer-payment-icons,bat-footer-social-nav,bat-footer-zonnic,bat-footer-zonnic-container,bat-footer-zonnic-copyright,bat-footer-zonnic-disclaimer,bat-footer-zonnic-label-page-breadcrumb,bat-footer-zonnic-logo,bat-footer-zonnic-logo-icon,bat-footer-zonnic-main,bat-footer-zonnic-nav,bat-footer-zonnic-nav-menu,bat-footer-zonnic-nav-menu-title,bat-footer-zonnic-submenu,bat-footer-zonnic-top,bat-form,bat-form-block,bat-form-block-text,bat-form-field,bat-form-field-set,bat-form-field-tip,bat-form-messages,bat-form-msg,bat-form-step,bat-header,bat-header-account,bat-header-account-icon-label,bat-header-account-icon-label-auth,bat-header-account-link,bat-header-account-menu,bat-header-content,bat-header-fixed-spacer,bat-header-logo,bat-header-menu,bat-header-menu-button,bat-header-nav,bat-header-promo,bat-header-promo-link,bat-header-stores,bat-header-stores-link,bat-header-support,bat-header-support-link,bat-header-top,bat-header-utils,bat-header-wrapper,bat-headline,bat-headline-style,bat-icon,bat-image,bat-language,bat-location,bat-message,bat-message-text,bat-messagebar,bat-minicart,bat-minicart-basket-total,bat-minicart-count,bat-minicart-empty-content,bat-minicart-empty-headline,bat-minicart-empty-icon,bat-minicart-empty-message,bat-minicart-subtotal-label,bat-minicart-subtotal-value,bat-minicart-total-items,bat-minicart-wrapper,bat-modal,bat-modal-close,bat-modal-content,bat-navigation,bat-navigation-group,bat-navigation-group-list,bat-navigation-group-list-item,bat-navigation-group-list-item-link,bat-page,bat-section,bat-section-content,bat-section-content-style,bat-section-modal,bat-section-style,bat-text,bat-wrapper,bg-whisper-gray,breadcrumb-description,button-dark,button-secondary-dark,consent-block,container-fluid,cq-dd-paragraph,cta-hide,cta-label,cta-logged-in-user,cta-logged-out-user,cta-show,current-page,d-align-right,d-block,d-lg-block,d-lg-none,d-md-block,d-md-none,d-none,d-sm-block,d-sm-none,d-xl-block,d-xl-none,display-address,embedded-messaging,error-msg,existing-user,existing-user-close,felix-logo-svg,field-note,full-width,gallery-steel-grey-gradient,global-components,icon-plus,login-error-message,login-success-message,lookup-field,m-align-left,margin-none,margin-small,menu-title,newsletter-headline,newsletter-subheadline,padding-bottom-large,padding-bottom-medium,padding-bottom-small,padding-left-large,padding-left-medium,padding-left-small,padding-right-large,padding-right-medium,padding-right-small,padding-top-large,padding-top-medium,padding-top-small,page-theme,radio-input,radio-set,select-wrapper,submenu-content,to-login,toggle-visibility,what-is-zonnic,why-zonnic,your-address,your-details,zonnic-brand-bold,zonnic-felix-logo,zonnic-logo,zonnic-menu,zonnic-newsletter-modal,zonnic-number-icon,zonnic-step,zonnic-step-text,zonnic-steps-wrapper,zonnic-svg-text,zonnic-title-row,zonnic-title-text
pouches|https://www.zonnic.ca/ca/fr/pouches/zonnic-spearmint-120-nicotine-pouches|add-to-cart,address-lookup-field,arrow-link-dark,at-element-marker,ava-nav-menu,background-cover,background-v-top,bat-agegate,bat-button,bat-card,bat-card-info,bat-carousel,bat-carousel-slides,bat-cmp-contentfragmentcollection,bat-cta,bat-cta-style,bat-email-verification,bat-faq-default,bat-footer-bottom,bat-footer-payment-icons,bat-footer-social-nav,bat-footer-zonnic,bat-footer-zonnic-container,bat-footer-zonnic-copyright,bat-footer-zonnic-disclaimer,bat-footer-zonnic-label-page-breadcrumb,bat-footer-zonnic-logo,bat-footer-zonnic-logo-icon,bat-footer-zonnic-main,bat-footer-zonnic-nav,bat-footer-zonnic-nav-menu,bat-footer-zonnic-nav-menu-title,bat-footer-zonnic-submenu,bat-footer-zonnic-top,bat-form,bat-form-block,bat-form-block-text,bat-form-field,bat-form-field-set,bat-form-field-tip,bat-form-messages,bat-form-msg,bat-form-step,bat-header,bat-header-account,bat-header-account-icon-label,bat-header-account-icon-label-auth,bat-header-account-link,bat-header-account-menu,bat-header-content,bat-header-fixed-spacer,bat-header-logo,bat-header-menu,bat-header-menu-button,bat-header-nav,bat-header-promo,bat-header-promo-link,bat-header-stores,bat-header-stores-link,bat-header-support,bat-header-support-link,bat-header-top,bat-header-utils,bat-header-wrapper,bat-headline,bat-headline-style,bat-hero-zonnic,bat-icon,bat-image,bat-language,bat-location,bat-message,bat-message-text,bat-messagebar,bat-minicart,bat-minicart-basket-total,bat-minicart-count,bat-minicart-empty-content,bat-minicart-empty-headline,bat-minicart-empty-icon,bat-minicart-empty-message,bat-minicart-subtotal-label,bat-minicart-subtotal-value,bat-minicart-total-items,bat-minicart-wrapper,bat-modal,bat-modal-close,bat-modal-content,bat-navigation,bat-navigation-group,bat-navigation-group-list,bat-navigation-group-list-item,bat-navigation-group-list-item-link,bat-page,bat-producthero,bat-productstickybar,bat-section,bat-section-content,bat-section-content-style,bat-section-modal,bat-section-style,bat-text,bat-wrapper,breadcrumb-description,button-dark,button-secondary-dark,card-masthead-product,cmp-experiencefragment,consent-block,container-fluid,cq-dd-paragraph,cta-hide,cta-label,cta-logged-in-user,cta-logged-out-user,cta-show,current-page,d-align-right,d-block,d-lg-block,d-lg-none,d-md-block,d-md-none,d-none,d-sm-block,d-sm-none,d-xl-block,d-xl-none,display-address,embedded-messaging,error-msg,existing-user,existing-user-close,fa-chevron-left,fa-chevron-right,fa-plus,felix-logo-svg,field-note,full-width,gallery-chill-mint-green-gradient,gallery-steel-grey-gradient,global-components,headline1-large,headline3-color2,hide-nb,hide-qc,icon-center,icon-plus,less-link,login-error-message,login-success-message,lookup-field,m-align-left,margin-medium,margin-none,margin-small,margin-xsmall,meet-zonnic-cards,menu-title,more-link,newsletter-headline,newsletter-subheadline,padding-bottom-large,padding-bottom-medium,padding-bottom-small,padding-bottom-xsmall,padding-left-large,padding-left-medium,padding-left-small,padding-right-large,padding-right-medium,padding-right-small,padding-top-large,padding-top-medium,padding-top-small,padding-top-xsmall,page-theme,product-carousel,producthero-content,producthero-content-ctas,producthero-content-name,producthero-description,producthero-gallery,producthero-gallery-images,producthero-gallery-thumbs,producthero-readmore,radio-input,radio-set,rte-temp,select-wrapper,slick-active,slick-arrow,slick-current,slick-hidden,slick-initialized,slick-list,slick-next,slick-prev,slick-slide,slick-slider,slick-track,submenu-content,to-login,toggle-visibility,what-is-zonnic,why-zonnic,xf-content-height,your-address,your-details,zonnic-brand-bold,zonnic-felix-logo,zonnic-logo,zonnic-menu,zonnic-newsletter-modal,zonnic-number-icon,zonnic-step,zonnic-step-text,zonnic-steps-wrapper,zonnic-svg-text,zonnic-title-row,zonnic-title-text
pouches|https://www.zonnic.ca/ca/en/pouches/zonnic-spearmint-120-nicotine-pouches|add-to-cart,address-lookup-field,arrow-link-dark,at-element-marker,ava-nav-menu,background-cover,background-v-top,bat-agegate,bat-button,bat-card,bat-card-info,bat-carousel,bat-carousel-slides,bat-cmp-contentfragmentcollection,bat-cta,bat-cta-style,bat-email-verification,bat-faq-default,bat-footer-bottom,bat-footer-payment-icons,bat-footer-social-nav,bat-footer-zonnic,bat-footer-zonnic-container,bat-footer-zonnic-copyright,bat-footer-zonnic-disclaimer,bat-footer-zonnic-label-page-breadcrumb,bat-footer-zonnic-logo,bat-footer-zonnic-logo-icon,bat-footer-zonnic-main,bat-footer-zonnic-nav,bat-footer-zonnic-nav-menu,bat-footer-zonnic-nav-menu-title,bat-footer-zonnic-submenu,bat-footer-zonnic-top,bat-form,bat-form-block,bat-form-block-text,bat-form-field,bat-form-field-set,bat-form-field-tip,bat-form-messages,bat-form-msg,bat-form-step,bat-header,bat-header-account,bat-header-account-icon-label,bat-header-account-icon-label-auth,bat-header-account-link,bat-header-account-menu,bat-header-content,bat-header-fixed-spacer,bat-header-logo,bat-header-menu,bat-header-menu-button,bat-header-nav,bat-header-promo,bat-header-promo-link,bat-header-stores,bat-header-stores-link,bat-header-support,bat-header-support-link,bat-header-top,bat-header-utils,bat-header-wrapper,bat-headline,bat-headline-style,bat-hero-zonnic,bat-icon,bat-image,bat-language,bat-location,bat-message,bat-message-text,bat-messagebar,bat-minicart,bat-minicart-basket-total,bat-minicart-count,bat-minicart-empty-content,bat-minicart-empty-headline,bat-minicart-empty-icon,bat-minicart-empty-message,bat-minicart-subtotal-label,bat-minicart-subtotal-value,bat-minicart-total-items,bat-minicart-wrapper,bat-modal,bat-modal-close,bat-modal-content,bat-navigation,bat-navigation-group,bat-navigation-group-list,bat-navigation-group-list-item,bat-navigation-group-list-item-link,bat-page,bat-producthero,bat-productstickybar,bat-section,bat-section-content,bat-section-content-style,bat-section-modal,bat-section-style,bat-text,bat-wrapper,breadcrumb-description,button-dark,button-secondary-dark,card-masthead-product,cmp-experiencefragment,consent-block,container-fluid,cq-dd-paragraph,cta-hide,cta-label,cta-logged-in-user,cta-logged-out-user,cta-show,current-page,d-align-right,d-block,d-lg-block,d-lg-none,d-md-block,d-md-none,d-none,d-sm-block,d-sm-none,d-xl-block,d-xl-none,display-address,email-cant-verify,email-invalid,embedded-messaging,error-msg,existing-user,existing-user-close,fa-chevron-left,fa-chevron-right,fa-plus,felix-logo-svg,field-note,full-width,gallery-chill-mint-green-gradient,gallery-steel-grey-gradient,global-components,headline1-large,headline3-color2,hide-nb,hide-qc,icon-center,icon-plus,less-link,login-error-message,login-success-message,lookup-field,m-align-left,margin-medium,margin-none,margin-small,margin-xsmall,meet-zonnic-cards,menu-title,more-link,newsletter-headline,padding-bottom-large,padding-bottom-medium,padding-bottom-small,padding-bottom-xsmall,padding-left-large,padding-left-medium,padding-left-small,padding-right-large,padding-right-medium,padding-right-small,padding-top-large,padding-top-medium,padding-top-small,padding-top-xsmall,page-theme,product-carousel,producthero-content,producthero-content-ctas,producthero-content-name,producthero-description,producthero-gallery,producthero-gallery-images,producthero-gallery-thumbs,producthero-readmore,radio-input,radio-set,select-wrapper,slick-active,slick-arrow,slick-cloned,slick-current,slick-dots,slick-dotted,slick-initialized,slick-list,slick-next,slick-prev,slick-slide,slick-slider,slick-track,submenu-content,to-login,toggle-visibility,user-invalid,what-is-zonnic,why-zonnic,xf-content-height,your-address,your-details,zonnic-banner-force-mobile,zonnic-brand-bold,zonnic-felix-logo,zonnic-logo,zonnic-menu,zonnic-newsletter-modal,zonnic-number-icon,zonnic-step,zonnic-step-text,zonnic-steps-wrapper,zonnic-svg-text,zonnic-title-row,zonnic-title-text
pouches|https://www.zonnic.ca/ca/en/pouches/zonnic-peppermint-24-nicotine-pouches|add-to-cart,address-lookup-field,arrow-link-dark,at-element-marker,ava-nav-menu,background-cover,background-v-top,bat-agegate,bat-button,bat-card,bat-card-info,bat-carousel,bat-carousel-slides,bat-cmp-contentfragmentcollection,bat-cta,bat-cta-style,bat-email-verification,bat-faq-default,bat-footer-bottom,bat-footer-payment-icons,bat-footer-social-nav,bat-footer-zonnic,bat-footer-zonnic-container,bat-footer-zonnic-copyright,bat-footer-zonnic-disclaimer,bat-footer-zonnic-label-page-breadcrumb,bat-footer-zonnic-logo,bat-footer-zonnic-logo-icon,bat-footer-zonnic-main,bat-footer-zonnic-nav,bat-footer-zonnic-nav-menu,bat-footer-zonnic-nav-menu-title,bat-footer-zonnic-submenu,bat-footer-zonnic-top,bat-form,bat-form-block,bat-form-block-text,bat-form-field,bat-form-field-set,bat-form-field-tip,bat-form-messages,bat-form-msg,bat-form-step,bat-header,bat-header-account,bat-header-account-icon-label,bat-header-account-icon-label-auth,bat-header-account-link,bat-header-account-menu,bat-header-content,bat-header-fixed-spacer,bat-header-logo,bat-header-menu,bat-header-menu-button,bat-header-nav,bat-header-promo,bat-header-promo-link,bat-header-stores,bat-header-stores-link,bat-header-support,bat-header-support-link,bat-header-top,bat-header-utils,bat-header-wrapper,bat-headline,bat-headline-style,bat-hero-zonnic,bat-icon,bat-image,bat-language,bat-location,bat-message,bat-message-text,bat-messagebar,bat-minicart,bat-minicart-basket-total,bat-minicart-count,bat-minicart-empty-content,bat-minicart-empty-headline,bat-minicart-empty-icon,bat-minicart-empty-message,bat-minicart-subtotal-label,bat-minicart-subtotal-value,bat-minicart-total-items,bat-minicart-wrapper,bat-modal,bat-modal-close,bat-modal-content,bat-navigation,bat-navigation-group,bat-navigation-group-list,bat-navigation-group-list-item,bat-navigation-group-list-item-link,bat-page,bat-producthero,bat-productstickybar,bat-section,bat-section-content,bat-section-content-style,bat-section-modal,bat-section-style,bat-text,bat-wrapper,breadcrumb-description,button-dark,button-secondary-dark,card-masthead-product,cmp-experiencefragment,consent-block,container-fluid,cq-dd-paragraph,cta-hide,cta-label,cta-logged-in-user,cta-logged-out-user,cta-show,current-page,d-align-right,d-block,d-lg-block,d-lg-none,d-md-block,d-md-none,d-none,d-sm-block,d-sm-none,d-xl-block,d-xl-none,display-address,email-cant-verify,email-invalid,embedded-messaging,error-msg,existing-user,existing-user-close,fa-chevron-left,fa-chevron-right,fa-plus,felix-logo-svg,field-note,full-width,gallery-aqua-blue-gradient,gallery-steel-grey-gradient,global-components,headline1-large,hide-nb,hide-qc,icon-center,icon-plus,less-link,login-error-message,login-success-message,lookup-field,m-align-left,margin-none,margin-small,margin-xsmall,meet-zonnic-cards,menu-title,more-link,newsletter-headline,padding-bottom-large,padding-bottom-medium,padding-bottom-small,padding-bottom-xsmall,padding-left-large,padding-left-medium,padding-left-small,padding-right-large,padding-right-medium,padding-right-small,padding-top-large,padding-top-medium,padding-top-small,padding-top-xsmall,page-theme,product-carousel,producthero-content,producthero-content-ctas,producthero-content-name,producthero-description,producthero-gallery,producthero-gallery-images,producthero-gallery-thumbs,producthero-readmore,radio-input,radio-set,select-wrapper,slick-active,slick-arrow,slick-cloned,slick-current,slick-dots,slick-dotted,slick-initialized,slick-list,slick-next,slick-prev,slick-slide,slick-slider,slick-track,submenu-content,to-login,toggle-visibility,user-invalid,what-is-zonnic,why-zonnic,xf-content-height,your-address,your-details,zonnic-banner-force-mobile,zonnic-brand-bold,zonnic-felix-logo,zonnic-logo,zonnic-menu,zonnic-newsletter-modal,zonnic-number-icon,zonnic-step,zonnic-step-text,zonnic-steps-wrapper,zonnic-svg-text,zonnic-title-row,zonnic-title-text
pouches|https://www.zonnic.ca/ca/fr/pouches/zonnic-mint-120-nicotine-pouches|add-to-cart,address-lookup-field,arrow-link-dark,at-element-marker,ava-nav-menu,background-cover,background-v-top,bat-agegate,bat-button,bat-card,bat-card-info,bat-carousel,bat-carousel-slides,bat-cmp-contentfragmentcollection,bat-cta,bat-cta-style,bat-email-verification,bat-faq-default,bat-footer-bottom,bat-footer-payment-icons,bat-footer-social-nav,bat-footer-zonnic,bat-footer-zonnic-container,bat-footer-zonnic-copyright,bat-footer-zonnic-disclaimer,bat-footer-zonnic-label-page-breadcrumb,bat-footer-zonnic-logo,bat-footer-zonnic-logo-icon,bat-footer-zonnic-main,bat-footer-zonnic-nav,bat-footer-zonnic-nav-menu,bat-footer-zonnic-nav-menu-title,bat-footer-zonnic-submenu,bat-footer-zonnic-top,bat-form,bat-form-block,bat-form-block-text,bat-form-field,bat-form-field-set,bat-form-field-tip,bat-form-messages,bat-form-msg,bat-form-step,bat-header,bat-header-account,bat-header-account-icon-label,bat-header-account-icon-label-auth,bat-header-account-link,bat-header-account-menu,bat-header-content,bat-header-fixed-spacer,bat-header-logo,bat-header-menu,bat-header-menu-button,bat-header-nav,bat-header-promo,bat-header-promo-link,bat-header-stores,bat-header-stores-link,bat-header-support,bat-header-support-link,bat-header-top,bat-header-utils,bat-header-wrapper,bat-headline,bat-headline-style,bat-hero-zonnic,bat-icon,bat-image,bat-language,bat-location,bat-message,bat-message-text,bat-messagebar,bat-minicart,bat-minicart-basket-total,bat-minicart-count,bat-minicart-empty-content,bat-minicart-empty-headline,bat-minicart-empty-icon,bat-minicart-empty-message,bat-minicart-subtotal-label,bat-minicart-subtotal-value,bat-minicart-total-items,bat-minicart-wrapper,bat-modal,bat-modal-close,bat-modal-content,bat-navigation,bat-navigation-group,bat-navigation-group-list,bat-navigation-group-list-item,bat-navigation-group-list-item-link,bat-page,bat-producthero,bat-productstickybar,bat-section,bat-section-content,bat-section-content-style,bat-section-modal,bat-section-style,bat-text,bat-wrapper,breadcrumb-description,button-dark,button-secondary-dark,card-masthead-product,cmp-experiencefragment,consent-block,container-fluid,cq-dd-paragraph,cta-hide,cta-label,cta-logged-in-user,cta-logged-out-user,cta-show,current-page,d-align-right,d-block,d-lg-block,d-lg-none,d-md-block,d-md-none,d-none,d-sm-block,d-sm-none,d-xl-block,d-xl-none,display-address,embedded-messaging,error-msg,existing-user,existing-user-close,fa-chevron-left,fa-chevron-right,fa-plus,felix-logo-svg,field-note,full-width,gallery-steel-grey-gradient,global-components,headline1-large,headline3-color2,hide-nb,hide-qc,icon-center,icon-plus,less-link,login-error-message,login-success-message,lookup-field,m-align-left,margin-medium,margin-none,margin-small,margin-xsmall,meet-zonnic-cards,menu-title,more-link,newsletter-headline,newsletter-subheadline,padding-bottom-large,padding-bottom-medium,padding-bottom-small,padding-bottom-xsmall,padding-left-large,padding-left-medium,padding-left-small,padding-right-large,padding-right-medium,padding-right-small,padding-top-large,padding-top-medium,padding-top-small,padding-top-xsmall,page-theme,product-carousel,producthero-content,producthero-content-ctas,producthero-content-name,producthero-description,producthero-gallery,producthero-gallery-images,producthero-gallery-thumbs,producthero-readmore,radio-input,radio-set,rte-temp,select-wrapper,slick-active,slick-arrow,slick-current,slick-hidden,slick-initialized,slick-list,slick-next,slick-prev,slick-slide,slick-slider,slick-track,submenu-content,to-login,toggle-visibility,what-is-zonnic,why-zonnic,xf-content-height,your-address,your-details,zonnic-banner-force-mobile,zonnic-brand-bold,zonnic-felix-logo,zonnic-logo,zonnic-menu,zonnic-newsletter-modal,zonnic-number-icon,zonnic-step,zonnic-step-text,zonnic-steps-wrapper,zonnic-svg-text,zonnic-title-row,zonnic-title-text
pouches|https://www.zonnic.ca/ca/en/pouches/zonnic-spearmint-24-nicotine-pouches|add-to-cart,address-lookup-field,arrow-link-dark,at-element-marker,ava-nav-menu,background-cover,background-v-top,bat-agegate,bat-button,bat-card,bat-card-info,bat-carousel,bat-carousel-slides,bat-cmp-contentfragmentcollection,bat-cta,bat-cta-style,bat-email-verification,bat-faq-default,bat-footer-bottom,bat-footer-payment-icons,bat-footer-social-nav,bat-footer-zonnic,bat-footer-zonnic-container,bat-footer-zonnic-copyright,bat-footer-zonnic-disclaimer,bat-footer-zonnic-label-page-breadcrumb,bat-footer-zonnic-logo,bat-footer-zonnic-logo-icon,bat-footer-zonnic-main,bat-footer-zonnic-nav,bat-footer-zonnic-nav-menu,bat-footer-zonnic-nav-menu-title,bat-footer-zonnic-submenu,bat-footer-zonnic-top,bat-form,bat-form-block,bat-form-block-text,bat-form-field,bat-form-field-set,bat-form-field-tip,bat-form-messages,bat-form-msg,bat-form-step,bat-header,bat-header-account,bat-header-account-icon-label,bat-header-account-icon-label-auth,bat-header-account-link,bat-header-account-menu,bat-header-content,bat-header-fixed-spacer,bat-header-logo,bat-header-menu,bat-header-menu-button,bat-header-nav,bat-header-promo,bat-header-promo-link,bat-header-stores,bat-header-stores-link,bat-header-support,bat-header-support-link,bat-header-top,bat-header-utils,bat-header-wrapper,bat-headline,bat-headline-style,bat-hero-zonnic,bat-icon,bat-image,bat-language,bat-location,bat-message,bat-message-text,bat-messagebar,bat-minicart,bat-minicart-basket-total,bat-minicart-count,bat-minicart-empty-content,bat-minicart-empty-headline,bat-minicart-empty-icon,bat-minicart-empty-message,bat-minicart-subtotal-label,bat-minicart-subtotal-value,bat-minicart-total-items,bat-minicart-wrapper,bat-modal,bat-modal-close,bat-modal-content,bat-navigation,bat-navigation-group,bat-navigation-group-list,bat-navigation-group-list-item,bat-navigation-group-list-item-link,bat-page,bat-producthero,bat-productstickybar,bat-section,bat-section-content,bat-section-content-style,bat-section-modal,bat-section-style,bat-text,bat-wrapper,breadcrumb-description,button-dark,button-secondary-dark,card-masthead-product,cmp-experiencefragment,consent-block,container-fluid,cq-dd-paragraph,cta-hide,cta-label,cta-logged-in-user,cta-logged-out-user,cta-show,current-page,d-align-right,d-block,d-lg-block,d-lg-none,d-md-block,d-md-none,d-none,d-sm-block,d-sm-none,d-xl-block,d-xl-none,display-address,email-cant-verify,email-invalid,embedded-messaging,error-msg,existing-user,existing-user-close,fa-chevron-left,fa-chevron-right,fa-plus,felix-logo-svg,field-note,full-width,gallery-chill-mint-green-gradient,gallery-steel-grey-gradient,global-components,headline1-large,hide-nb,hide-qc,icon-center,icon-plus,less-link,login-error-message,login-success-message,lookup-field,m-align-left,margin-none,margin-small,margin-xsmall,meet-zonnic-cards,menu-title,more-link,newsletter-headline,padding-bottom-large,padding-bottom-medium,padding-bottom-small,padding-bottom-xsmall,padding-left-large,padding-left-medium,padding-left-small,padding-right-large,padding-right-medium,padding-right-small,padding-top-large,padding-top-medium,padding-top-small,padding-top-xsmall,page-theme,product-carousel,producthero-content,producthero-content-ctas,producthero-content-name,producthero-description,producthero-gallery,producthero-gallery-images,producthero-gallery-thumbs,producthero-readmore,radio-input,radio-set,select-wrapper,slick-active,slick-arrow,slick-cloned,slick-current,slick-dots,slick-dotted,slick-initialized,slick-list,slick-next,slick-prev,slick-slide,slick-slider,slick-track,submenu-content,to-login,toggle-visibility,user-invalid,what-is-zonnic,why-zonnic,xf-content-height,your-address,your-details,zonnic-brand-bold,zonnic-felix-logo,zonnic-logo,zonnic-menu,zonnic-newsletter-modal,zonnic-number-icon,zonnic-step,zonnic-step-text,zonnic-steps-wrapper,zonnic-svg-text,zonnic-title-row,zonnic-title-text
privacy-policy|https://www.zonnic.ca/ca/en/privacy-policy|address-lookup-field,arrow-link-dark,at-element-marker,ava-nav-menu,background-cover,background-v-top,bat-agegate,bat-button,bat-cta,bat-cta-style,bat-email-verification,bat-footer-bottom,bat-footer-payment-icons,bat-footer-social-nav,bat-footer-zonnic,bat-footer-zonnic-container,bat-footer-zonnic-copyright,bat-footer-zonnic-disclaimer,bat-footer-zonnic-label-page-breadcrumb,bat-footer-zonnic-logo,bat-footer-zonnic-logo-icon,bat-footer-zonnic-main,bat-footer-zonnic-nav,bat-footer-zonnic-nav-menu,bat-footer-zonnic-nav-menu-title,bat-footer-zonnic-submenu,bat-footer-zonnic-top,bat-form,bat-form-block,bat-form-block-text,bat-form-field,bat-form-field-set,bat-form-field-tip,bat-form-messages,bat-form-msg,bat-form-step,bat-header,bat-header-account,bat-header-account-icon-label,bat-header-account-icon-label-auth,bat-header-account-link,bat-header-account-menu,bat-header-content,bat-header-fixed-spacer,bat-header-logo,bat-header-menu,bat-header-menu-button,bat-header-nav,bat-header-promo,bat-header-promo-link,bat-header-stores,bat-header-stores-link,bat-header-support,bat-header-support-link,bat-header-top,bat-header-utils,bat-header-wrapper,bat-headline,bat-headline-style,bat-icon,bat-image,bat-language,bat-location,bat-message,bat-message-text,bat-messagebar,bat-minicart,bat-minicart-basket-total,bat-minicart-count,bat-minicart-empty-content,bat-minicart-empty-headline,bat-minicart-empty-icon,bat-minicart-empty-message,bat-minicart-subtotal-label,bat-minicart-subtotal-value,bat-minicart-total-items,bat-minicart-wrapper,bat-modal,bat-modal-close,bat-modal-content,bat-navigation,bat-navigation-group,bat-navigation-group-list,bat-navigation-group-list-item,bat-navigation-group-list-item-link,bat-page,bat-section,bat-section-content,bat-section-content-style,bat-section-modal,bat-section-style,bat-text,bat-wrapper,breadcrumb-description,button-dark,button-secondary-dark,consent-block,container-fluid,cq-dd-paragraph,cta-hide,cta-label,cta-logged-in-user,cta-logged-out-user,cta-show,current-page,d-align-right,d-block,d-lg-block,d-lg-none,d-md-block,d-md-none,d-none,d-sm-block,d-sm-none,d-xl-block,d-xl-none,display-address,email-cant-verify,email-invalid,embedded-messaging,error-msg,existing-user,existing-user-close,field-note,full-width,gallery-steel-grey-gradient,global-components,icon-plus,login-error-message,login-success-message,lookup-field,m-align-left,margin-none,margin-small,menu-title,newsletter-headline,padding-bottom-large,padding-bottom-medium,padding-left-large,padding-left-medium,padding-left-small,padding-right-large,padding-right-medium,padding-right-small,padding-top-large,padding-top-medium,page-theme,radio-input,radio-set,select-wrapper,submenu-content,to-login,toggle-visibility,user-invalid,what-is-zonnic,why-zonnic,your-address,your-details,zonnic-logo,zonnic-menu,zonnic-newsletter-modal
privacy-policy|https://www.zonnic.ca/ca/fr/privacy-policy|address-lookup-field,arrow-link-dark,at-element-marker,ava-nav-menu,background-cover,background-v-top,bat-agegate,bat-button,bat-cta,bat-cta-style,bat-email-verification,bat-footer-bottom,bat-footer-payment-icons,bat-footer-social-nav,bat-footer-zonnic,bat-footer-zonnic-container,bat-footer-zonnic-copyright,bat-footer-zonnic-disclaimer,bat-footer-zonnic-label-page-breadcrumb,bat-footer-zonnic-logo,bat-footer-zonnic-logo-icon,bat-footer-zonnic-main,bat-footer-zonnic-nav,bat-footer-zonnic-nav-menu,bat-footer-zonnic-nav-menu-title,bat-footer-zonnic-submenu,bat-footer-zonnic-top,bat-form,bat-form-block,bat-form-block-text,bat-form-field,bat-form-field-set,bat-form-field-tip,bat-form-messages,bat-form-msg,bat-form-step,bat-header,bat-header-account,bat-header-account-icon-label,bat-header-account-icon-label-auth,bat-header-account-link,bat-header-account-menu,bat-header-content,bat-header-fixed-spacer,bat-header-logo,bat-header-menu,bat-header-menu-button,bat-header-nav,bat-header-promo,bat-header-promo-link,bat-header-stores,bat-header-stores-link,bat-header-support,bat-header-support-link,bat-header-top,bat-header-utils,bat-header-wrapper,bat-headline,bat-headline-style,bat-icon,bat-image,bat-language,bat-location,bat-message,bat-message-text,bat-messagebar,bat-minicart,bat-minicart-basket-total,bat-minicart-count,bat-minicart-empty-content,bat-minicart-empty-headline,bat-minicart-empty-icon,bat-minicart-empty-message,bat-minicart-subtotal-label,bat-minicart-subtotal-value,bat-minicart-total-items,bat-minicart-wrapper,bat-modal,bat-modal-close,bat-modal-content,bat-navigation,bat-navigation-group,bat-navigation-group-list,bat-navigation-group-list-item,bat-navigation-group-list-item-link,bat-page,bat-section,bat-section-content,bat-section-content-style,bat-section-modal,bat-section-style,bat-text,bat-wrapper,breadcrumb-description,button-dark,button-secondary-dark,consent-block,container-fluid,cq-dd-paragraph,cta-hide,cta-label,cta-logged-in-user,cta-logged-out-user,cta-show,current-page,d-align-right,d-block,d-lg-block,d-md-block,d-none,d-sm-block,d-xl-block,display-address,embedded-messaging,error-msg,existing-user,existing-user-close,field-note,full-width,gallery-steel-grey-gradient,global-components,icon-plus,login-error-message,login-success-message,lookup-field,m-align-left,margin-none,margin-small,menu-title,newsletter-headline,newsletter-subheadline,padding-bottom-large,padding-bottom-medium,padding-left-large,padding-left-medium,padding-left-small,padding-right-large,padding-right-medium,padding-right-small,padding-top-large,padding-top-medium,page-theme,radio-input,radio-set,select-wrapper,submenu-content,to-login,toggle-visibility,what-is-zonnic,why-zonnic,your-address,your-details,zonnic-logo,zonnic-menu,zonnic-newsletter-modal
prod-bucket-test|https://www.zonnic.ca/ca/en/prod-bucket-test|address-lookup-field,arrow-link-dark,at-element-marker,ava-nav-menu,background-cover,background-v-top,bat-agegate,bat-button,bat-cta,bat-cta-style,bat-email-verification,bat-footer-bottom,bat-footer-payment-icons,bat-footer-social-nav,bat-footer-zonnic,bat-footer-zonnic-container,bat-footer-zonnic-copyright,bat-footer-zonnic-disclaimer,bat-footer-zonnic-label-page-breadcrumb,bat-footer-zonnic-logo,bat-footer-zonnic-logo-icon,bat-footer-zonnic-main,bat-footer-zonnic-nav,bat-footer-zonnic-nav-menu,bat-footer-zonnic-nav-menu-title,bat-footer-zonnic-submenu,bat-footer-zonnic-top,bat-form,bat-form-block,bat-form-block-text,bat-form-field,bat-form-field-set,bat-form-field-tip,bat-form-messages,bat-form-msg,bat-form-step,bat-header,bat-header-account,bat-header-account-icon-label,bat-header-account-icon-label-auth,bat-header-account-link,bat-header-account-menu,bat-header-content,bat-header-fixed-spacer,bat-header-logo,bat-header-menu,bat-header-menu-button,bat-header-nav,bat-header-promo,bat-header-promo-link,bat-header-stores,bat-header-stores-link,bat-header-support,bat-header-support-link,bat-header-top,bat-header-utils,bat-header-wrapper,bat-headline,bat-headline-style,bat-icon,bat-image,bat-language,bat-location,bat-message,bat-message-text,bat-messagebar,bat-minicart,bat-minicart-basket-total,bat-minicart-count,bat-minicart-empty-content,bat-minicart-empty-headline,bat-minicart-empty-icon,bat-minicart-empty-message,bat-minicart-subtotal-label,bat-minicart-subtotal-value,bat-minicart-total-items,bat-minicart-wrapper,bat-modal,bat-modal-close,bat-modal-content,bat-navigation,bat-navigation-group,bat-navigation-group-list,bat-navigation-group-list-item,bat-navigation-group-list-item-link,bat-page,bat-section,bat-section-content,bat-section-content-style,bat-section-modal,bat-section-style,bat-text,bat-wrapper,breadcrumb-description,button-dark,button-secondary-dark,consent-block,container-fluid,cq-dd-paragraph,cta-hide,cta-label,cta-logged-in-user,cta-logged-out-user,cta-show,current-page,d-align-right,d-block,d-lg-block,d-lg-none,d-md-block,d-md-none,d-none,d-sm-block,d-sm-none,d-xl-block,d-xl-none,display-address,email-cant-verify,email-invalid,embedded-messaging,error-msg,existing-user,existing-user-close,field-note,full-width,gallery-steel-grey-gradient,global-components,icon-plus,login-error-message,login-success-message,lookup-field,m-align-left,margin-none,margin-small,menu-title,newsletter-headline,padding-bottom-large,padding-bottom-medium,padding-left-large,padding-left-medium,padding-left-small,padding-right-large,padding-right-medium,padding-right-small,padding-top-large,padding-top-medium,page-theme,radio-input,radio-set,select-wrapper,submenu-content,to-login,toggle-visibility,user-invalid,what-is-zonnic,why-zonnic,your-address,your-details,zonnic-logo,zonnic-menu,zonnic-newsletter-modal
prod-bucket-test|https://www.zonnic.ca/ca/fr/prod-bucket-test|address-lookup-field,arrow-link-dark,at-element-marker,ava-nav-menu,background-cover,background-v-top,bat-agegate,bat-button,bat-card,bat-cta,bat-cta-style,bat-email-verification,bat-footer-bottom,bat-footer-payment-icons,bat-footer-social-nav,bat-footer-zonnic,bat-footer-zonnic-container,bat-footer-zonnic-copyright,bat-footer-zonnic-disclaimer,bat-footer-zonnic-label-page-breadcrumb,bat-footer-zonnic-logo,bat-footer-zonnic-logo-icon,bat-footer-zonnic-main,bat-footer-zonnic-nav,bat-footer-zonnic-nav-menu,bat-footer-zonnic-nav-menu-title,bat-footer-zonnic-submenu,bat-footer-zonnic-top,bat-form,bat-form-block,bat-form-block-text,bat-form-field,bat-form-field-set,bat-form-field-tip,bat-form-messages,bat-form-msg,bat-form-step,bat-header,bat-header-account,bat-header-account-icon-label,bat-header-account-icon-label-auth,bat-header-account-link,bat-header-account-menu,bat-header-content,bat-header-fixed-spacer,bat-header-logo,bat-header-menu,bat-header-menu-button,bat-header-nav,bat-header-promo,bat-header-promo-link,bat-header-stores,bat-header-stores-link,bat-header-support,bat-header-support-link,bat-header-top,bat-header-utils,bat-header-wrapper,bat-headline,bat-headline-style,bat-icon,bat-image,bat-language,bat-location,bat-message,bat-message-text,bat-messagebar,bat-minicart,bat-minicart-basket-total,bat-minicart-count,bat-minicart-empty-content,bat-minicart-empty-headline,bat-minicart-empty-icon,bat-minicart-empty-message,bat-minicart-subtotal-label,bat-minicart-subtotal-value,bat-minicart-total-items,bat-minicart-wrapper,bat-modal,bat-modal-close,bat-modal-content,bat-navigation,bat-navigation-group,bat-navigation-group-list,bat-navigation-group-list-item,bat-navigation-group-list-item-link,bat-page,bat-section,bat-section-content,bat-section-content-style,bat-section-modal,bat-section-style,bat-text,bat-wrapper,bg-whisper-gray,breadcrumb-description,button-dark,button-secondary-dark,consent-block,container-fluid,cq-dd-paragraph,cta-hide,cta-label,cta-logged-in-user,cta-logged-out-user,cta-show,current-page,d-align-right,d-block,d-lg-block,d-lg-none,d-md-block,d-md-none,d-none,d-sm-block,d-sm-none,d-xl-block,d-xl-none,display-address,embedded-messaging,error-msg,existing-user,existing-user-close,field-note,full-width,gallery-steel-grey-gradient,global-components,icon-plus,login-error-message,login-success-message,lookup-field,m-align-left,margin-none,margin-small,menu-title,newsletter-headline,newsletter-subheadline,padding-bottom-large,padding-bottom-medium,padding-bottom-small,padding-left-large,padding-left-medium,padding-left-small,padding-right-large,padding-right-medium,padding-right-small,padding-top-large,padding-top-medium,padding-top-small,page-theme,radio-input,radio-set,select-wrapper,submenu-content,to-login,toggle-visibility,what-is-zonnic,why-zonnic,your-address,your-details,zonnic-logo,zonnic-menu,zonnic-newsletter-modal
quit-on-your-terms|https://www.zonnic.ca/ca/en/quit-on-your-terms|address-lookup-field,arrow-link-dark,at-element-marker,ava-nav-menu,background-cover,background-v-top,bat-agegate,bat-button,bat-card,bat-carousel,bat-carousel-slides,bat-cta,bat-cta-style,bat-email-verification,bat-footer-bottom,bat-footer-payment-icons,bat-footer-social-nav,bat-footer-zonnic,bat-footer-zonnic-container,bat-footer-zonnic-copyright,bat-footer-zonnic-disclaimer,bat-footer-zonnic-label-page-breadcrumb,bat-footer-zonnic-logo,bat-footer-zonnic-logo-icon,bat-footer-zonnic-main,bat-footer-zonnic-nav,bat-footer-zonnic-nav-menu,bat-footer-zonnic-nav-menu-title,bat-footer-zonnic-submenu,bat-footer-zonnic-top,bat-form,bat-form-block,bat-form-block-text,bat-form-field,bat-form-field-set,bat-form-field-tip,bat-form-messages,bat-form-msg,bat-form-step,bat-header,bat-header-account,bat-header-account-icon-label,bat-header-account-icon-label-auth,bat-header-account-link,bat-header-account-menu,bat-header-content,bat-header-fixed-spacer,bat-header-logo,bat-header-menu,bat-header-menu-button,bat-header-nav,bat-header-promo,bat-header-promo-link,bat-header-stores,bat-header-stores-link,bat-header-support,bat-header-support-link,bat-header-top,bat-header-utils,bat-header-wrapper,bat-headline,bat-headline-style,bat-hero-zonnic,bat-icon,bat-image,bat-language,bat-location,bat-message,bat-message-text,bat-messagebar,bat-minicart,bat-minicart-basket-total,bat-minicart-count,bat-minicart-empty-content,bat-minicart-empty-headline,bat-minicart-empty-icon,bat-minicart-empty-message,bat-minicart-subtotal-label,bat-minicart-subtotal-value,bat-minicart-total-items,bat-minicart-wrapper,bat-modal,bat-modal-close,bat-modal-content,bat-navigation,bat-navigation-group,bat-navigation-group-list,bat-navigation-group-list-item,bat-navigation-group-list-item-link,bat-page,bat-section,bat-section-content,bat-section-content-style,bat-section-modal,bat-section-style,bat-storelocator,bat-text,bat-wrapper,breadcrumb-description,button-dark,button-secondary-dark,button-secondary-light,consent-block,container-fluid,cq-dd-paragraph,cta-hide,cta-label,cta-logged-in-user,cta-logged-out-user,cta-show,current-page,d-align-right,d-block,d-lg-block,d-lg-none,d-md-block,d-md-none,d-none,d-sm-block,d-sm-none,d-xl-block,d-xl-none,display-address,email-cant-verify,email-invalid,embedded-messaging,error-msg,existing-user,existing-user-close,fa-chevron-left,fa-chevron-right,field-note,full-width,gallery-steel-grey-gradient,global-components,headline2-color2,icon-plus,icon-stores,login-error-message,login-success-message,lookup-field,m-align-left,mapbox-improve-map,mapboxgl-canary,mapboxgl-canvas,mapboxgl-canvas-container,mapboxgl-compact,mapboxgl-control-container,mapboxgl-ctrl,mapboxgl-ctrl-attrib,mapboxgl-ctrl-attrib-button,mapboxgl-ctrl-attrib-inner,mapboxgl-ctrl-bottom-left,mapboxgl-ctrl-bottom-right,mapboxgl-ctrl-geocoder,mapboxgl-ctrl-logo,mapboxgl-ctrl-top-left,mapboxgl-ctrl-top-right,mapboxgl-interactive,mapboxgl-map,mapboxgl-touch-drag-pan,mapboxgl-touch-zoom-rotate,margin-medium,margin-none,margin-small,margin-xsmall,menu-title,newsletter-headline,padding-bottom-large,padding-bottom-medium,padding-bottom-small,padding-bottom-xsmall,padding-left-large,padding-left-medium,padding-left-small,padding-left-xsmall,padding-right-large,padding-right-medium,padding-right-small,padding-right-xsmall,padding-top-large,padding-top-medium,padding-top-small,padding-top-xsmall,page-theme,product-carousel,radio-input,radio-set,same-as-top,select-wrapper,slick-active,slick-arrow,slick-cloned,slick-current,slick-dots,slick-dotted,slick-initialized,slick-list,slick-next,slick-prev,slick-slide,slick-slider,slick-track,submenu-content,suggestions-wrapper,to-login,toggle-visibility,user-invalid,what-is-zonnic,why-zonnic,your-address,your-details,zonnic-logo,zonnic-menu,zonnic-newsletter-modal
quit-on-your-terms|https://www.zonnic.ca/ca/fr/quit-on-your-terms|address-lookup-field,arrow-link-dark,at-element-marker,ava-nav-menu,background-cover,background-v-top,bat-agegate,bat-button,bat-card,bat-carousel,bat-carousel-slides,bat-cta,bat-cta-style,bat-email-verification,bat-footer-bottom,bat-footer-payment-icons,bat-footer-social-nav,bat-footer-zonnic,bat-footer-zonnic-container,bat-footer-zonnic-copyright,bat-footer-zonnic-disclaimer,bat-footer-zonnic-label-page-breadcrumb,bat-footer-zonnic-logo,bat-footer-zonnic-logo-icon,bat-footer-zonnic-main,bat-footer-zonnic-nav,bat-footer-zonnic-nav-menu,bat-footer-zonnic-nav-menu-title,bat-footer-zonnic-submenu,bat-footer-zonnic-top,bat-form,bat-form-block,bat-form-block-text,bat-form-field,bat-form-field-set,bat-form-field-tip,bat-form-messages,bat-form-msg,bat-form-step,bat-header,bat-header-account,bat-header-account-icon-label,bat-header-account-icon-label-auth,bat-header-account-link,bat-header-account-menu,bat-header-content,bat-header-fixed-spacer,bat-header-logo,bat-header-menu,bat-header-menu-button,bat-header-nav,bat-header-promo,bat-header-promo-link,bat-header-stores,bat-header-stores-link,bat-header-support,bat-header-support-link,bat-header-top,bat-header-utils,bat-header-wrapper,bat-headline,bat-headline-style,bat-hero-zonnic,bat-icon,bat-image,bat-language,bat-location,bat-message,bat-message-text,bat-messagebar,bat-minicart,bat-minicart-basket-total,bat-minicart-count,bat-minicart-empty-content,bat-minicart-empty-headline,bat-minicart-empty-icon,bat-minicart-empty-message,bat-minicart-subtotal-label,bat-minicart-subtotal-value,bat-minicart-total-items,bat-minicart-wrapper,bat-modal,bat-modal-close,bat-modal-content,bat-navigation,bat-navigation-group,bat-navigation-group-list,bat-navigation-group-list-item,bat-navigation-group-list-item-link,bat-page,bat-section,bat-section-content,bat-section-content-style,bat-section-modal,bat-section-style,bat-storelocator,bat-text,bat-wrapper,breadcrumb-description,button-dark,button-secondary-dark,button-secondary-light,consent-block,container-fluid,cq-dd-paragraph,cta-hide,cta-label,cta-logged-in-user,cta-logged-out-user,cta-show,current-page,d-align-right,d-block,d-lg-block,d-lg-none,d-md-block,d-md-none,d-none,d-sm-block,d-sm-none,d-xl-block,d-xl-none,display-address,embedded-messaging,error-msg,existing-user,existing-user-close,field-note,full-width,gallery-steel-grey-gradient,global-components,headline2-color2,icon-plus,icon-stores,login-error-message,login-success-message,lookup-field,m-align-left,mapbox-improve-map,mapboxgl-canary,mapboxgl-canvas,mapboxgl-canvas-container,mapboxgl-compact,mapboxgl-control-container,mapboxgl-ctrl,mapboxgl-ctrl-attrib,mapboxgl-ctrl-attrib-button,mapboxgl-ctrl-attrib-inner,mapboxgl-ctrl-bottom-left,mapboxgl-ctrl-bottom-right,mapboxgl-ctrl-geocoder,mapboxgl-ctrl-logo,mapboxgl-ctrl-top-left,mapboxgl-ctrl-top-right,mapboxgl-interactive,mapboxgl-map,mapboxgl-touch-drag-pan,mapboxgl-touch-zoom-rotate,margin-medium,margin-none,margin-small,margin-xsmall,menu-title,newsletter-headline,newsletter-subheadline,padding-bottom-large,padding-bottom-medium,padding-bottom-small,padding-bottom-xsmall,padding-left-large,padding-left-medium,padding-left-small,padding-left-xsmall,padding-right-large,padding-right-medium,padding-right-small,padding-right-xsmall,padding-top-large,padding-top-medium,padding-top-small,padding-top-xsmall,page-theme,product-carousel,radio-input,radio-set,same-as-top,select-wrapper,slick-active,slick-arrow,slick-current,slick-dots,slick-dotted,slick-initialized,slick-list,slick-next,slick-prev,slick-slide,slick-slider,slick-track,submenu-content,suggestions-wrapper,to-login,toggle-visibility,what-is-zonnic,why-zonnic,your-address,your-details,zonnic-logo,zonnic-menu,zonnic-newsletter-modal
quit-zone-archived-page|https://www.zonnic.ca/ca/en/quit-zone-archived-page|address-lookup-field,arrow-link-dark,at-element-marker,ava-nav-menu,background-cover,background-v-top,bat-agegate,bat-button,bat-card,bat-carousel,bat-carousel-slides,bat-cta,bat-cta-style,bat-email-verification,bat-footer-bottom,bat-footer-payment-icons,bat-footer-social-nav,bat-footer-zonnic,bat-footer-zonnic-container,bat-footer-zonnic-copyright,bat-footer-zonnic-disclaimer,bat-footer-zonnic-label-page-breadcrumb,bat-footer-zonnic-logo,bat-footer-zonnic-logo-icon,bat-footer-zonnic-main,bat-footer-zonnic-nav,bat-footer-zonnic-nav-menu,bat-footer-zonnic-nav-menu-title,bat-footer-zonnic-submenu,bat-footer-zonnic-top,bat-form,bat-form-block,bat-form-block-text,bat-form-field,bat-form-field-set,bat-form-field-tip,bat-form-messages,bat-form-msg,bat-form-step,bat-header,bat-header-account,bat-header-account-icon-label,bat-header-account-icon-label-auth,bat-header-account-link,bat-header-account-menu,bat-header-content,bat-header-fixed-spacer,bat-header-logo,bat-header-menu,bat-header-menu-button,bat-header-nav,bat-header-promo,bat-header-promo-link,bat-header-stores,bat-header-stores-link,bat-header-support,bat-header-support-link,bat-header-top,bat-header-utils,bat-header-wrapper,bat-headline,bat-headline-style,bat-hero-zonnic,bat-icon,bat-image,bat-language,bat-location,bat-message,bat-message-text,bat-messagebar,bat-minicart,bat-minicart-basket-total,bat-minicart-count,bat-minicart-empty-content,bat-minicart-empty-headline,bat-minicart-empty-icon,bat-minicart-empty-message,bat-minicart-subtotal-label,bat-minicart-subtotal-value,bat-minicart-total-items,bat-minicart-wrapper,bat-modal,bat-modal-close,bat-modal-content,bat-navigation,bat-navigation-group,bat-navigation-group-list,bat-navigation-group-list-item,bat-navigation-group-list-item-link,bat-page,bat-section,bat-section-content,bat-section-content-style,bat-section-modal,bat-section-style,bat-text,bat-wrapper,breadcrumb-description,button-dark,button-secondary-dark,consent-block,container-fluid,cq-dd-paragraph,cta-hide,cta-label,cta-logged-in-user,cta-logged-out-user,cta-show,current-page,d-align-right,d-block,d-lg-block,d-lg-none,d-md-block,d-md-none,d-none,d-sm-block,d-sm-none,d-xl-block,d-xl-none,display-address,email-cant-verify,email-invalid,embedded-messaging,error-msg,existing-user,existing-user-close,fa-chevron-left,fa-chevron-right,field-note,full-width,gallery-steel-grey-gradient,global-components,headline1-large,icon-plus,login-error-message,login-success-message,lookup-field,m-align-left,margin-medium,margin-none,margin-small,margin-xsmall,menu-title,newsletter-headline,padding-bottom-large,padding-bottom-medium,padding-bottom-small,padding-bottom-xsmall,padding-left-large,padding-left-medium,padding-left-small,padding-left-xsmall,padding-right-large,padding-right-medium,padding-right-small,padding-right-xsmall,padding-top-large,padding-top-medium,padding-top-small,padding-top-xsmall,page-theme,radio-input,radio-set,select-wrapper,slick-active,slick-arrow,slick-cloned,slick-current,slick-dots,slick-dotted,slick-initialized,slick-list,slick-next,slick-prev,slick-slide,slick-slider,slick-track,submenu-content,to-login,toggle-visibility,user-invalid,what-is-zonnic,why-zonnic,your-address,your-details,zonnic-logo,zonnic-menu,zonnic-newsletter-modal
quit-zone-archived-page|https://www.zonnic.ca/ca/fr/quit-zone-archived-page|address-lookup-field,arrow-link-dark,ava-nav-menu,background-cover,background-v-top,bat-account-nav,bat-agegate,bat-button,bat-card,bat-carousel,bat-carousel-slides,bat-cta,bat-cta-style,bat-email-verification,bat-footer-bottom,bat-footer-payment-icons,bat-footer-social-nav,bat-footer-zonnic,bat-footer-zonnic-container,bat-footer-zonnic-copyright,bat-footer-zonnic-disclaimer,bat-footer-zonnic-label-page-breadcrumb,bat-footer-zonnic-logo,bat-footer-zonnic-logo-icon,bat-footer-zonnic-main,bat-footer-zonnic-nav,bat-footer-zonnic-nav-menu,bat-footer-zonnic-nav-menu-title,bat-footer-zonnic-submenu,bat-footer-zonnic-top,bat-form,bat-form-block,bat-form-block-text,bat-form-field,bat-form-field-set,bat-form-field-tip,bat-form-messages,bat-form-msg,bat-form-step,bat-header,bat-header-account,bat-header-account-icon-label,bat-header-account-icon-label-auth,bat-header-account-link,bat-header-account-menu,bat-header-content,bat-header-fixed-spacer,bat-header-logo,bat-header-menu,bat-header-menu-button,bat-header-nav,bat-header-promo,bat-header-promo-link,bat-header-stores,bat-header-stores-link,bat-header-support,bat-header-support-link,bat-header-top,bat-header-utils,bat-header-wrapper,bat-headline,bat-headline-style,bat-hero-zonnic,bat-icon,bat-image,bat-language,bat-location,bat-message,bat-message-text,bat-messagebar,bat-minicart,bat-minicart-basket-total,bat-minicart-count,bat-minicart-empty-content,bat-minicart-empty-headline,bat-minicart-empty-icon,bat-minicart-empty-message,bat-minicart-subtotal-label,bat-minicart-subtotal-value,bat-minicart-total-items,bat-minicart-wrapper,bat-modal,bat-modal-close,bat-modal-content,bat-navigation,bat-navigation-group,bat-navigation-group-list,bat-navigation-group-list-item,bat-navigation-group-list-item-link,bat-page,bat-section,bat-section-content,bat-section-content-style,bat-section-modal,bat-section-style,bat-text,bat-wrapper,breadcrumb-description,button-dark,button-secondary-dark,consent-block,container-fluid,cq-dd-paragraph,cta-hide,cta-label,cta-logged-in-user,cta-logged-out-user,cta-show,current-page,d-align-right,d-block,d-lg-block,d-lg-none,d-md-block,d-md-none,d-none,d-sm-block,d-sm-none,d-xl-block,d-xl-none,display-address,embedded-messaging,error-msg,existing-user,existing-user-close,fa-chevron-left,fa-chevron-right,field-note,full-width,gallery-steel-grey-gradient,global-components,headline1-large,headline1-light,icon-plus,login-error-message,login-success-message,lookup-field,m-align-left,margin-medium,margin-none,margin-small,margin-xsmall,menu-title,newsletter-headline,newsletter-subheadline,padding-bottom-large,padding-bottom-medium,padding-bottom-small,padding-bottom-xsmall,padding-left-large,padding-left-medium,padding-left-small,padding-left-xsmall,padding-right-large,padding-right-medium,padding-right-small,padding-right-xsmall,padding-top-large,padding-top-medium,padding-top-small,padding-top-xsmall,page-theme,radio-input,radio-set,same-as-top,select-wrapper,slick-active,slick-arrow,slick-cloned,slick-current,slick-dots,slick-dotted,slick-initialized,slick-list,slick-next,slick-prev,slick-slide,slick-slider,slick-track,submenu-content,to-login,toggle-visibility,what-is-zonnic,why-zonnic,your-address,your-details,zonnic-logo,zonnic-menu,zonnic-newsletter-modal
quit-zone|https://www.zonnic.ca/ca/en/quit-zone|address-lookup-field,arrow-link-dark,at-element-marker,ava-nav-menu,background-cover,background-v-top,bat-agegate,bat-button,bat-card,bat-card-info,bat-carousel,bat-carousel-slides,bat-cmp-contentfragmentcollection,bat-cta,bat-cta-style,bat-email-verification,bat-faq-default,bat-footer-bottom,bat-footer-payment-icons,bat-footer-social-nav,bat-footer-zonnic,bat-footer-zonnic-container,bat-footer-zonnic-copyright,bat-footer-zonnic-disclaimer,bat-footer-zonnic-label-page-breadcrumb,bat-footer-zonnic-logo,bat-footer-zonnic-logo-icon,bat-footer-zonnic-main,bat-footer-zonnic-nav,bat-footer-zonnic-nav-menu,bat-footer-zonnic-nav-menu-title,bat-footer-zonnic-submenu,bat-footer-zonnic-top,bat-form,bat-form-block,bat-form-block-text,bat-form-field,bat-form-field-set,bat-form-field-tip,bat-form-messages,bat-form-msg,bat-form-step,bat-header,bat-header-account,bat-header-account-icon-label,bat-header-account-icon-label-auth,bat-header-account-link,bat-header-account-menu,bat-header-content,bat-header-fixed-spacer,bat-header-logo,bat-header-menu,bat-header-menu-button,bat-header-nav,bat-header-promo,bat-header-promo-link,bat-header-stores,bat-header-stores-link,bat-header-support,bat-header-support-link,bat-header-top,bat-header-utils,bat-header-wrapper,bat-headline,bat-headline-style,bat-hero-zonnic,bat-icon,bat-image,bat-language,bat-location,bat-message,bat-message-text,bat-messagebar,bat-minicart,bat-minicart-basket-total,bat-minicart-count,bat-minicart-empty-content,bat-minicart-empty-headline,bat-minicart-empty-icon,bat-minicart-empty-message,bat-minicart-subtotal-label,bat-minicart-subtotal-value,bat-minicart-total-items,bat-minicart-wrapper,bat-modal,bat-modal-close,bat-modal-content,bat-navigation,bat-navigation-group,bat-navigation-group-list,bat-navigation-group-list-item,bat-navigation-group-list-item-link,bat-page,bat-section,bat-section-content,bat-section-content-style,bat-section-modal,bat-section-style,bat-text,bat-wrapper,breadcrumb-description,button-dark,button-secondary-dark,button-secondary-light,consent-block,container-fluid,cq-dd-paragraph,cta-hide,cta-label,cta-logged-in-user,cta-logged-out-user,cta-show,current-page,d-align-right,d-block,d-lg-block,d-lg-none,d-md-block,d-md-none,d-none,d-sm-block,d-sm-none,d-xl-block,d-xl-none,display-address,email-cant-verify,email-invalid,embedded-messaging,error-msg,existing-user,existing-user-close,fa-chevron-left,fa-chevron-right,fa-plus,field-note,full-width,gallery-steel-grey-gradient,global-components,headline1-large,icon-center,icon-plus,login-error-message,login-success-message,lookup-field,m-align-left,margin-medium,margin-none,margin-small,margin-xsmall,menu-title,newsletter-headline,padding-bottom-large,padding-bottom-medium,padding-bottom-small,padding-left-large,padding-left-medium,padding-left-small,padding-left-xsmall,padding-right-large,padding-right-medium,padding-right-small,padding-right-xsmall,padding-top-large,padding-top-medium,padding-top-small,padding-top-xsmall,page-theme,product-carousel,radio-input,radio-set,same-as-top,select-wrapper,slick-active,slick-arrow,slick-current,slick-hidden,slick-initialized,slick-list,slick-next,slick-prev,slick-slide,slick-slider,slick-track,submenu-content,to-login,toggle-visibility,user-invalid,what-is-zonnic,why-zonnic,your-address,your-details,zonnic-logo,zonnic-menu,zonnic-newsletter-modal
quit-zone|https://www.zonnic.ca/ca/fr/quit-zone|address-lookup-field,arrow-link-dark,at-element-marker,ava-nav-menu,background-cover,background-v-top,bat-agegate,bat-button,bat-card,bat-card-info,bat-carousel,bat-carousel-slides,bat-cmp-contentfragmentcollection,bat-cta,bat-cta-style,bat-email-verification,bat-faq-default,bat-footer-bottom,bat-footer-payment-icons,bat-footer-social-nav,bat-footer-zonnic,bat-footer-zonnic-container,bat-footer-zonnic-copyright,bat-footer-zonnic-disclaimer,bat-footer-zonnic-label-page-breadcrumb,bat-footer-zonnic-logo,bat-footer-zonnic-logo-icon,bat-footer-zonnic-main,bat-footer-zonnic-nav,bat-footer-zonnic-nav-menu,bat-footer-zonnic-nav-menu-title,bat-footer-zonnic-submenu,bat-footer-zonnic-top,bat-form,bat-form-block,bat-form-block-text,bat-form-field,bat-form-field-set,bat-form-field-tip,bat-form-messages,bat-form-msg,bat-form-step,bat-header,bat-header-account,bat-header-account-icon-label,bat-header-account-icon-label-auth,bat-header-account-link,bat-header-account-menu,bat-header-content,bat-header-fixed-spacer,bat-header-logo,bat-header-menu,bat-header-menu-button,bat-header-nav,bat-header-promo,bat-header-promo-link,bat-header-stores,bat-header-stores-link,bat-header-support,bat-header-support-link,bat-header-top,bat-header-utils,bat-header-wrapper,bat-headline,bat-headline-style,bat-hero-zonnic,bat-icon,bat-image,bat-language,bat-location,bat-message,bat-message-text,bat-messagebar,bat-minicart,bat-minicart-basket-total,bat-minicart-count,bat-minicart-empty-content,bat-minicart-empty-headline,bat-minicart-empty-icon,bat-minicart-empty-message,bat-minicart-subtotal-label,bat-minicart-subtotal-value,bat-minicart-total-items,bat-minicart-wrapper,bat-modal,bat-modal-close,bat-modal-content,bat-navigation,bat-navigation-group,bat-navigation-group-list,bat-navigation-group-list-item,bat-navigation-group-list-item-link,bat-page,bat-section,bat-section-content,bat-section-content-style,bat-section-modal,bat-section-style,bat-text,bat-wrapper,breadcrumb-description,button-dark,button-secondary-dark,button-secondary-light,consent-block,container-fluid,cq-dd-paragraph,cta-hide,cta-label,cta-logged-in-user,cta-logged-out-user,cta-show,current-page,d-align-right,d-block,d-lg-block,d-lg-none,d-md-block,d-md-none,d-none,d-sm-block,d-sm-none,d-xl-block,d-xl-none,display-address,embedded-messaging,error-msg,existing-user,existing-user-close,fa-chevron-left,fa-chevron-right,field-note,full-width,gallery-steel-grey-gradient,global-components,headline1-large,icon-plus,login-error-message,login-success-message,lookup-field,m-align-left,margin-medium,margin-none,margin-small,margin-xsmall,menu-title,newsletter-headline,newsletter-subheadline,padding-bottom-large,padding-bottom-medium,padding-bottom-small,padding-left-large,padding-left-medium,padding-left-small,padding-left-xsmall,padding-right-large,padding-right-medium,padding-right-small,padding-right-xsmall,padding-top-large,padding-top-medium,padding-top-small,padding-top-xsmall,page-theme,product-carousel,radio-input,radio-set,same-as-top,select-wrapper,slick-active,slick-cloned,slick-current,slick-dots,slick-dotted,slick-initialized,slick-list,slick-next,slick-prev,slick-slide,slick-slider,slick-track,submenu-content,to-login,toggle-visibility,what-is-zonnic,why-zonnic,your-address,your-details,zonnic-logo,zonnic-menu,zonnic-newsletter-modal
real-people-real-success|https://www.zonnic.ca/ca/en/real-people-real-success/joshs-quit-journey-testimonial|arrow-link-dark,at-element-marker,ava-nav-menu,background-cover,background-v-top,bat-agegate,bat-button,bat-card,bat-card-info,bat-carousel,bat-carousel-slides,bat-cmp-contentfragmentcollection,bat-cta,bat-cta-style,bat-email-verification,bat-faq-default,bat-footer-bottom,bat-footer-payment-icons,bat-footer-social-nav,bat-footer-zonnic,bat-footer-zonnic-container,bat-footer-zonnic-copyright,bat-footer-zonnic-disclaimer,bat-footer-zonnic-label-page-breadcrumb,bat-footer-zonnic-logo,bat-footer-zonnic-logo-icon,bat-footer-zonnic-main,bat-footer-zonnic-nav,bat-footer-zonnic-nav-menu,bat-footer-zonnic-nav-menu-title,bat-footer-zonnic-submenu,bat-footer-zonnic-top,bat-form,bat-form-block,bat-form-block-text,bat-form-field,bat-form-field-set,bat-form-messages,bat-form-msg,bat-form-step,bat-header,bat-header-account,bat-header-account-icon-label,bat-header-account-icon-label-auth,bat-header-account-link,bat-header-account-menu,bat-header-content,bat-header-fixed-spacer,bat-header-logo,bat-header-menu,bat-header-menu-button,bat-header-nav,bat-header-promo,bat-header-promo-link,bat-header-stores,bat-header-stores-link,bat-header-support,bat-header-support-link,bat-header-top,bat-header-utils,bat-header-wrapper,bat-headline,bat-headline-style,bat-hero-zonnic,bat-icon,bat-image,bat-language,bat-location,bat-message,bat-message-text,bat-messagebar,bat-minicart,bat-minicart-basket-total,bat-minicart-count,bat-minicart-empty-content,bat-minicart-empty-headline,bat-minicart-empty-icon,bat-minicart-empty-message,bat-minicart-subtotal-label,bat-minicart-subtotal-value,bat-minicart-total-items,bat-minicart-wrapper,bat-modal,bat-modal-close,bat-modal-content,bat-navigation,bat-navigation-group,bat-navigation-group-list,bat-navigation-group-list-item,bat-navigation-group-list-item-link,bat-page,bat-section,bat-section-content,bat-section-content-style,bat-section-modal,bat-section-style,bat-text,bat-wrapper,breadcrumb-description,button-dark,button-secondary-dark,consent-block,container-fluid,cq-dd-paragraph,cta-hide,cta-label,cta-logged-in-user,cta-logged-out-user,cta-show,current-page,d-align-right,d-block,d-lg-block,d-lg-none,d-md-block,d-md-none,d-none,d-sm-block,d-sm-none,d-xl-block,d-xl-none,embedded-messaging,error-msg,fa-chevron-left,fa-chevron-right,fa-plus,field-note,full-width,gallery-steel-grey-gradient,global-components,headline1-large,headline2-color2,icon-center,icon-plus,login-error-message,login-success-message,m-align-left,margin-medium,margin-none,margin-small,margin-xsmall,menu-title,newsletter-headline,padding-bottom-large,padding-bottom-medium,padding-bottom-small,padding-left-large,padding-left-medium,padding-left-small,padding-left-xsmall,padding-right-large,padding-right-medium,padding-right-small,padding-right-xsmall,padding-top-large,padding-top-medium,padding-top-small,padding-top-xsmall,page-theme,radio-input,radio-set,same-as-top,select-wrapper,slick-active,slick-arrow,slick-cloned,slick-current,slick-disabled,slick-dots,slick-dotted,slick-initialized,slick-list,slick-next,slick-prev,slick-slide,slick-slider,slick-track,submenu-content,toggle-visibility,what-is-zonnic,why-zonnic,zonnic-logo,zonnic-menu,zonnic-newsletter-modal
real-people-real-success|https://www.zonnic.ca/ca/en/real-people-real-success|arrow-link-dark,at-element-marker,ava-nav-menu,background-cover,background-v-top,bat-agegate,bat-button,bat-card,bat-card-info,bat-carousel,bat-carousel-slides,bat-cmp-contentfragmentcollection,bat-cta,bat-cta-style,bat-email-verification,bat-faq-default,bat-footer-bottom,bat-footer-payment-icons,bat-footer-social-nav,bat-footer-zonnic,bat-footer-zonnic-container,bat-footer-zonnic-copyright,bat-footer-zonnic-disclaimer,bat-footer-zonnic-label-page-breadcrumb,bat-footer-zonnic-logo,bat-footer-zonnic-logo-icon,bat-footer-zonnic-main,bat-footer-zonnic-nav,bat-footer-zonnic-nav-menu,bat-footer-zonnic-nav-menu-title,bat-footer-zonnic-submenu,bat-footer-zonnic-top,bat-form,bat-form-block,bat-form-block-text,bat-form-field,bat-form-field-set,bat-form-messages,bat-form-msg,bat-form-step,bat-header,bat-header-account,bat-header-account-icon-label,bat-header-account-icon-label-auth,bat-header-account-link,bat-header-account-menu,bat-header-content,bat-header-fixed-spacer,bat-header-logo,bat-header-menu,bat-header-menu-button,bat-header-nav,bat-header-promo,bat-header-promo-link,bat-header-stores,bat-header-stores-link,bat-header-support,bat-header-support-link,bat-header-top,bat-header-utils,bat-header-wrapper,bat-headline,bat-headline-style,bat-hero-zonnic,bat-icon,bat-image,bat-language,bat-location,bat-message,bat-message-text,bat-messagebar,bat-minicart,bat-minicart-basket-total,bat-minicart-count,bat-minicart-empty-content,bat-minicart-empty-headline,bat-minicart-empty-icon,bat-minicart-empty-message,bat-minicart-subtotal-label,bat-minicart-subtotal-value,bat-minicart-total-items,bat-minicart-wrapper,bat-modal,bat-modal-close,bat-modal-content,bat-navigation,bat-navigation-group,bat-navigation-group-list,bat-navigation-group-list-item,bat-navigation-group-list-item-link,bat-page,bat-section,bat-section-content,bat-section-content-style,bat-section-modal,bat-section-style,bat-text,bat-wrapper,breadcrumb-description,button-dark,button-secondary-dark,cmp-experiencefragment,consent-block,container-fluid,cq-dd-paragraph,cta-hide,cta-label,cta-logged-in-user,cta-logged-out-user,cta-show,current-page,d-align-right,d-block,d-lg-block,d-lg-none,d-md-block,d-md-none,d-none,d-sm-block,d-sm-none,d-xl-block,d-xl-none,dark-gray,embedded-messaging,error-msg,fa-chevron-left,fa-chevron-right,fa-plus,field-note,full-width,gallery-steel-grey-gradient,global-components,headline1-large,headline2-color2,icon-center,icon-plus,login-error-message,login-success-message,m-align-left,margin-none,margin-small,margin-xsmall,menu-title,newsletter-headline,padding-bottom-large,padding-bottom-medium,padding-bottom-small,padding-left-large,padding-left-medium,padding-left-small,padding-right-large,padding-right-medium,padding-right-small,padding-top-large,padding-top-medium,padding-top-small,padding-top-xsmall,page-theme,radio-input,radio-set,select-wrapper,slick-active,slick-arrow,slick-cloned,slick-current,slick-dots,slick-dotted,slick-hidden,slick-initialized,slick-list,slick-next,slick-prev,slick-slide,slick-slider,slick-track,submenu-content,toggle-visibility,what-is-zonnic,why-zonnic,xf-content-height,zonnic-carousel,zonnic-logo,zonnic-menu,zonnic-newsletter-modal
real-people-real-success|https://www.zonnic.ca/ca/en/real-people-real-success/sarahs-quit-journey-testimonial|arrow-link-dark,at-element-marker,ava-nav-menu,background-cover,background-v-top,bat-agegate,bat-button,bat-card,bat-card-info,bat-carousel,bat-carousel-slides,bat-cmp-contentfragmentcollection,bat-cta,bat-cta-style,bat-email-verification,bat-faq-default,bat-footer-bottom,bat-footer-payment-icons,bat-footer-social-nav,bat-footer-zonnic,bat-footer-zonnic-container,bat-footer-zonnic-copyright,bat-footer-zonnic-disclaimer,bat-footer-zonnic-label-page-breadcrumb,bat-footer-zonnic-logo,bat-footer-zonnic-logo-icon,bat-footer-zonnic-main,bat-footer-zonnic-nav,bat-footer-zonnic-nav-menu,bat-footer-zonnic-nav-menu-title,bat-footer-zonnic-submenu,bat-footer-zonnic-top,bat-form,bat-header,bat-header-account,bat-header-account-icon-label,bat-header-account-icon-label-auth,bat-header-account-link,bat-header-account-menu,bat-header-content,bat-header-fixed-spacer,bat-header-logo,bat-header-menu,bat-header-menu-button,bat-header-nav,bat-header-promo,bat-header-promo-link,bat-header-stores,bat-header-stores-link,bat-header-support,bat-header-support-link,bat-header-top,bat-header-utils,bat-header-wrapper,bat-headline,bat-headline-style,bat-hero-zonnic,bat-icon,bat-image,bat-language,bat-location,bat-messagebar,bat-minicart,bat-minicart-basket-total,bat-minicart-count,bat-minicart-empty-content,bat-minicart-empty-headline,bat-minicart-empty-icon,bat-minicart-empty-message,bat-minicart-subtotal-label,bat-minicart-subtotal-value,bat-minicart-total-items,bat-minicart-wrapper,bat-modal,bat-modal-close,bat-modal-content,bat-navigation,bat-navigation-group,bat-navigation-group-list,bat-navigation-group-list-item,bat-navigation-group-list-item-link,bat-page,bat-section,bat-section-content,bat-section-content-style,bat-section-modal,bat-section-style,bat-text,bat-wrapper,breadcrumb-description,button-dark,button-secondary-dark,container-fluid,cq-dd-paragraph,cta-hide,cta-label,cta-logged-in-user,cta-logged-out-user,cta-show,current-page,d-align-right,d-block,d-lg-block,d-lg-none,d-md-block,d-md-none,d-none,d-sm-block,d-sm-none,d-xl-block,d-xl-none,embedded-messaging,fa-chevron-left,fa-chevron-right,fa-plus,full-width,gallery-steel-grey-gradient,global-components,headline1-large,headline2-color2,icon-center,icon-plus,m-align-left,margin-medium,margin-none,margin-small,margin-xsmall,menu-title,newsletter-headline,padding-bottom-large,padding-bottom-medium,padding-bottom-small,padding-bottom-xsmall,padding-left-large,padding-left-medium,padding-left-small,padding-left-xsmall,padding-right-large,padding-right-medium,padding-right-small,padding-right-xsmall,padding-top-large,padding-top-medium,padding-top-small,padding-top-xsmall,page-theme,radio-input,radio-set,same-as-top,select-wrapper,slick-active,slick-arrow,slick-cloned,slick-current,slick-disabled,slick-dots,slick-dotted,slick-initialized,slick-list,slick-next,slick-prev,slick-slide,slick-slider,slick-track,submenu-content,what-is-zonnic,why-zonnic,zonnic-logo,zonnic-menu,zonnic-newsletter-modal
real-people-real-success|https://www.zonnic.ca/ca/fr/real-people-real-success/sarahs-quit-journey-testimonial|arrow-link-dark,at-element-marker,ava-nav-menu,background-cover,background-v-top,bat-agegate,bat-button,bat-card,bat-card-info,bat-carousel,bat-carousel-slides,bat-cmp-contentfragmentcollection,bat-cta,bat-cta-style,bat-email-verification,bat-faq-default,bat-footer-bottom,bat-footer-payment-icons,bat-footer-social-nav,bat-footer-zonnic,bat-footer-zonnic-container,bat-footer-zonnic-copyright,bat-footer-zonnic-disclaimer,bat-footer-zonnic-label-page-breadcrumb,bat-footer-zonnic-logo,bat-footer-zonnic-logo-icon,bat-footer-zonnic-main,bat-footer-zonnic-nav,bat-footer-zonnic-nav-menu,bat-footer-zonnic-nav-menu-title,bat-footer-zonnic-submenu,bat-footer-zonnic-top,bat-form,bat-form-block,bat-form-block-text,bat-form-field,bat-form-field-set,bat-form-messages,bat-form-msg,bat-form-step,bat-header,bat-header-account,bat-header-account-icon-label,bat-header-account-icon-label-auth,bat-header-account-link,bat-header-account-menu,bat-header-content,bat-header-fixed-spacer,bat-header-logo,bat-header-menu,bat-header-menu-button,bat-header-nav,bat-header-promo,bat-header-promo-link,bat-header-stores,bat-header-stores-link,bat-header-support,bat-header-support-link,bat-header-top,bat-header-utils,bat-header-wrapper,bat-headline,bat-headline-style,bat-hero-zonnic,bat-icon,bat-image,bat-language,bat-location,bat-message,bat-message-text,bat-messagebar,bat-minicart,bat-minicart-basket-total,bat-minicart-count,bat-minicart-empty-content,bat-minicart-empty-headline,bat-minicart-empty-icon,bat-minicart-empty-message,bat-minicart-subtotal-label,bat-minicart-subtotal-value,bat-minicart-total-items,bat-minicart-wrapper,bat-modal,bat-modal-close,bat-modal-content,bat-navigation,bat-navigation-group,bat-navigation-group-list,bat-navigation-group-list-item,bat-navigation-group-list-item-link,bat-page,bat-section,bat-section-content,bat-section-content-style,bat-section-modal,bat-section-style,bat-text,bat-wrapper,breadcrumb-description,button-dark,button-secondary-dark,card-carousel,consent-block,container-fluid,cq-dd-paragraph,cta-hide,cta-label,cta-logged-in-user,cta-logged-out-user,cta-show,current-page,d-align-right,d-block,d-lg-block,d-lg-none,d-md-block,d-md-none,d-none,d-sm-block,d-sm-none,d-xl-block,d-xl-none,embedded-messaging,error-msg,fa-chevron-left,fa-chevron-right,fa-plus,field-note,full-width,gallery-steel-grey-gradient,global-components,headline1-large,headline2-color2,icon-center,icon-plus,login-error-message,login-success-message,m-align-left,margin-medium,margin-none,margin-small,margin-xsmall,menu-title,newsletter-headline,newsletter-subheadline,padding-bottom-large,padding-bottom-medium,padding-bottom-small,padding-bottom-xsmall,padding-left-large,padding-left-medium,padding-left-small,padding-left-xsmall,padding-right-large,padding-right-medium,padding-right-small,padding-right-xsmall,padding-top-large,padding-top-medium,padding-top-small,padding-top-xsmall,page-theme,product-carousel,radio-input,radio-set,same-as-top,select-wrapper,slick-active,slick-arrow,slick-current,slick-disabled,slick-dots,slick-dotted,slick-hidden,slick-initialized,slick-list,slick-next,slick-prev,slick-slide,slick-slider,slick-track,submenu-content,toggle-visibility,what-is-zonnic,why-zonnic,zonnic-logo,zonnic-menu,zonnic-newsletter-modal
real-people-real-success|https://www.zonnic.ca/ca/fr/real-people-real-success/marks-quit-smoking-testimonial|address-lookup-field,arrow-link-dark,at-element-marker,ava-nav-menu,background-cover,background-v-top,bat-account-nav,bat-agegate,bat-button,bat-card,bat-card-info,bat-carousel,bat-carousel-slides,bat-cmp-contentfragmentcollection,bat-cta,bat-cta-style,bat-email-verification,bat-faq-default,bat-footer-bottom,bat-footer-payment-icons,bat-footer-social-nav,bat-footer-zonnic,bat-footer-zonnic-container,bat-footer-zonnic-copyright,bat-footer-zonnic-disclaimer,bat-footer-zonnic-label-page-breadcrumb,bat-footer-zonnic-logo,bat-footer-zonnic-logo-icon,bat-footer-zonnic-main,bat-footer-zonnic-nav,bat-footer-zonnic-nav-menu,bat-footer-zonnic-nav-menu-title,bat-footer-zonnic-submenu,bat-footer-zonnic-top,bat-form,bat-form-block,bat-form-block-text,bat-form-field,bat-form-field-set,bat-form-field-tip,bat-form-messages,bat-form-msg,bat-form-step,bat-header,bat-header-account,bat-header-account-icon-label,bat-header-account-icon-label-auth,bat-header-account-link,bat-header-account-menu,bat-header-content,bat-header-fixed-spacer,bat-header-logo,bat-header-menu,bat-header-menu-button,bat-header-nav,bat-header-promo,bat-header-promo-link,bat-header-stores,bat-header-stores-link,bat-header-support,bat-header-support-link,bat-header-top,bat-header-utils,bat-header-wrapper,bat-headline,bat-headline-style,bat-hero-zonnic,bat-icon,bat-image,bat-language,bat-location,bat-message,bat-message-text,bat-messagebar,bat-minicart,bat-minicart-basket-total,bat-minicart-count,bat-minicart-empty-content,bat-minicart-empty-headline,bat-minicart-empty-icon,bat-minicart-empty-message,bat-minicart-subtotal-label,bat-minicart-subtotal-value,bat-minicart-total-items,bat-minicart-wrapper,bat-modal,bat-modal-close,bat-modal-content,bat-navigation,bat-navigation-group,bat-navigation-group-list,bat-navigation-group-list-item,bat-navigation-group-list-item-link,bat-page,bat-section,bat-section-content,bat-section-content-style,bat-section-modal,bat-section-style,bat-text,bat-wrapper,breadcrumb-description,button-dark,button-secondary-dark,card-carousel,cmp-experiencefragment,consent-block,container-fluid,cq-dd-paragraph,cta-hide,cta-label,cta-logged-in-user,cta-logged-out-user,cta-show,current-page,d-align-right,d-block,d-lg-block,d-lg-none,d-md-block,d-md-none,d-none,d-sm-block,d-sm-none,d-xl-block,d-xl-none,dark-gray,display-address,embedded-messaging,error-msg,existing-user,existing-user-close,fa-chevron-left,fa-chevron-right,fa-plus,field-note,full-width,gallery-steel-grey-gradient,global-components,headline1-large,headline2-color2,icon-center,icon-plus,login-error-message,login-success-message,lookup-field,m-align-left,margin-medium,margin-none,margin-small,margin-xsmall,menu-title,newsletter-headline,newsletter-subheadline,padding-bottom-large,padding-bottom-medium,padding-bottom-small,padding-bottom-xsmall,padding-left-large,padding-left-medium,padding-left-small,padding-left-xsmall,padding-right-large,padding-right-medium,padding-right-small,padding-right-xsmall,padding-top-large,padding-top-medium,padding-top-small,padding-top-xsmall,page-theme,product-carousel,radio-input,radio-set,same-as-top,select-wrapper,slick-active,slick-arrow,slick-current,slick-disabled,slick-dots,slick-dotted,slick-hidden,slick-initialized,slick-list,slick-next,slick-prev,slick-slide,slick-slider,slick-track,submenu-content,to-login,toggle-visibility,what-is-zonnic,why-zonnic,xf-content-height,your-address,your-details,zonnic-logo,zonnic-menu,zonnic-newsletter-modal
real-people-real-success|https://www.zonnic.ca/ca/en/real-people-real-success/gabriels-quit-smoking-testimonial|at-element-marker,background-cover,background-v-top,bat-cmp-contentfragmentcollection,bat-page,bat-wrapper,cq-dd-paragraph,d-block,d-lg-block,d-lg-none,d-md-block,d-md-none,d-none,d-sm-block,d-sm-none,d-xl-block,d-xl-none,embedded-messaging,full-width,gallery-steel-grey-gradient,global-components,margin-medium,margin-none,margin-small,margin-xsmall,page-theme,zonnic-newsletter-modal
real-people-real-success|https://www.zonnic.ca/ca/fr/real-people-real-success/gabriels-quit-smoking-testimonial|arrow-link-dark,at-element-marker,ava-nav-menu,background-cover,background-v-top,bat-agegate,bat-button,bat-card,bat-card-info,bat-carousel,bat-carousel-slides,bat-cmp-contentfragmentcollection,bat-cta,bat-cta-style,bat-email-verification,bat-faq-default,bat-footer-bottom,bat-footer-payment-icons,bat-footer-social-nav,bat-footer-zonnic,bat-footer-zonnic-container,bat-footer-zonnic-copyright,bat-footer-zonnic-disclaimer,bat-footer-zonnic-label-page-breadcrumb,bat-footer-zonnic-logo,bat-footer-zonnic-logo-icon,bat-footer-zonnic-main,bat-footer-zonnic-nav,bat-footer-zonnic-nav-menu,bat-footer-zonnic-nav-menu-title,bat-footer-zonnic-submenu,bat-footer-zonnic-top,bat-form,bat-form-block,bat-form-block-text,bat-form-field,bat-form-field-set,bat-form-messages,bat-form-msg,bat-form-step,bat-header,bat-header-account,bat-header-account-icon-label,bat-header-account-icon-label-auth,bat-header-account-link,bat-header-account-menu,bat-header-content,bat-header-fixed-spacer,bat-header-logo,bat-header-menu,bat-header-menu-button,bat-header-nav,bat-header-promo,bat-header-promo-link,bat-header-stores,bat-header-stores-link,bat-header-support,bat-header-support-link,bat-header-top,bat-header-utils,bat-header-wrapper,bat-headline,bat-headline-style,bat-hero-zonnic,bat-icon,bat-image,bat-language,bat-location,bat-message,bat-message-text,bat-messagebar,bat-minicart,bat-minicart-basket-total,bat-minicart-count,bat-minicart-empty-content,bat-minicart-empty-headline,bat-minicart-empty-icon,bat-minicart-empty-message,bat-minicart-subtotal-label,bat-minicart-subtotal-value,bat-minicart-total-items,bat-minicart-wrapper,bat-modal,bat-modal-close,bat-modal-content,bat-navigation,bat-navigation-group,bat-navigation-group-list,bat-navigation-group-list-item,bat-navigation-group-list-item-link,bat-page,bat-section,bat-section-content,bat-section-content-style,bat-section-modal,bat-section-style,bat-text,bat-wrapper,breadcrumb-description,button-dark,button-secondary-dark,card-carousel,cmp-experiencefragment,consent-block,container-fluid,cq-dd-paragraph,cta-hide,cta-label,cta-logged-in-user,cta-logged-out-user,cta-show,current-page,d-align-right,d-block,d-lg-block,d-lg-none,d-md-block,d-md-none,d-none,d-sm-block,d-sm-none,d-xl-block,d-xl-none,dark-gray,embedded-messaging,error-msg,fa-chevron-left,fa-chevron-right,fa-plus,field-note,full-width,gallery-steel-grey-gradient,global-components,headline1-large,headline2-color2,icon-center,icon-plus,login-error-message,login-success-message,m-align-left,margin-medium,margin-none,margin-small,margin-xsmall,menu-title,newsletter-headline,newsletter-subheadline,padding-bottom-large,padding-bottom-medium,padding-bottom-small,padding-bottom-xsmall,padding-left-large,padding-left-medium,padding-left-small,padding-left-xsmall,padding-right-large,padding-right-medium,padding-right-small,padding-right-xsmall,padding-top-large,padding-top-medium,padding-top-small,padding-top-xsmall,page-theme,product-carousel,radio-input,radio-set,same-as-top,select-wrapper,slick-active,slick-arrow,slick-current,slick-disabled,slick-dots,slick-dotted,slick-hidden,slick-initialized,slick-list,slick-next,slick-prev,slick-slide,slick-slider,slick-track,submenu-content,toggle-visibility,what-is-zonnic,why-zonnic,xf-content-height,zonnic-logo,zonnic-menu,zonnic-newsletter-modal
real-people-real-success|https://www.zonnic.ca/ca/en/real-people-real-success/colins-quit-smoking-testimonial|address-lookup-field,arrow-link-dark,at-element-marker,ava-nav-menu,background-cover,background-v-top,bat-agegate,bat-button,bat-card,bat-card-info,bat-carousel,bat-carousel-slides,bat-cmp-contentfragmentcollection,bat-cta,bat-cta-style,bat-email-verification,bat-faq-default,bat-footer-bottom,bat-footer-payment-icons,bat-footer-social-nav,bat-footer-zonnic,bat-footer-zonnic-container,bat-footer-zonnic-copyright,bat-footer-zonnic-disclaimer,bat-footer-zonnic-label-page-breadcrumb,bat-footer-zonnic-logo,bat-footer-zonnic-logo-icon,bat-footer-zonnic-main,bat-footer-zonnic-nav,bat-footer-zonnic-nav-menu,bat-footer-zonnic-nav-menu-title,bat-footer-zonnic-submenu,bat-footer-zonnic-top,bat-form,bat-form-block,bat-form-block-text,bat-form-field,bat-form-field-set,bat-form-field-tip,bat-form-messages,bat-form-msg,bat-form-step,bat-header,bat-header-account,bat-header-account-icon-label,bat-header-account-icon-label-auth,bat-header-account-link,bat-header-account-menu,bat-header-content,bat-header-fixed-spacer,bat-header-logo,bat-header-menu,bat-header-menu-button,bat-header-nav,bat-header-promo,bat-header-promo-link,bat-header-stores,bat-header-stores-link,bat-header-support,bat-header-support-link,bat-header-top,bat-header-utils,bat-header-wrapper,bat-headline,bat-headline-style,bat-hero-zonnic,bat-icon,bat-image,bat-language,bat-location,bat-message,bat-message-text,bat-messagebar,bat-minicart,bat-minicart-basket-total,bat-minicart-count,bat-minicart-empty-content,bat-minicart-empty-headline,bat-minicart-empty-icon,bat-minicart-empty-message,bat-minicart-subtotal-label,bat-minicart-subtotal-value,bat-minicart-total-items,bat-minicart-wrapper,bat-modal,bat-modal-close,bat-modal-content,bat-navigation,bat-navigation-group,bat-navigation-group-list,bat-navigation-group-list-item,bat-navigation-group-list-item-link,bat-page,bat-section,bat-section-content,bat-section-content-style,bat-section-modal,bat-section-style,bat-text,bat-wrapper,breadcrumb-description,button-dark,button-secondary-dark,consent-block,container-fluid,cq-dd-paragraph,cta-hide,cta-label,cta-logged-in-user,cta-logged-out-user,cta-show,current-page,d-align-right,d-block,d-lg-block,d-lg-none,d-md-block,d-md-none,d-none,d-sm-block,d-sm-none,d-xl-block,d-xl-none,display-address,email-cant-verify,email-invalid,embedded-messaging,error-msg,existing-user,existing-user-close,fa-chevron-left,fa-chevron-right,fa-plus,field-note,full-width,gallery-steel-grey-gradient,global-components,headline1-large,headline2-color2,icon-center,icon-plus,login-error-message,login-success-message,lookup-field,m-align-left,margin-medium,margin-none,margin-small,margin-xsmall,menu-title,newsletter-headline,padding-bottom-large,padding-bottom-medium,padding-bottom-small,padding-left-large,padding-left-medium,padding-left-small,padding-left-xsmall,padding-right-large,padding-right-medium,padding-right-small,padding-right-xsmall,padding-top-large,padding-top-medium,padding-top-small,padding-top-xsmall,page-theme,radio-input,radio-set,same-as-top,select-wrapper,slick-active,slick-arrow,slick-cloned,slick-current,slick-disabled,slick-dots,slick-dotted,slick-initialized,slick-list,slick-next,slick-prev,slick-slide,slick-slider,slick-track,submenu-content,to-login,toggle-visibility,user-invalid,what-is-zonnic,why-zonnic,your-address,your-details,zonnic-logo,zonnic-menu,zonnic-newsletter-modal
real-people-real-success|https://www.zonnic.ca/ca/fr/real-people-real-success/samaras-quit-journey-testimonial|address-lookup-field,arrow-link-dark,at-element-marker,ava-nav-menu,background-cover,background-v-top,bat-agegate,bat-button,bat-card,bat-card-info,bat-carousel,bat-carousel-slides,bat-cmp-contentfragmentcollection,bat-cta,bat-cta-style,bat-email-verification,bat-faq-default,bat-footer-bottom,bat-footer-payment-icons,bat-footer-social-nav,bat-footer-zonnic,bat-footer-zonnic-container,bat-footer-zonnic-copyright,bat-footer-zonnic-disclaimer,bat-footer-zonnic-label-page-breadcrumb,bat-footer-zonnic-logo,bat-footer-zonnic-logo-icon,bat-footer-zonnic-main,bat-footer-zonnic-nav,bat-footer-zonnic-nav-menu,bat-footer-zonnic-nav-menu-title,bat-footer-zonnic-submenu,bat-footer-zonnic-top,bat-form,bat-form-block,bat-form-block-text,bat-form-field,bat-form-field-set,bat-form-field-tip,bat-form-messages,bat-form-msg,bat-form-step,bat-header,bat-header-account,bat-header-account-icon-label,bat-header-account-icon-label-auth,bat-header-account-link,bat-header-account-menu,bat-header-content,bat-header-fixed-spacer,bat-header-logo,bat-header-menu,bat-header-menu-button,bat-header-nav,bat-header-promo,bat-header-promo-link,bat-header-stores,bat-header-stores-link,bat-header-support,bat-header-support-link,bat-header-top,bat-header-utils,bat-header-wrapper,bat-headline,bat-headline-style,bat-hero-zonnic,bat-icon,bat-image,bat-language,bat-location,bat-message,bat-message-text,bat-messagebar,bat-minicart,bat-minicart-basket-total,bat-minicart-count,bat-minicart-empty-content,bat-minicart-empty-headline,bat-minicart-empty-icon,bat-minicart-empty-message,bat-minicart-subtotal-label,bat-minicart-subtotal-value,bat-minicart-total-items,bat-minicart-wrapper,bat-modal,bat-modal-close,bat-modal-content,bat-navigation,bat-navigation-group,bat-navigation-group-list,bat-navigation-group-list-item,bat-navigation-group-list-item-link,bat-page,bat-section,bat-section-content,bat-section-content-style,bat-section-modal,bat-section-style,bat-text,bat-wrapper,breadcrumb-description,button-dark,button-secondary-dark,card-carousel,cmp-experiencefragment,consent-block,container-fluid,cq-dd-paragraph,cta-hide,cta-label,cta-logged-in-user,cta-logged-out-user,cta-show,current-page,d-align-right,d-block,d-lg-block,d-lg-none,d-md-block,d-md-none,d-none,d-sm-block,d-sm-none,d-xl-block,d-xl-none,dark-gray,display-address,embedded-messaging,error-msg,existing-user,existing-user-close,fa-chevron-left,fa-chevron-right,fa-plus,field-note,full-width,gallery-steel-grey-gradient,global-components,headline1-large,headline2-color2,icon-center,icon-plus,login-error-message,login-success-message,lookup-field,m-align-left,margin-medium,margin-none,margin-small,margin-xsmall,menu-title,newsletter-headline,newsletter-subheadline,padding-bottom-large,padding-bottom-medium,padding-bottom-small,padding-bottom-xsmall,padding-left-large,padding-left-medium,padding-left-small,padding-left-xsmall,padding-right-large,padding-right-medium,padding-right-small,padding-right-xsmall,padding-top-large,padding-top-medium,padding-top-small,padding-top-xsmall,page-theme,product-carousel,radio-input,radio-set,same-as-top,select-wrapper,slick-active,slick-arrow,slick-current,slick-disabled,slick-dots,slick-dotted,slick-hidden,slick-initialized,slick-list,slick-next,slick-prev,slick-slide,slick-slider,slick-track,submenu-content,to-login,toggle-visibility,what-is-zonnic,why-zonnic,xf-content-height,your-address,your-details,zonnic-logo,zonnic-menu,zonnic-newsletter-modal
real-people-real-success|https://www.zonnic.ca/ca/fr/real-people-real-success/colins-quit-smoking-testimonial|address-lookup-field,arrow-link-dark,at-element-marker,ava-nav-menu,background-cover,background-v-top,bat-agegate,bat-button,bat-card,bat-card-info,bat-carousel,bat-carousel-slides,bat-cmp-contentfragmentcollection,bat-cta,bat-cta-style,bat-email-verification,bat-faq-default,bat-footer-bottom,bat-footer-payment-icons,bat-footer-social-nav,bat-footer-zonnic,bat-footer-zonnic-container,bat-footer-zonnic-copyright,bat-footer-zonnic-disclaimer,bat-footer-zonnic-label-page-breadcrumb,bat-footer-zonnic-logo,bat-footer-zonnic-logo-icon,bat-footer-zonnic-main,bat-footer-zonnic-nav,bat-footer-zonnic-nav-menu,bat-footer-zonnic-nav-menu-title,bat-footer-zonnic-submenu,bat-footer-zonnic-top,bat-form,bat-form-block,bat-form-block-text,bat-form-field,bat-form-field-set,bat-form-field-tip,bat-form-messages,bat-form-msg,bat-form-step,bat-header,bat-header-account,bat-header-account-icon-label,bat-header-account-icon-label-auth,bat-header-account-link,bat-header-account-menu,bat-header-content,bat-header-fixed-spacer,bat-header-logo,bat-header-menu,bat-header-menu-button,bat-header-nav,bat-header-promo,bat-header-promo-link,bat-header-stores,bat-header-stores-link,bat-header-support,bat-header-support-link,bat-header-top,bat-header-utils,bat-header-wrapper,bat-headline,bat-headline-style,bat-hero-zonnic,bat-icon,bat-image,bat-language,bat-location,bat-message,bat-message-text,bat-messagebar,bat-minicart,bat-minicart-basket-total,bat-minicart-count,bat-minicart-empty-content,bat-minicart-empty-headline,bat-minicart-empty-icon,bat-minicart-empty-message,bat-minicart-subtotal-label,bat-minicart-subtotal-value,bat-minicart-total-items,bat-minicart-wrapper,bat-modal,bat-modal-close,bat-modal-content,bat-navigation,bat-navigation-group,bat-navigation-group-list,bat-navigation-group-list-item,bat-navigation-group-list-item-link,bat-page,bat-section,bat-section-content,bat-section-content-style,bat-section-modal,bat-section-style,bat-text,bat-wrapper,breadcrumb-description,button-dark,button-secondary-dark,card-carousel,consent-block,container-fluid,cq-dd-paragraph,cta-hide,cta-label,cta-logged-in-user,cta-logged-out-user,cta-show,current-page,d-align-right,d-block,d-lg-block,d-lg-none,d-md-block,d-md-none,d-none,d-sm-block,d-sm-none,d-xl-block,d-xl-none,display-address,embedded-messaging,error-msg,existing-user,existing-user-close,fa-chevron-left,fa-chevron-right,fa-plus,field-note,full-width,gallery-steel-grey-gradient,global-components,headline1-large,headline2-color2,icon-center,icon-plus,login-error-message,login-success-message,lookup-field,m-align-left,margin-medium,margin-none,margin-small,margin-xsmall,menu-title,newsletter-headline,newsletter-subheadline,padding-bottom-large,padding-bottom-medium,padding-bottom-small,padding-bottom-xsmall,padding-left-large,padding-left-medium,padding-left-small,padding-left-xsmall,padding-right-large,padding-right-medium,padding-right-small,padding-right-xsmall,padding-top-large,padding-top-medium,padding-top-small,padding-top-xsmall,page-theme,product-carousel,radio-input,radio-set,same-as-top,select-wrapper,slick-active,slick-arrow,slick-current,slick-disabled,slick-dots,slick-dotted,slick-hidden,slick-initialized,slick-list,slick-next,slick-prev,slick-slide,slick-slider,slick-track,submenu-content,to-login,toggle-visibility,what-is-zonnic,why-zonnic,your-address,your-details,zonnic-logo,zonnic-menu,zonnic-newsletter-modal
real-people-real-success|https://www.zonnic.ca/ca/en/real-people-real-success/samaras-quit-journey-testimonial|at-element-marker,background-cover,background-v-top,bat-agegate,bat-button,bat-cmp-contentfragmentcollection,bat-cta-style,bat-email-verification,bat-form,bat-header,bat-header-account,bat-header-account-icon-label,bat-header-account-icon-label-auth,bat-header-account-link,bat-header-account-menu,bat-header-content,bat-header-fixed-spacer,bat-header-logo,bat-header-menu,bat-header-menu-button,bat-header-nav,bat-header-promo,bat-header-promo-link,bat-header-stores,bat-header-stores-link,bat-header-support,bat-header-support-link,bat-header-top,bat-header-utils,bat-header-wrapper,bat-icon,bat-image,bat-language,bat-location,bat-messagebar,bat-minicart,bat-minicart-basket-total,bat-minicart-count,bat-minicart-empty-content,bat-minicart-empty-headline,bat-minicart-empty-icon,bat-minicart-empty-message,bat-minicart-subtotal-label,bat-minicart-subtotal-value,bat-minicart-total-items,bat-minicart-wrapper,bat-modal,bat-modal-close,bat-modal-content,bat-navigation,bat-navigation-group,bat-navigation-group-list,bat-navigation-group-list-item,bat-navigation-group-list-item-link,bat-page,bat-section-modal,bat-wrapper,button-dark,button-secondary-dark,container-fluid,cq-dd-paragraph,cta-label,d-block,d-lg-block,d-lg-none,d-md-block,d-md-none,d-none,d-sm-block,d-sm-none,d-xl-block,d-xl-none,embedded-messaging,full-width,gallery-steel-grey-gradient,global-components,margin-medium,margin-none,margin-small,margin-xsmall,newsletter-headline,padding-bottom-medium,padding-left-medium,padding-left-small,padding-right-medium,padding-right-small,padding-top-medium,page-theme,radio-input,radio-set,select-wrapper,what-is-zonnic,why-zonnic,zonnic-logo,zonnic-menu,zonnic-newsletter-modal
real-people-real-success|https://www.zonnic.ca/ca/fr/real-people-real-success/samuels-quit-smoking-testimonial|address-lookup-field,arrow-link-dark,at-element-marker,ava-nav-menu,background-cover,background-v-top,bat-agegate,bat-button,bat-card,bat-card-info,bat-carousel,bat-carousel-slides,bat-cmp-contentfragmentcollection,bat-cta,bat-cta-style,bat-email-verification,bat-faq-default,bat-footer-bottom,bat-footer-payment-icons,bat-footer-social-nav,bat-footer-zonnic,bat-footer-zonnic-container,bat-footer-zonnic-copyright,bat-footer-zonnic-disclaimer,bat-footer-zonnic-label-page-breadcrumb,bat-footer-zonnic-logo,bat-footer-zonnic-logo-icon,bat-footer-zonnic-main,bat-footer-zonnic-nav,bat-footer-zonnic-nav-menu,bat-footer-zonnic-nav-menu-title,bat-footer-zonnic-submenu,bat-footer-zonnic-top,bat-form,bat-form-block,bat-form-block-text,bat-form-field,bat-form-field-set,bat-form-field-tip,bat-form-messages,bat-form-msg,bat-form-step,bat-header,bat-header-account,bat-header-account-icon-label,bat-header-account-icon-label-auth,bat-header-account-link,bat-header-account-menu,bat-header-content,bat-header-fixed-spacer,bat-header-logo,bat-header-menu,bat-header-menu-button,bat-header-nav,bat-header-promo,bat-header-promo-link,bat-header-stores,bat-header-stores-link,bat-header-support,bat-header-support-link,bat-header-top,bat-header-utils,bat-header-wrapper,bat-headline,bat-headline-style,bat-hero-zonnic,bat-icon,bat-image,bat-language,bat-location,bat-message,bat-message-text,bat-messagebar,bat-minicart,bat-minicart-basket-total,bat-minicart-count,bat-minicart-empty-content,bat-minicart-empty-headline,bat-minicart-empty-icon,bat-minicart-empty-message,bat-minicart-subtotal-label,bat-minicart-subtotal-value,bat-minicart-total-items,bat-minicart-wrapper,bat-modal,bat-modal-close,bat-modal-content,bat-navigation,bat-navigation-group,bat-navigation-group-list,bat-navigation-group-list-item,bat-navigation-group-list-item-link,bat-page,bat-section,bat-section-content,bat-section-content-style,bat-section-modal,bat-section-style,bat-text,bat-wrapper,breadcrumb-description,button-dark,button-secondary-dark,card-carousel,consent-block,container-fluid,cq-dd-paragraph,cta-hide,cta-label,cta-logged-in-user,cta-logged-out-user,cta-show,current-page,d-align-right,d-block,d-lg-block,d-lg-none,d-md-block,d-md-none,d-none,d-sm-block,d-sm-none,d-xl-block,d-xl-none,display-address,embedded-messaging,error-msg,existing-user,existing-user-close,fa-chevron-left,fa-chevron-right,fa-plus,field-note,full-width,gallery-steel-grey-gradient,global-components,headline1-large,headline2-color2,icon-center,icon-plus,login-error-message,login-success-message,lookup-field,m-align-left,margin-medium,margin-none,margin-small,margin-xsmall,menu-title,newsletter-headline,newsletter-subheadline,padding-bottom-large,padding-bottom-medium,padding-bottom-small,padding-bottom-xsmall,padding-left-large,padding-left-medium,padding-left-small,padding-left-xsmall,padding-right-large,padding-right-medium,padding-right-small,padding-right-xsmall,padding-top-large,padding-top-medium,padding-top-small,padding-top-xsmall,page-theme,product-carousel,radio-input,radio-set,same-as-top,select-wrapper,slick-active,slick-arrow,slick-current,slick-disabled,slick-dots,slick-dotted,slick-hidden,slick-initialized,slick-list,slick-next,slick-prev,slick-slide,slick-slider,slick-track,submenu-content,to-login,toggle-visibility,what-is-zonnic,why-zonnic,your-address,your-details,zonnic-logo,zonnic-menu,zonnic-newsletter-modal
real-people-real-success|https://www.zonnic.ca/ca/en/real-people-real-success/samuels-quit-smoking-testimonial|arrow-link-dark,at-element-marker,ava-nav-menu,background-cover,background-v-top,bat-agegate,bat-button,bat-card,bat-card-info,bat-carousel,bat-carousel-slides,bat-cmp-contentfragmentcollection,bat-cta,bat-cta-style,bat-email-verification,bat-faq-default,bat-footer-bottom,bat-footer-payment-icons,bat-footer-social-nav,bat-footer-zonnic,bat-footer-zonnic-container,bat-footer-zonnic-copyright,bat-footer-zonnic-disclaimer,bat-footer-zonnic-label-page-breadcrumb,bat-footer-zonnic-logo,bat-footer-zonnic-logo-icon,bat-footer-zonnic-main,bat-footer-zonnic-nav,bat-footer-zonnic-nav-menu,bat-footer-zonnic-nav-menu-title,bat-footer-zonnic-submenu,bat-footer-zonnic-top,bat-form,bat-form-block,bat-form-block-text,bat-form-field,bat-form-field-set,bat-form-messages,bat-form-msg,bat-form-step,bat-header,bat-header-account,bat-header-account-icon-label,bat-header-account-icon-label-auth,bat-header-account-link,bat-header-account-menu,bat-header-content,bat-header-fixed-spacer,bat-header-logo,bat-header-menu,bat-header-menu-button,bat-header-nav,bat-header-promo,bat-header-promo-link,bat-header-stores,bat-header-stores-link,bat-header-support,bat-header-support-link,bat-header-top,bat-header-utils,bat-header-wrapper,bat-headline,bat-headline-style,bat-hero-zonnic,bat-icon,bat-image,bat-language,bat-location,bat-message,bat-message-text,bat-messagebar,bat-minicart,bat-minicart-basket-total,bat-minicart-count,bat-minicart-empty-content,bat-minicart-empty-headline,bat-minicart-empty-icon,bat-minicart-empty-message,bat-minicart-subtotal-label,bat-minicart-subtotal-value,bat-minicart-total-items,bat-minicart-wrapper,bat-modal,bat-modal-close,bat-modal-content,bat-navigation,bat-navigation-group,bat-navigation-group-list,bat-navigation-group-list-item,bat-navigation-group-list-item-link,bat-page,bat-section,bat-section-content,bat-section-content-style,bat-section-modal,bat-section-style,bat-text,bat-wrapper,breadcrumb-description,button-dark,button-secondary-dark,consent-block,container-fluid,cq-dd-paragraph,cta-hide,cta-label,cta-logged-in-user,cta-logged-out-user,cta-show,current-page,d-align-right,d-block,d-lg-block,d-lg-none,d-md-block,d-md-none,d-none,d-sm-block,d-sm-none,d-xl-block,d-xl-none,embedded-messaging,error-msg,fa-chevron-left,fa-chevron-right,fa-plus,field-note,full-width,gallery-steel-grey-gradient,global-components,headline1-large,headline2-color2,icon-center,icon-plus,login-error-message,login-success-message,m-align-left,margin-medium,margin-none,margin-small,margin-xsmall,menu-title,newsletter-headline,padding-bottom-large,padding-bottom-medium,padding-bottom-small,padding-left-large,padding-left-medium,padding-left-small,padding-left-xsmall,padding-right-large,padding-right-medium,padding-right-small,padding-right-xsmall,padding-top-large,padding-top-medium,padding-top-small,padding-top-xsmall,page-theme,radio-input,radio-set,same-as-top,select-wrapper,slick-active,slick-arrow,slick-cloned,slick-current,slick-disabled,slick-dots,slick-dotted,slick-initialized,slick-list,slick-next,slick-prev,slick-slide,slick-slider,slick-track,submenu-content,toggle-visibility,what-is-zonnic,why-zonnic,zonnic-logo,zonnic-menu,zonnic-newsletter-modal
real-people-real-success|https://www.zonnic.ca/ca/en/real-people-real-success/marks-quit-smoking-testimonial|arrow-link-dark,at-element-marker,ava-nav-menu,background-cover,background-v-top,bat-account-nav,bat-agegate,bat-button,bat-card,bat-card-info,bat-carousel,bat-carousel-slides,bat-cmp-contentfragmentcollection,bat-cta,bat-cta-style,bat-email-verification,bat-faq-default,bat-footer-bottom,bat-footer-payment-icons,bat-footer-social-nav,bat-footer-zonnic,bat-footer-zonnic-container,bat-footer-zonnic-copyright,bat-footer-zonnic-disclaimer,bat-footer-zonnic-label-page-breadcrumb,bat-footer-zonnic-logo,bat-footer-zonnic-logo-icon,bat-footer-zonnic-main,bat-footer-zonnic-nav,bat-footer-zonnic-nav-menu,bat-footer-zonnic-nav-menu-title,bat-footer-zonnic-submenu,bat-footer-zonnic-top,bat-form,bat-form-block,bat-form-block-text,bat-form-field,bat-form-field-set,bat-form-messages,bat-form-msg,bat-form-step,bat-header,bat-header-account,bat-header-account-icon-label,bat-header-account-icon-label-auth,bat-header-account-link,bat-header-account-menu,bat-header-content,bat-header-fixed-spacer,bat-header-logo,bat-header-menu,bat-header-menu-button,bat-header-nav,bat-header-promo,bat-header-promo-link,bat-header-stores,bat-header-stores-link,bat-header-support,bat-header-support-link,bat-header-top,bat-header-utils,bat-header-wrapper,bat-headline,bat-headline-style,bat-hero-zonnic,bat-icon,bat-image,bat-language,bat-location,bat-message,bat-message-text,bat-messagebar,bat-minicart,bat-minicart-basket-total,bat-minicart-count,bat-minicart-empty-content,bat-minicart-empty-headline,bat-minicart-empty-icon,bat-minicart-empty-message,bat-minicart-subtotal-label,bat-minicart-subtotal-value,bat-minicart-total-items,bat-minicart-wrapper,bat-modal,bat-modal-close,bat-modal-content,bat-navigation,bat-navigation-group,bat-navigation-group-list,bat-navigation-group-list-item,bat-navigation-group-list-item-link,bat-page,bat-section,bat-section-content,bat-section-content-style,bat-section-modal,bat-section-style,bat-text,bat-wrapper,breadcrumb-description,button-dark,button-secondary-dark,cmp-experiencefragment,consent-block,container-fluid,cq-dd-paragraph,cta-hide,cta-label,cta-logged-in-user,cta-logged-out-user,cta-show,current-page,d-align-right,d-block,d-lg-block,d-lg-none,d-md-block,d-md-none,d-none,d-sm-block,d-sm-none,d-xl-block,d-xl-none,dark-gray,embedded-messaging,error-msg,fa-chevron-left,fa-chevron-right,fa-plus,field-note,full-width,gallery-steel-grey-gradient,global-components,headline1-large,headline2-color2,icon-center,icon-plus,login-error-message,login-success-message,m-align-left,margin-medium,margin-none,margin-small,margin-xsmall,menu-title,newsletter-headline,padding-bottom-large,padding-bottom-medium,padding-bottom-small,padding-left-large,padding-left-medium,padding-left-small,padding-left-xsmall,padding-right-large,padding-right-medium,padding-right-small,padding-right-xsmall,padding-top-large,padding-top-medium,padding-top-small,padding-top-xsmall,page-theme,radio-input,radio-set,same-as-top,select-wrapper,slick-active,slick-arrow,slick-cloned,slick-current,slick-disabled,slick-dots,slick-dotted,slick-initialized,slick-list,slick-next,slick-prev,slick-slide,slick-slider,slick-track,submenu-content,toggle-visibility,what-is-zonnic,why-zonnic,xf-content-height,zonnic-logo,zonnic-menu,zonnic-newsletter-modal
real-people-real-success|https://www.zonnic.ca/ca/fr/real-people-real-success|address-lookup-field,arrow-link-dark,at-element-marker,ava-nav-menu,background-cover,background-v-top,bat-agegate,bat-button,bat-card,bat-card-info,bat-carousel,bat-carousel-slides,bat-cmp-contentfragmentcollection,bat-cta,bat-cta-style,bat-email-verification,bat-faq-default,bat-footer-bottom,bat-footer-payment-icons,bat-footer-social-nav,bat-footer-zonnic,bat-footer-zonnic-container,bat-footer-zonnic-copyright,bat-footer-zonnic-disclaimer,bat-footer-zonnic-label-page-breadcrumb,bat-footer-zonnic-logo,bat-footer-zonnic-logo-icon,bat-footer-zonnic-main,bat-footer-zonnic-nav,bat-footer-zonnic-nav-menu,bat-footer-zonnic-nav-menu-title,bat-footer-zonnic-submenu,bat-footer-zonnic-top,bat-form,bat-form-block,bat-form-block-text,bat-form-field,bat-form-field-set,bat-form-field-tip,bat-form-messages,bat-form-msg,bat-form-step,bat-header,bat-header-account,bat-header-account-icon-label,bat-header-account-icon-label-auth,bat-header-account-link,bat-header-account-menu,bat-header-content,bat-header-fixed-spacer,bat-header-logo,bat-header-menu,bat-header-menu-button,bat-header-nav,bat-header-promo,bat-header-promo-link,bat-header-stores,bat-header-stores-link,bat-header-support,bat-header-support-link,bat-header-top,bat-header-utils,bat-header-wrapper,bat-headline,bat-headline-style,bat-hero-zonnic,bat-icon,bat-image,bat-language,bat-location,bat-message,bat-message-text,bat-messagebar,bat-minicart,bat-minicart-basket-total,bat-minicart-count,bat-minicart-empty-content,bat-minicart-empty-headline,bat-minicart-empty-icon,bat-minicart-empty-message,bat-minicart-subtotal-label,bat-minicart-subtotal-value,bat-minicart-total-items,bat-minicart-wrapper,bat-modal,bat-modal-close,bat-modal-content,bat-navigation,bat-navigation-group,bat-navigation-group-list,bat-navigation-group-list-item,bat-navigation-group-list-item-link,bat-page,bat-section,bat-section-content,bat-section-content-style,bat-section-modal,bat-section-style,bat-text,bat-wrapper,breadcrumb-description,button-dark,button-secondary-dark,button-secondary-light,cmp-experiencefragment,consent-block,container-fluid,cq-dd-paragraph,cta-hide,cta-label,cta-logged-in-user,cta-logged-out-user,cta-show,current-page,d-align-right,d-block,d-lg-block,d-lg-none,d-md-block,d-md-none,d-none,d-sm-block,d-sm-none,d-xl-block,d-xl-none,dark-gray,display-address,embedded-messaging,error-msg,existing-user,existing-user-close,fa-chevron-left,fa-chevron-right,fa-plus,field-note,full-width,gallery-steel-grey-gradient,global-components,headline1-large,headline2-color2,icon-center,icon-plus,login-error-message,login-success-message,lookup-field,m-align-left,margin-none,margin-small,margin-xsmall,menu-title,newsletter-headline,newsletter-subheadline,padding-bottom-large,padding-bottom-medium,padding-bottom-small,padding-left-large,padding-left-medium,padding-left-small,padding-right-large,padding-right-medium,padding-right-small,padding-top-large,padding-top-medium,padding-top-small,padding-top-xsmall,page-theme,product-carousel,radio-input,radio-set,rte-temp,same-as-top,select-wrapper,slick-active,slick-arrow,slick-current,slick-dots,slick-dotted,slick-hidden,slick-initialized,slick-list,slick-next,slick-prev,slick-slide,slick-slider,slick-track,submenu-content,to-login,toggle-visibility,what-is-zonnic,why-zonnic,xf-content-height,your-address,your-details,zonnic-carousel,zonnic-logo,zonnic-menu,zonnic-newsletter-modal
real-people-real-success|https://www.zonnic.ca/ca/en/real-people-real-success/marc-anthonys-quit-smoking-testimonial|address-lookup-field,arrow-link-dark,at-element-marker,ava-nav-menu,background-cover,background-v-top,bat-agegate,bat-button,bat-card,bat-card-info,bat-carousel,bat-carousel-slides,bat-cmp-contentfragmentcollection,bat-cta,bat-cta-style,bat-email-verification,bat-faq-default,bat-footer-bottom,bat-footer-payment-icons,bat-footer-social-nav,bat-footer-zonnic,bat-footer-zonnic-container,bat-footer-zonnic-copyright,bat-footer-zonnic-disclaimer,bat-footer-zonnic-label-page-breadcrumb,bat-footer-zonnic-logo,bat-footer-zonnic-logo-icon,bat-footer-zonnic-main,bat-footer-zonnic-nav,bat-footer-zonnic-nav-menu,bat-footer-zonnic-nav-menu-title,bat-footer-zonnic-submenu,bat-footer-zonnic-top,bat-form,bat-form-block,bat-form-block-text,bat-form-field,bat-form-field-set,bat-form-field-tip,bat-form-messages,bat-form-msg,bat-form-step,bat-header,bat-header-account,bat-header-account-icon-label,bat-header-account-icon-label-auth,bat-header-account-link,bat-header-account-menu,bat-header-content,bat-header-fixed-spacer,bat-header-logo,bat-header-menu,bat-header-menu-button,bat-header-nav,bat-header-promo,bat-header-promo-link,bat-header-stores,bat-header-stores-link,bat-header-support,bat-header-support-link,bat-header-top,bat-header-utils,bat-header-wrapper,bat-headline,bat-headline-style,bat-hero-zonnic,bat-icon,bat-image,bat-language,bat-location,bat-message,bat-message-text,bat-messagebar,bat-minicart,bat-minicart-basket-total,bat-minicart-count,bat-minicart-empty-content,bat-minicart-empty-headline,bat-minicart-empty-icon,bat-minicart-empty-message,bat-minicart-subtotal-label,bat-minicart-subtotal-value,bat-minicart-total-items,bat-minicart-wrapper,bat-modal,bat-modal-close,bat-modal-content,bat-navigation,bat-navigation-group,bat-navigation-group-list,bat-navigation-group-list-item,bat-navigation-group-list-item-link,bat-page,bat-section,bat-section-content,bat-section-content-style,bat-section-modal,bat-section-style,bat-text,bat-wrapper,breadcrumb-description,button-dark,button-secondary-dark,consent-block,container-fluid,cq-dd-paragraph,cta-hide,cta-label,cta-logged-in-user,cta-logged-out-user,cta-show,current-page,d-align-right,d-block,d-lg-block,d-lg-none,d-md-block,d-md-none,d-none,d-sm-block,d-sm-none,d-xl-block,d-xl-none,display-address,email-cant-verify,email-invalid,embedded-messaging,error-msg,existing-user,existing-user-close,fa-chevron-left,fa-chevron-right,fa-plus,field-note,full-width,gallery-steel-grey-gradient,global-components,headline1-large,headline2-color2,icon-center,icon-plus,login-error-message,login-success-message,lookup-field,m-align-left,margin-medium,margin-none,margin-small,margin-xsmall,menu-title,newsletter-headline,padding-bottom-large,padding-bottom-medium,padding-bottom-small,padding-left-large,padding-left-medium,padding-left-small,padding-left-xsmall,padding-right-large,padding-right-medium,padding-right-small,padding-right-xsmall,padding-top-large,padding-top-medium,padding-top-small,padding-top-xsmall,page-theme,radio-input,radio-set,same-as-top,select-wrapper,slick-active,slick-arrow,slick-cloned,slick-current,slick-disabled,slick-dots,slick-dotted,slick-initialized,slick-list,slick-next,slick-prev,slick-slide,slick-slider,slick-track,submenu-content,to-login,toggle-visibility,user-invalid,what-is-zonnic,why-zonnic,your-address,your-details,zonnic-logo,zonnic-menu,zonnic-newsletter-modal
real-people-real-success|https://www.zonnic.ca/ca/fr/real-people-real-success/joshs-quit-journey-testimonial|address-lookup-field,arrow-link-dark,at-element-marker,ava-nav-menu,background-cover,background-v-top,bat-agegate,bat-button,bat-card,bat-card-info,bat-carousel,bat-carousel-slides,bat-cmp-contentfragmentcollection,bat-cta,bat-cta-style,bat-email-verification,bat-faq-default,bat-footer-bottom,bat-footer-payment-icons,bat-footer-social-nav,bat-footer-zonnic,bat-footer-zonnic-container,bat-footer-zonnic-copyright,bat-footer-zonnic-disclaimer,bat-footer-zonnic-label-page-breadcrumb,bat-footer-zonnic-logo,bat-footer-zonnic-logo-icon,bat-footer-zonnic-main,bat-footer-zonnic-nav,bat-footer-zonnic-nav-menu,bat-footer-zonnic-nav-menu-title,bat-footer-zonnic-submenu,bat-footer-zonnic-top,bat-form,bat-form-block,bat-form-block-text,bat-form-field,bat-form-field-set,bat-form-field-tip,bat-form-messages,bat-form-msg,bat-form-step,bat-header,bat-header-account,bat-header-account-icon-label,bat-header-account-icon-label-auth,bat-header-account-link,bat-header-account-menu,bat-header-content,bat-header-fixed-spacer,bat-header-logo,bat-header-menu,bat-header-menu-button,bat-header-nav,bat-header-promo,bat-header-promo-link,bat-header-stores,bat-header-stores-link,bat-header-support,bat-header-support-link,bat-header-top,bat-header-utils,bat-header-wrapper,bat-headline,bat-headline-style,bat-hero-zonnic,bat-icon,bat-image,bat-language,bat-location,bat-message,bat-message-text,bat-messagebar,bat-minicart,bat-minicart-basket-total,bat-minicart-count,bat-minicart-empty-content,bat-minicart-empty-headline,bat-minicart-empty-icon,bat-minicart-empty-message,bat-minicart-subtotal-label,bat-minicart-subtotal-value,bat-minicart-total-items,bat-minicart-wrapper,bat-modal,bat-modal-close,bat-modal-content,bat-navigation,bat-navigation-group,bat-navigation-group-list,bat-navigation-group-list-item,bat-navigation-group-list-item-link,bat-page,bat-section,bat-section-content,bat-section-content-style,bat-section-modal,bat-section-style,bat-text,bat-wrapper,breadcrumb-description,button-dark,button-secondary-dark,card-carousel,consent-block,container-fluid,cq-dd-paragraph,cta-hide,cta-label,cta-logged-in-user,cta-logged-out-user,cta-show,current-page,d-align-right,d-block,d-lg-block,d-lg-none,d-md-block,d-md-none,d-none,d-sm-block,d-sm-none,d-xl-block,d-xl-none,display-address,embedded-messaging,error-msg,existing-user,existing-user-close,fa-chevron-left,fa-chevron-right,fa-plus,field-note,full-width,gallery-steel-grey-gradient,global-components,headline1-large,headline2-color2,icon-center,icon-plus,login-error-message,login-success-message,lookup-field,m-align-left,margin-medium,margin-none,margin-small,margin-xsmall,menu-title,newsletter-headline,newsletter-subheadline,padding-bottom-large,padding-bottom-medium,padding-bottom-small,padding-bottom-xsmall,padding-left-large,padding-left-medium,padding-left-small,padding-left-xsmall,padding-right-large,padding-right-medium,padding-right-small,padding-right-xsmall,padding-top-large,padding-top-medium,padding-top-small,padding-top-xsmall,page-theme,product-carousel,radio-input,radio-set,same-as-top,select-wrapper,slick-active,slick-arrow,slick-current,slick-disabled,slick-dots,slick-dotted,slick-hidden,slick-initialized,slick-list,slick-next,slick-prev,slick-slide,slick-slider,slick-track,submenu-content,to-login,toggle-visibility,what-is-zonnic,why-zonnic,your-address,your-details,zonnic-logo,zonnic-menu,zonnic-newsletter-modal
real-people-real-success|https://www.zonnic.ca/ca/fr/real-people-real-success/marc-anthonys-quit-smoking-testimonial|address-lookup-field,arrow-link-dark,at-element-marker,ava-nav-menu,background-cover,background-v-top,bat-agegate,bat-button,bat-card,bat-card-info,bat-carousel,bat-carousel-slides,bat-cmp-contentfragmentcollection,bat-cta,bat-cta-style,bat-email-verification,bat-faq-default,bat-footer-bottom,bat-footer-payment-icons,bat-footer-social-nav,bat-footer-zonnic,bat-footer-zonnic-container,bat-footer-zonnic-copyright,bat-footer-zonnic-disclaimer,bat-footer-zonnic-label-page-breadcrumb,bat-footer-zonnic-logo,bat-footer-zonnic-logo-icon,bat-footer-zonnic-main,bat-footer-zonnic-nav,bat-footer-zonnic-nav-menu,bat-footer-zonnic-nav-menu-title,bat-footer-zonnic-submenu,bat-footer-zonnic-top,bat-form,bat-form-block,bat-form-block-text,bat-form-field,bat-form-field-set,bat-form-field-tip,bat-form-messages,bat-form-msg,bat-form-step,bat-header,bat-header-account,bat-header-account-icon-label,bat-header-account-icon-label-auth,bat-header-account-link,bat-header-account-menu,bat-header-content,bat-header-fixed-spacer,bat-header-logo,bat-header-menu,bat-header-menu-button,bat-header-nav,bat-header-promo,bat-header-promo-link,bat-header-stores,bat-header-stores-link,bat-header-support,bat-header-support-link,bat-header-top,bat-header-utils,bat-header-wrapper,bat-headline,bat-headline-style,bat-hero-zonnic,bat-icon,bat-image,bat-language,bat-location,bat-message,bat-message-text,bat-messagebar,bat-minicart,bat-minicart-basket-total,bat-minicart-count,bat-minicart-empty-content,bat-minicart-empty-headline,bat-minicart-empty-icon,bat-minicart-empty-message,bat-minicart-subtotal-label,bat-minicart-subtotal-value,bat-minicart-total-items,bat-minicart-wrapper,bat-modal,bat-modal-close,bat-modal-content,bat-navigation,bat-navigation-group,bat-navigation-group-list,bat-navigation-group-list-item,bat-navigation-group-list-item-link,bat-page,bat-section,bat-section-content,bat-section-content-style,bat-section-modal,bat-section-style,bat-text,bat-wrapper,breadcrumb-description,button-dark,button-secondary-dark,card-carousel,consent-block,container-fluid,cq-dd-paragraph,cta-hide,cta-label,cta-logged-in-user,cta-logged-out-user,cta-show,current-page,d-align-right,d-block,d-lg-block,d-lg-none,d-md-block,d-md-none,d-none,d-sm-block,d-sm-none,d-xl-block,d-xl-none,display-address,embedded-messaging,error-msg,existing-user,existing-user-close,fa-chevron-left,fa-chevron-right,fa-plus,field-note,full-width,gallery-steel-grey-gradient,global-components,headline1-large,headline2-color2,icon-center,icon-plus,login-error-message,login-success-message,lookup-field,m-align-left,margin-medium,margin-none,margin-small,margin-xsmall,menu-title,newsletter-headline,newsletter-subheadline,padding-bottom-large,padding-bottom-medium,padding-bottom-small,padding-bottom-xsmall,padding-left-large,padding-left-medium,padding-left-small,padding-left-xsmall,padding-right-large,padding-right-medium,padding-right-small,padding-right-xsmall,padding-top-large,padding-top-medium,padding-top-small,padding-top-xsmall,page-theme,product-carousel,radio-input,radio-set,same-as-top,select-wrapper,slick-active,slick-arrow,slick-current,slick-disabled,slick-dots,slick-dotted,slick-hidden,slick-initialized,slick-list,slick-next,slick-prev,slick-slide,slick-slider,slick-track,submenu-content,to-login,toggle-visibility,what-is-zonnic,why-zonnic,your-address,your-details,zonnic-logo,zonnic-menu,zonnic-newsletter-modal
sign-up|https://www.zonnic.ca/ca/en/sign-up|address-lookup-field,arrow-link-dark,at-element-marker,ava-nav-menu,background-cover,background-v-top,bat-agegate,bat-button,bat-cta,bat-cta-style,bat-email-verification,bat-footer-bottom,bat-footer-payment-icons,bat-footer-social-nav,bat-footer-zonnic,bat-footer-zonnic-container,bat-footer-zonnic-copyright,bat-footer-zonnic-disclaimer,bat-footer-zonnic-label-page-breadcrumb,bat-footer-zonnic-logo,bat-footer-zonnic-logo-icon,bat-footer-zonnic-main,bat-footer-zonnic-nav,bat-footer-zonnic-nav-menu,bat-footer-zonnic-nav-menu-title,bat-footer-zonnic-submenu,bat-footer-zonnic-top,bat-form,bat-form-block,bat-form-block-text,bat-form-field,bat-form-field-set,bat-form-field-tip,bat-form-messages,bat-form-msg,bat-form-step,bat-header,bat-header-account,bat-header-account-icon-label,bat-header-account-icon-label-auth,bat-header-account-link,bat-header-account-menu,bat-header-content,bat-header-fixed-spacer,bat-header-logo,bat-header-menu,bat-header-menu-button,bat-header-nav,bat-header-promo,bat-header-promo-link,bat-header-stores,bat-header-stores-link,bat-header-support,bat-header-support-link,bat-header-top,bat-header-utils,bat-header-wrapper,bat-headline,bat-headline-style,bat-icon,bat-image,bat-language,bat-location,bat-message,bat-message-text,bat-messagebar,bat-minicart,bat-minicart-basket-total,bat-minicart-count,bat-minicart-empty-content,bat-minicart-empty-headline,bat-minicart-empty-icon,bat-minicart-empty-message,bat-minicart-subtotal-label,bat-minicart-subtotal-value,bat-minicart-total-items,bat-minicart-wrapper,bat-modal,bat-modal-close,bat-modal-content,bat-navigation,bat-navigation-group,bat-navigation-group-list,bat-navigation-group-list-item,bat-navigation-group-list-item-link,bat-page,bat-section,bat-section-content,bat-section-content-style,bat-section-modal,bat-section-style,bat-text,bat-wrapper,breadcrumb-description,button-dark,button-secondary-dark,consent-block,container-fluid,cq-dd-paragraph,cta-hide,cta-label,cta-logged-in-user,cta-logged-out-user,cta-show,current-page,d-align-right,d-block,d-lg-block,d-lg-none,d-md-block,d-md-none,d-none,d-sm-block,d-sm-none,d-xl-block,d-xl-none,display-address,email-cant-verify,email-invalid,embedded-messaging,error-msg,existing-user,existing-user-close,field-note,full-width,gallery-steel-grey-gradient,global-components,icon-plus,login-error-message,login-success-message,lookup-field,m-align-left,margin-none,margin-small,menu-title,newsletter-headline,padding-bottom-large,padding-bottom-medium,padding-bottom-small,padding-left-large,padding-left-medium,padding-left-small,padding-right-large,padding-right-medium,padding-right-small,padding-top-large,padding-top-medium,padding-top-small,page-theme,radio-input,radio-set,select-wrapper,submenu-content,to-login,toggle-visibility,user-invalid,what-is-zonnic,why-zonnic,your-address,your-details,zonnic-logo,zonnic-menu,zonnic-newsletter-modal
sign-up|https://www.zonnic.ca/ca/fr/sign-up|address-lookup-field,arrow-link-dark,at-element-marker,ava-nav-menu,background-cover,background-v-top,bat-agegate,bat-button,bat-cta,bat-cta-style,bat-email-verification,bat-footer-bottom,bat-footer-payment-icons,bat-footer-social-nav,bat-footer-zonnic,bat-footer-zonnic-container,bat-footer-zonnic-copyright,bat-footer-zonnic-disclaimer,bat-footer-zonnic-label-page-breadcrumb,bat-footer-zonnic-logo,bat-footer-zonnic-logo-icon,bat-footer-zonnic-main,bat-footer-zonnic-nav,bat-footer-zonnic-nav-menu,bat-footer-zonnic-nav-menu-title,bat-footer-zonnic-submenu,bat-footer-zonnic-top,bat-form,bat-form-block,bat-form-block-text,bat-form-field,bat-form-field-set,bat-form-field-tip,bat-form-messages,bat-form-msg,bat-form-step,bat-header,bat-header-account,bat-header-account-icon-label,bat-header-account-icon-label-auth,bat-header-account-link,bat-header-account-menu,bat-header-content,bat-header-fixed-spacer,bat-header-logo,bat-header-menu,bat-header-menu-button,bat-header-nav,bat-header-promo,bat-header-promo-link,bat-header-stores,bat-header-stores-link,bat-header-support,bat-header-support-link,bat-header-top,bat-header-utils,bat-header-wrapper,bat-headline,bat-headline-style,bat-icon,bat-image,bat-language,bat-location,bat-message,bat-message-text,bat-messagebar,bat-minicart,bat-minicart-basket-total,bat-minicart-count,bat-minicart-empty-content,bat-minicart-empty-headline,bat-minicart-empty-icon,bat-minicart-empty-message,bat-minicart-subtotal-label,bat-minicart-subtotal-value,bat-minicart-total-items,bat-minicart-wrapper,bat-modal,bat-modal-close,bat-modal-content,bat-navigation,bat-navigation-group,bat-navigation-group-list,bat-navigation-group-list-item,bat-navigation-group-list-item-link,bat-page,bat-section,bat-section-content,bat-section-content-style,bat-section-modal,bat-section-style,bat-text,bat-wrapper,breadcrumb-description,button-dark,button-secondary-dark,consent-block,container-fluid,cq-dd-paragraph,cta-hide,cta-label,cta-logged-in-user,cta-logged-out-user,cta-show,current-page,d-align-right,d-block,d-lg-block,d-md-block,d-none,d-sm-block,d-xl-block,display-address,embedded-messaging,error-msg,existing-user,existing-user-close,field-note,full-width,gallery-steel-grey-gradient,global-components,icon-plus,login-error-message,login-success-message,lookup-field,m-align-left,margin-none,margin-small,menu-title,newsletter-headline,newsletter-subheadline,padding-bottom-large,padding-bottom-medium,padding-bottom-small,padding-left-large,padding-left-medium,padding-left-small,padding-right-large,padding-right-medium,padding-right-small,padding-top-large,padding-top-medium,padding-top-small,page-theme,radio-input,radio-set,select-wrapper,submenu-content,to-login,toggle-visibility,what-is-zonnic,why-zonnic,your-address,your-details,zonnic-logo,zonnic-menu,zonnic-newsletter-modal
store-locator|https://www.zonnic.ca/ca/en/store-locator|address-lookup-field,arrow-link-dark,at-element-marker,ava-nav-menu,background-cover,background-v-top,bat-agegate,bat-button,bat-card,bat-carousel,bat-carousel-slides,bat-cta,bat-cta-style,bat-email-verification,bat-footer-bottom,bat-footer-payment-icons,bat-footer-social-nav,bat-footer-zonnic,bat-footer-zonnic-container,bat-footer-zonnic-copyright,bat-footer-zonnic-disclaimer,bat-footer-zonnic-label-page-breadcrumb,bat-footer-zonnic-logo,bat-footer-zonnic-logo-icon,bat-footer-zonnic-main,bat-footer-zonnic-nav,bat-footer-zonnic-nav-menu,bat-footer-zonnic-nav-menu-title,bat-footer-zonnic-submenu,bat-footer-zonnic-top,bat-form,bat-form-block,bat-form-block-text,bat-form-field,bat-form-field-set,bat-form-field-tip,bat-form-messages,bat-form-msg,bat-form-step,bat-header,bat-header-account,bat-header-account-icon-label,bat-header-account-icon-label-auth,bat-header-account-link,bat-header-account-menu,bat-header-content,bat-header-fixed-spacer,bat-header-logo,bat-header-menu,bat-header-menu-button,bat-header-nav,bat-header-promo,bat-header-promo-link,bat-header-stores,bat-header-stores-link,bat-header-support,bat-header-support-link,bat-header-top,bat-header-utils,bat-header-wrapper,bat-headline,bat-headline-style,bat-icon,bat-image,bat-language,bat-location,bat-message,bat-message-text,bat-messagebar,bat-minicart,bat-minicart-basket-total,bat-minicart-count,bat-minicart-empty-content,bat-minicart-empty-headline,bat-minicart-empty-icon,bat-minicart-empty-message,bat-minicart-subtotal-label,bat-minicart-subtotal-value,bat-minicart-total-items,bat-minicart-wrapper,bat-modal,bat-modal-close,bat-modal-content,bat-navigation,bat-navigation-group,bat-navigation-group-list,bat-navigation-group-list-item,bat-navigation-group-list-item-link,bat-page,bat-section,bat-section-content,bat-section-content-style,bat-section-modal,bat-section-style,bat-storelocator,bat-text,bat-wrapper,breadcrumb-description,button-dark,button-secondary-dark,card-masthead-product,consent-block,container-fluid,cq-dd-paragraph,cta-hide,cta-label,cta-logged-in-user,cta-logged-out-user,cta-show,current-page,d-align-right,d-block,d-lg-block,d-lg-none,d-md-block,d-md-none,d-none,d-sm-block,d-sm-none,d-xl-block,d-xl-none,display-address,email-cant-verify,email-invalid,embedded-messaging,error-msg,existing-user,existing-user-close,fa-chevron-left,fa-chevron-right,field-note,full-width,gallery-steel-grey-gradient,global-components,hide-nb,hide-qc,icon-plus,icon-stores,login-error-message,login-success-message,lookup-field,m-align-left,mapbox-improve-map,mapboxgl-canary,mapboxgl-canvas,mapboxgl-canvas-container,mapboxgl-compact,mapboxgl-control-container,mapboxgl-ctrl,mapboxgl-ctrl-attrib,mapboxgl-ctrl-attrib-button,mapboxgl-ctrl-attrib-inner,mapboxgl-ctrl-bottom-left,mapboxgl-ctrl-bottom-right,mapboxgl-ctrl-geocoder,mapboxgl-ctrl-logo,mapboxgl-ctrl-top-left,mapboxgl-ctrl-top-right,mapboxgl-interactive,mapboxgl-map,mapboxgl-touch-drag-pan,mapboxgl-touch-zoom-rotate,margin-medium,margin-none,margin-small,margin-xsmall,menu-title,newsletter-headline,padding-bottom-large,padding-bottom-medium,padding-bottom-small,padding-left-large,padding-left-medium,padding-left-small,padding-right-large,padding-right-medium,padding-right-small,padding-top-large,padding-top-medium,padding-top-small,padding-top-xsmall,page-theme,radio-input,radio-set,select-wrapper,slick-arrow,slick-hidden,slick-initialized,slick-list,slick-next,slick-prev,slick-slider,slick-track,submenu-content,suggestions-wrapper,to-login,toggle-visibility,user-invalid,what-is-zonnic,why-zonnic,your-address,your-details,zonnic-logo,zonnic-menu,zonnic-newsletter-modal
store-locator|https://www.zonnic.ca/ca/fr/store-locator|address-lookup-field,arrow-link-dark,at-element-marker,ava-nav-menu,background-cover,background-v-top,bat-agegate,bat-button,bat-card,bat-carousel,bat-carousel-slides,bat-cta,bat-cta-style,bat-email-verification,bat-footer-bottom,bat-footer-payment-icons,bat-footer-social-nav,bat-footer-zonnic,bat-footer-zonnic-container,bat-footer-zonnic-copyright,bat-footer-zonnic-disclaimer,bat-footer-zonnic-label-page-breadcrumb,bat-footer-zonnic-logo,bat-footer-zonnic-logo-icon,bat-footer-zonnic-main,bat-footer-zonnic-nav,bat-footer-zonnic-nav-menu,bat-footer-zonnic-nav-menu-title,bat-footer-zonnic-submenu,bat-footer-zonnic-top,bat-form,bat-form-block,bat-form-block-text,bat-form-field,bat-form-field-set,bat-form-field-tip,bat-form-messages,bat-form-msg,bat-form-step,bat-header,bat-header-account,bat-header-account-icon-label,bat-header-account-icon-label-auth,bat-header-account-link,bat-header-account-menu,bat-header-content,bat-header-fixed-spacer,bat-header-logo,bat-header-menu,bat-header-menu-button,bat-header-nav,bat-header-promo,bat-header-promo-link,bat-header-stores,bat-header-stores-link,bat-header-support,bat-header-support-link,bat-header-top,bat-header-utils,bat-header-wrapper,bat-headline,bat-headline-style,bat-icon,bat-image,bat-language,bat-location,bat-message,bat-message-text,bat-messagebar,bat-minicart,bat-minicart-basket-total,bat-minicart-count,bat-minicart-empty-content,bat-minicart-empty-headline,bat-minicart-empty-icon,bat-minicart-empty-message,bat-minicart-subtotal-label,bat-minicart-subtotal-value,bat-minicart-total-items,bat-minicart-wrapper,bat-modal,bat-modal-close,bat-modal-content,bat-navigation,bat-navigation-group,bat-navigation-group-list,bat-navigation-group-list-item,bat-navigation-group-list-item-link,bat-page,bat-section,bat-section-content,bat-section-content-style,bat-section-modal,bat-section-style,bat-storelocator,bat-text,bat-wrapper,breadcrumb-description,button-dark,button-secondary-dark,card-masthead-product,consent-block,container-fluid,cq-dd-paragraph,cta-hide,cta-label,cta-logged-in-user,cta-logged-out-user,cta-show,current-page,d-align-right,d-block,d-lg-block,d-lg-none,d-md-block,d-md-none,d-none,d-sm-block,d-sm-none,d-xl-block,d-xl-none,display-address,embedded-messaging,error-msg,existing-user,existing-user-close,fa-chevron-left,fa-chevron-right,field-note,full-width,gallery-steel-grey-gradient,global-components,hide-nb,hide-qc,icon-plus,icon-stores,login-error-message,login-success-message,lookup-field,m-align-left,mapbox-improve-map,mapboxgl-canary,mapboxgl-canvas,mapboxgl-canvas-container,mapboxgl-control-container,mapboxgl-ctrl,mapboxgl-ctrl-attrib,mapboxgl-ctrl-attrib-button,mapboxgl-ctrl-attrib-inner,mapboxgl-ctrl-bottom-left,mapboxgl-ctrl-bottom-right,mapboxgl-ctrl-geocoder,mapboxgl-ctrl-logo,mapboxgl-ctrl-top-left,mapboxgl-ctrl-top-right,mapboxgl-interactive,mapboxgl-map,mapboxgl-touch-drag-pan,mapboxgl-touch-zoom-rotate,margin-medium,margin-none,margin-small,margin-xsmall,menu-title,newsletter-headline,newsletter-subheadline,padding-bottom-large,padding-bottom-medium,padding-bottom-small,padding-left-large,padding-left-medium,padding-left-small,padding-right-large,padding-right-medium,padding-right-small,padding-top-large,padding-top-medium,padding-top-small,padding-top-xsmall,page-theme,radio-input,radio-set,select-wrapper,slick-active,slick-arrow,slick-cloned,slick-current,slick-dots,slick-dotted,slick-initialized,slick-list,slick-next,slick-prev,slick-slide,slick-slider,slick-track,submenu-content,suggestions-wrapper,to-login,toggle-visibility,what-is-zonnic,why-zonnic,your-address,your-details,zonnic-logo,zonnic-menu,zonnic-newsletter-modal
store-locator1|https://www.zonnic.ca/ca/en/store-locator1|address-lookup-field,arrow-link-dark,at-element-marker,ava-nav-menu,background-cover,background-v-top,bat-agegate,bat-button,bat-cta,bat-cta-style,bat-email-verification,bat-footer-bottom,bat-footer-payment-icons,bat-footer-social-nav,bat-footer-zonnic,bat-footer-zonnic-container,bat-footer-zonnic-copyright,bat-footer-zonnic-disclaimer,bat-footer-zonnic-label-page-breadcrumb,bat-footer-zonnic-logo,bat-footer-zonnic-logo-icon,bat-footer-zonnic-main,bat-footer-zonnic-nav,bat-footer-zonnic-nav-menu,bat-footer-zonnic-nav-menu-title,bat-footer-zonnic-submenu,bat-footer-zonnic-top,bat-form,bat-form-block,bat-form-block-text,bat-form-field,bat-form-field-set,bat-form-field-tip,bat-form-messages,bat-form-msg,bat-form-step,bat-header,bat-header-account,bat-header-account-icon-label,bat-header-account-icon-label-auth,bat-header-account-link,bat-header-account-menu,bat-header-content,bat-header-fixed-spacer,bat-header-logo,bat-header-menu,bat-header-menu-button,bat-header-nav,bat-header-promo,bat-header-promo-link,bat-header-stores,bat-header-stores-link,bat-header-support,bat-header-support-link,bat-header-top,bat-header-utils,bat-header-wrapper,bat-headline,bat-headline-style,bat-icon,bat-image,bat-language,bat-location,bat-message,bat-message-text,bat-messagebar,bat-minicart,bat-minicart-basket-total,bat-minicart-count,bat-minicart-empty-content,bat-minicart-empty-headline,bat-minicart-empty-icon,bat-minicart-empty-message,bat-minicart-subtotal-label,bat-minicart-subtotal-value,bat-minicart-total-items,bat-minicart-wrapper,bat-modal,bat-modal-close,bat-modal-content,bat-navigation,bat-navigation-group,bat-navigation-group-list,bat-navigation-group-list-item,bat-navigation-group-list-item-link,bat-page,bat-section,bat-section-content,bat-section-content-style,bat-section-modal,bat-section-style,bat-storelocator,bat-text,bat-wrapper,breadcrumb-description,button-dark,button-secondary-dark,consent-block,container-fluid,cq-dd-paragraph,cta-hide,cta-label,cta-logged-in-user,cta-logged-out-user,cta-show,current-page,d-align-right,d-block,d-lg-block,d-lg-none,d-md-block,d-md-none,d-none,d-sm-block,d-sm-none,d-xl-block,d-xl-none,display-address,email-cant-verify,email-invalid,embedded-messaging,error-msg,existing-user,existing-user-close,field-note,full-width,gallery-steel-grey-gradient,global-components,icon-plus,icon-stores,login-error-message,login-success-message,lookup-field,m-align-left,mapboxgl-attrib-empty,mapboxgl-canary,mapboxgl-canvas,mapboxgl-canvas-container,mapboxgl-compact,mapboxgl-control-container,mapboxgl-ctrl,mapboxgl-ctrl-attrib,mapboxgl-ctrl-attrib-button,mapboxgl-ctrl-attrib-inner,mapboxgl-ctrl-bottom-left,mapboxgl-ctrl-bottom-right,mapboxgl-ctrl-logo,mapboxgl-ctrl-top-left,mapboxgl-ctrl-top-right,mapboxgl-interactive,mapboxgl-map,mapboxgl-touch-drag-pan,mapboxgl-touch-zoom-rotate,margin-none,margin-small,menu-title,newsletter-headline,padding-bottom-large,padding-bottom-medium,padding-left-large,padding-left-medium,padding-left-small,padding-right-large,padding-right-medium,padding-right-small,padding-top-large,padding-top-medium,page-theme,radio-input,radio-set,select-wrapper,submenu-content,to-login,toggle-visibility,user-invalid,what-is-zonnic,why-zonnic,your-address,your-details,zonnic-logo,zonnic-menu,zonnic-newsletter-modal
store-locator1|https://www.zonnic.ca/ca/fr/store-locator1|address-lookup-field,arrow-link-dark,at-element-marker,ava-nav-menu,background-cover,background-v-top,bat-agegate,bat-button,bat-card,bat-cta,bat-cta-style,bat-email-verification,bat-footer-bottom,bat-footer-payment-icons,bat-footer-social-nav,bat-footer-zonnic,bat-footer-zonnic-container,bat-footer-zonnic-copyright,bat-footer-zonnic-disclaimer,bat-footer-zonnic-label-page-breadcrumb,bat-footer-zonnic-logo,bat-footer-zonnic-logo-icon,bat-footer-zonnic-main,bat-footer-zonnic-nav,bat-footer-zonnic-nav-menu,bat-footer-zonnic-nav-menu-title,bat-footer-zonnic-submenu,bat-footer-zonnic-top,bat-form,bat-form-block,bat-form-block-text,bat-form-field,bat-form-field-set,bat-form-field-tip,bat-form-messages,bat-form-msg,bat-form-step,bat-header,bat-header-account,bat-header-account-icon-label,bat-header-account-icon-label-auth,bat-header-account-link,bat-header-account-menu,bat-header-content,bat-header-fixed-spacer,bat-header-logo,bat-header-menu,bat-header-menu-button,bat-header-nav,bat-header-promo,bat-header-promo-link,bat-header-stores,bat-header-stores-link,bat-header-support,bat-header-support-link,bat-header-top,bat-header-utils,bat-header-wrapper,bat-headline,bat-headline-style,bat-icon,bat-image,bat-language,bat-location,bat-message,bat-message-text,bat-messagebar,bat-minicart,bat-minicart-basket-total,bat-minicart-count,bat-minicart-empty-content,bat-minicart-empty-headline,bat-minicart-empty-icon,bat-minicart-empty-message,bat-minicart-subtotal-label,bat-minicart-subtotal-value,bat-minicart-total-items,bat-minicart-wrapper,bat-modal,bat-modal-close,bat-modal-content,bat-navigation,bat-navigation-group,bat-navigation-group-list,bat-navigation-group-list-item,bat-navigation-group-list-item-link,bat-page,bat-section,bat-section-content,bat-section-content-style,bat-section-modal,bat-section-style,bat-text,bat-wrapper,bg-whisper-gray,breadcrumb-description,button-dark,button-secondary-dark,consent-block,container-fluid,cq-dd-paragraph,cta-hide,cta-label,cta-logged-in-user,cta-logged-out-user,cta-show,current-page,d-align-right,d-block,d-lg-block,d-lg-none,d-md-block,d-md-none,d-none,d-sm-block,d-sm-none,d-xl-block,d-xl-none,display-address,embedded-messaging,error-msg,existing-user,existing-user-close,field-note,full-width,gallery-steel-grey-gradient,global-components,icon-plus,login-error-message,login-success-message,lookup-field,m-align-left,margin-none,margin-small,menu-title,newsletter-headline,newsletter-subheadline,padding-bottom-large,padding-bottom-medium,padding-bottom-small,padding-left-large,padding-left-medium,padding-left-small,padding-right-large,padding-right-medium,padding-right-small,padding-top-large,padding-top-medium,padding-top-small,page-theme,radio-input,radio-set,select-wrapper,submenu-content,to-login,toggle-visibility,what-is-zonnic,why-zonnic,your-address,your-details,zonnic-logo,zonnic-menu,zonnic-newsletter-modal
test-cprt058|https://www.zonnic.ca/ca/en/test-cprt058|address-lookup-field,arrow-link-dark,at-element-marker,ava-nav-menu,background-cover,background-v-top,bat-agegate,bat-button,bat-card,bat-cta,bat-cta-style,bat-ctas,bat-email-verification,bat-footer-bottom,bat-footer-payment-icons,bat-footer-social-nav,bat-footer-zonnic,bat-footer-zonnic-container,bat-footer-zonnic-copyright,bat-footer-zonnic-disclaimer,bat-footer-zonnic-label-page-breadcrumb,bat-footer-zonnic-logo,bat-footer-zonnic-logo-icon,bat-footer-zonnic-main,bat-footer-zonnic-nav,bat-footer-zonnic-nav-menu,bat-footer-zonnic-nav-menu-title,bat-footer-zonnic-submenu,bat-footer-zonnic-top,bat-form,bat-form-block,bat-form-block-text,bat-form-field,bat-form-field-set,bat-form-field-tip,bat-form-messages,bat-form-msg,bat-form-step,bat-header,bat-header-account,bat-header-account-icon-label,bat-header-account-icon-label-auth,bat-header-account-link,bat-header-account-menu,bat-header-content,bat-header-fixed-spacer,bat-header-logo,bat-header-menu,bat-header-menu-button,bat-header-nav,bat-header-promo,bat-header-promo-link,bat-header-stores,bat-header-stores-link,bat-header-support,bat-header-support-link,bat-header-top,bat-header-utils,bat-header-wrapper,bat-headline,bat-headline-style,bat-icon,bat-image,bat-language,bat-location,bat-message,bat-message-text,bat-messagebar,bat-minicart,bat-minicart-basket-total,bat-minicart-count,bat-minicart-empty-content,bat-minicart-empty-headline,bat-minicart-empty-icon,bat-minicart-empty-message,bat-minicart-subtotal-label,bat-minicart-subtotal-value,bat-minicart-total-items,bat-minicart-wrapper,bat-modal,bat-modal-close,bat-modal-content,bat-navigation,bat-navigation-group,bat-navigation-group-list,bat-navigation-group-list-item,bat-navigation-group-list-item-link,bat-page,bat-productcard,bat-productcard-content,bat-productcard-controls,bat-productcard-image,bat-productcard-text,bat-productcard-text-description,bat-productcard-text-name,bat-section,bat-section-content,bat-section-content-style,bat-section-modal,bat-section-style,bat-text,bat-wrapper,breadcrumb-description,button-dark,button-secondary-dark,consent-block,container-fluid,cq-dd-paragraph,cta-hide,cta-label,cta-logged-in-user,cta-logged-out-user,cta-show,current-page,d-align-right,d-block,d-lg-block,d-lg-none,d-md-block,d-md-none,d-none,d-sm-block,d-sm-none,d-xl-block,d-xl-none,display-address,email-cant-verify,email-invalid,embedded-messaging,error-msg,existing-user,existing-user-close,field-note,full-width,gallery-aqua-blue-gradient,gallery-chill-mint-green-gradient,gallery-steel-grey-gradient,global-components,icon-plus,login-error-message,login-success-message,lookup-field,m-align-left,margin-none,margin-small,menu-title,newsletter-headline,padding-bottom-large,padding-bottom-medium,padding-left-large,padding-left-medium,padding-left-small,padding-right-large,padding-right-medium,padding-right-small,padding-top-large,padding-top-medium,page-theme,radio-input,radio-set,select-wrapper,submenu-content,to-login,toggle-visibility,user-invalid,what-is-zonnic,why-zonnic,your-address,your-details,zonnic-logo,zonnic-menu,zonnic-newsletter-modal
test-cprt058|https://www.zonnic.ca/ca/fr/test-cprt058|address-lookup-field,arrow-link-dark,at-element-marker,ava-nav-menu,background-cover,background-v-top,bat-agegate,bat-button,bat-card,bat-cta,bat-cta-style,bat-email-verification,bat-footer-bottom,bat-footer-payment-icons,bat-footer-social-nav,bat-footer-zonnic,bat-footer-zonnic-container,bat-footer-zonnic-copyright,bat-footer-zonnic-disclaimer,bat-footer-zonnic-label-page-breadcrumb,bat-footer-zonnic-logo,bat-footer-zonnic-logo-icon,bat-footer-zonnic-main,bat-footer-zonnic-nav,bat-footer-zonnic-nav-menu,bat-footer-zonnic-nav-menu-title,bat-footer-zonnic-submenu,bat-footer-zonnic-top,bat-form,bat-form-block,bat-form-block-text,bat-form-field,bat-form-field-set,bat-form-field-tip,bat-form-messages,bat-form-msg,bat-form-step,bat-header,bat-header-account,bat-header-account-icon-label,bat-header-account-icon-label-auth,bat-header-account-link,bat-header-account-menu,bat-header-content,bat-header-fixed-spacer,bat-header-logo,bat-header-menu,bat-header-menu-button,bat-header-nav,bat-header-promo,bat-header-promo-link,bat-header-stores,bat-header-stores-link,bat-header-support,bat-header-support-link,bat-header-top,bat-header-utils,bat-header-wrapper,bat-headline,bat-headline-style,bat-icon,bat-image,bat-language,bat-location,bat-message,bat-message-text,bat-messagebar,bat-minicart,bat-minicart-basket-total,bat-minicart-count,bat-minicart-empty-content,bat-minicart-empty-headline,bat-minicart-empty-icon,bat-minicart-empty-message,bat-minicart-subtotal-label,bat-minicart-subtotal-value,bat-minicart-total-items,bat-minicart-wrapper,bat-modal,bat-modal-close,bat-modal-content,bat-navigation,bat-navigation-group,bat-navigation-group-list,bat-navigation-group-list-item,bat-navigation-group-list-item-link,bat-page,bat-section,bat-section-content,bat-section-content-style,bat-section-modal,bat-section-style,bat-text,bat-wrapper,bg-whisper-gray,breadcrumb-description,button-dark,button-secondary-dark,consent-block,container-fluid,cq-dd-paragraph,cta-hide,cta-label,cta-logged-in-user,cta-logged-out-user,cta-show,current-page,d-align-right,d-block,d-lg-block,d-lg-none,d-md-block,d-md-none,d-none,d-sm-block,d-sm-none,d-xl-block,d-xl-none,display-address,embedded-messaging,error-msg,existing-user,existing-user-close,field-note,full-width,gallery-steel-grey-gradient,global-components,icon-plus,login-error-message,login-success-message,lookup-field,m-align-left,margin-none,margin-small,menu-title,newsletter-headline,newsletter-subheadline,padding-bottom-large,padding-bottom-medium,padding-bottom-small,padding-left-large,padding-left-medium,padding-left-small,padding-right-large,padding-right-medium,padding-right-small,padding-top-large,padding-top-medium,padding-top-small,page-theme,radio-input,radio-set,select-wrapper,submenu-content,to-login,toggle-visibility,what-is-zonnic,why-zonnic,your-address,your-details,zonnic-logo,zonnic-menu,zonnic-newsletter-modal
test-for-health-page|https://www.zonnic.ca/ca/en/test-for-health-page|arrow-link-dark,at-element-marker,ava-nav-menu,background-cover,background-v-top,bat-agegate,bat-button,bat-button-close-step,bat-cta,bat-cta-style,bat-email-verification,bat-footer-bottom,bat-footer-payment-icons,bat-footer-social-nav,bat-footer-zonnic,bat-footer-zonnic-container,bat-footer-zonnic-copyright,bat-footer-zonnic-disclaimer,bat-footer-zonnic-label-page-breadcrumb,bat-footer-zonnic-logo,bat-footer-zonnic-logo-icon,bat-footer-zonnic-main,bat-footer-zonnic-nav,bat-footer-zonnic-nav-menu,bat-footer-zonnic-nav-menu-title,bat-footer-zonnic-submenu,bat-footer-zonnic-top,bat-form,bat-form-block,bat-form-block-text,bat-form-field,bat-form-field-set,bat-form-field-tip,bat-form-heading,bat-form-messages,bat-form-msg,bat-form-step,bat-form-text,bat-header,bat-header-account,bat-header-account-icon-label,bat-header-account-icon-label-auth,bat-header-account-link,bat-header-account-menu,bat-header-content,bat-header-fixed-spacer,bat-header-logo,bat-header-menu,bat-header-menu-button,bat-header-nav,bat-header-promo,bat-header-promo-link,bat-header-stores,bat-header-stores-link,bat-header-support,bat-header-support-link,bat-header-top,bat-header-utils,bat-header-wrapper,bat-headline,bat-headline-style,bat-icon,bat-image,bat-language,bat-location,bat-message,bat-message-text,bat-messagebar,bat-minicart,bat-minicart-basket-total,bat-minicart-count,bat-minicart-empty-content,bat-minicart-empty-headline,bat-minicart-empty-icon,bat-minicart-empty-message,bat-minicart-subtotal-label,bat-minicart-subtotal-value,bat-minicart-total-items,bat-minicart-wrapper,bat-modal,bat-modal-close,bat-modal-content,bat-navigation,bat-navigation-group,bat-navigation-group-list,bat-navigation-group-list-item,bat-navigation-group-list-item-link,bat-page,bat-section,bat-section-content,bat-section-content-style,bat-section-modal,bat-section-style,bat-text,bat-wrapper,blog-wrapper-with-image,breadcrumb-description,button-dark,button-secondary-dark,consent-block,consent-text,container-fluid,cq-dd-paragraph,cta-hide,cta-label,cta-logged-in-user,cta-logged-out-user,cta-show,current-page,d-align-right,d-block,d-lg-block,d-lg-none,d-md-block,d-md-none,d-none,d-sm-block,d-sm-none,d-xl-block,d-xl-none,dark-gray,error-msg,field-note,floating-label,full-width,gallery-steel-grey-gradient,global-components,headline1-color1,headline3-color1,icon-plus,login-error-message,login-success-message,m-align-left,margin-none,margin-small,margin-top-small,menu-title,newsletter-disclaimer,newsletter-headline,newsletter-subheadline,padding-bottom-medium,padding-left-medium,padding-left-small,padding-right-medium,padding-right-small,padding-top-medium,page-theme,radio-input,radio-set,select-wrapper,submenu-content,toggle-visibility,what-is-zonnic,why-zonnic,zonnic-logo,zonnic-menu,zonnic-newsletter-modal
test-for-health-page|https://www.zonnic.ca/ca/fr/test-for-health-page|address-lookup-field,arrow-link-dark,at-element-marker,ava-nav-menu,background-cover,background-v-top,bat-agegate,bat-button,bat-card,bat-cta,bat-cta-style,bat-email-verification,bat-footer-bottom,bat-footer-payment-icons,bat-footer-social-nav,bat-footer-zonnic,bat-footer-zonnic-container,bat-footer-zonnic-copyright,bat-footer-zonnic-disclaimer,bat-footer-zonnic-label-page-breadcrumb,bat-footer-zonnic-logo,bat-footer-zonnic-logo-icon,bat-footer-zonnic-main,bat-footer-zonnic-nav,bat-footer-zonnic-nav-menu,bat-footer-zonnic-nav-menu-title,bat-footer-zonnic-submenu,bat-footer-zonnic-top,bat-form,bat-form-block,bat-form-block-text,bat-form-field,bat-form-field-set,bat-form-field-tip,bat-form-messages,bat-form-msg,bat-form-step,bat-header,bat-header-account,bat-header-account-icon-label,bat-header-account-icon-label-auth,bat-header-account-link,bat-header-account-menu,bat-header-content,bat-header-fixed-spacer,bat-header-logo,bat-header-menu,bat-header-menu-button,bat-header-nav,bat-header-promo,bat-header-promo-link,bat-header-stores,bat-header-stores-link,bat-header-support,bat-header-support-link,bat-header-top,bat-header-utils,bat-header-wrapper,bat-headline,bat-headline-style,bat-icon,bat-image,bat-language,bat-location,bat-message,bat-message-text,bat-messagebar,bat-minicart,bat-minicart-basket-total,bat-minicart-count,bat-minicart-empty-content,bat-minicart-empty-headline,bat-minicart-empty-icon,bat-minicart-empty-message,bat-minicart-subtotal-label,bat-minicart-subtotal-value,bat-minicart-total-items,bat-minicart-wrapper,bat-modal,bat-modal-close,bat-modal-content,bat-navigation,bat-navigation-group,bat-navigation-group-list,bat-navigation-group-list-item,bat-navigation-group-list-item-link,bat-page,bat-section,bat-section-content,bat-section-content-style,bat-section-modal,bat-section-style,bat-text,bat-wrapper,bg-whisper-gray,breadcrumb-description,button-dark,button-secondary-dark,consent-block,container-fluid,cq-dd-paragraph,cta-hide,cta-label,cta-logged-in-user,cta-logged-out-user,cta-show,current-page,d-align-right,d-block,d-lg-block,d-lg-none,d-md-block,d-md-none,d-none,d-sm-block,d-sm-none,d-xl-block,d-xl-none,display-address,embedded-messaging,error-msg,existing-user,existing-user-close,field-note,full-width,gallery-steel-grey-gradient,global-components,icon-plus,login-error-message,login-success-message,lookup-field,m-align-left,margin-none,margin-small,menu-title,newsletter-headline,newsletter-subheadline,padding-bottom-large,padding-bottom-medium,padding-bottom-small,padding-left-large,padding-left-medium,padding-left-small,padding-right-large,padding-right-medium,padding-right-small,padding-top-large,padding-top-medium,padding-top-small,page-theme,radio-input,radio-set,select-wrapper,submenu-content,to-login,toggle-visibility,what-is-zonnic,why-zonnic,your-address,your-details,zonnic-logo,zonnic-menu,zonnic-newsletter-modal
test-superscript|https://www.zonnic.ca/ca/en/test-superscript|address-lookup-field,arrow-link-dark,at-element-marker,ava-nav-menu,background-cover,background-v-top,bat-agegate,bat-button,bat-cta,bat-cta-style,bat-email-verification,bat-footer-bottom,bat-footer-payment-icons,bat-footer-social-nav,bat-footer-zonnic,bat-footer-zonnic-container,bat-footer-zonnic-copyright,bat-footer-zonnic-disclaimer,bat-footer-zonnic-label-page-breadcrumb,bat-footer-zonnic-logo,bat-footer-zonnic-logo-icon,bat-footer-zonnic-main,bat-footer-zonnic-nav,bat-footer-zonnic-nav-menu,bat-footer-zonnic-nav-menu-title,bat-footer-zonnic-submenu,bat-footer-zonnic-top,bat-form,bat-form-block,bat-form-block-text,bat-form-field,bat-form-field-set,bat-form-field-tip,bat-form-messages,bat-form-msg,bat-form-step,bat-header,bat-header-account,bat-header-account-icon-label,bat-header-account-icon-label-auth,bat-header-account-link,bat-header-account-menu,bat-header-content,bat-header-fixed-spacer,bat-header-logo,bat-header-menu,bat-header-menu-button,bat-header-nav,bat-header-promo,bat-header-promo-link,bat-header-stores,bat-header-stores-link,bat-header-support,bat-header-support-link,bat-header-top,bat-header-utils,bat-header-wrapper,bat-headline,bat-headline-style,bat-icon,bat-image,bat-language,bat-location,bat-message,bat-message-text,bat-messagebar,bat-minicart,bat-minicart-basket-total,bat-minicart-count,bat-minicart-empty-content,bat-minicart-empty-headline,bat-minicart-empty-icon,bat-minicart-empty-message,bat-minicart-subtotal-label,bat-minicart-subtotal-value,bat-minicart-total-items,bat-minicart-wrapper,bat-modal,bat-modal-close,bat-modal-content,bat-navigation,bat-navigation-group,bat-navigation-group-list,bat-navigation-group-list-item,bat-navigation-group-list-item-link,bat-page,bat-section,bat-section-content,bat-section-content-style,bat-section-modal,bat-section-style,bat-text,bat-wrapper,blog-wrapper-with-image,breadcrumb-description,button-dark,button-secondary-dark,consent-block,container-fluid,cq-dd-paragraph,cta-hide,cta-label,cta-logged-in-user,cta-logged-out-user,cta-show,current-page,d-align-right,d-block,d-lg-block,d-lg-none,d-md-block,d-md-none,d-none,d-sm-block,d-sm-none,d-xl-block,d-xl-none,dark-gray,display-address,email-cant-verify,email-invalid,error-msg,existing-user,existing-user-close,field-note,full-width,gallery-steel-grey-gradient,global-components,headline1-color1,headline3-color1,icon-plus,login-error-message,login-success-message,lookup-field,m-align-left,margin-none,margin-small,menu-title,newsletter-headline,padding-bottom-medium,padding-left-medium,padding-left-small,padding-right-medium,padding-right-small,padding-top-medium,page-theme,radio-input,radio-set,select-wrapper,submenu-content,to-login,toggle-visibility,user-invalid,what-is-zonnic,why-zonnic,your-address,your-details,zonnic-logo,zonnic-menu,zonnic-newsletter-modal
test-superscript|https://www.zonnic.ca/ca/fr/test-superscript|address-lookup-field,arrow-link-dark,at-element-marker,ava-nav-menu,background-cover,background-v-top,bat-agegate,bat-button,bat-card,bat-cta,bat-cta-style,bat-email-verification,bat-footer-bottom,bat-footer-payment-icons,bat-footer-social-nav,bat-footer-zonnic,bat-footer-zonnic-container,bat-footer-zonnic-copyright,bat-footer-zonnic-disclaimer,bat-footer-zonnic-label-page-breadcrumb,bat-footer-zonnic-logo,bat-footer-zonnic-logo-icon,bat-footer-zonnic-main,bat-footer-zonnic-nav,bat-footer-zonnic-nav-menu,bat-footer-zonnic-nav-menu-title,bat-footer-zonnic-submenu,bat-footer-zonnic-top,bat-form,bat-form-block,bat-form-block-text,bat-form-field,bat-form-field-set,bat-form-field-tip,bat-form-messages,bat-form-msg,bat-form-step,bat-header,bat-header-account,bat-header-account-icon-label,bat-header-account-icon-label-auth,bat-header-account-link,bat-header-account-menu,bat-header-content,bat-header-fixed-spacer,bat-header-logo,bat-header-menu,bat-header-menu-button,bat-header-nav,bat-header-promo,bat-header-promo-link,bat-header-stores,bat-header-stores-link,bat-header-support,bat-header-support-link,bat-header-top,bat-header-utils,bat-header-wrapper,bat-headline,bat-headline-style,bat-icon,bat-image,bat-language,bat-location,bat-message,bat-message-text,bat-messagebar,bat-minicart,bat-minicart-basket-total,bat-minicart-count,bat-minicart-empty-content,bat-minicart-empty-headline,bat-minicart-empty-icon,bat-minicart-empty-message,bat-minicart-subtotal-label,bat-minicart-subtotal-value,bat-minicart-total-items,bat-minicart-wrapper,bat-modal,bat-modal-close,bat-modal-content,bat-navigation,bat-navigation-group,bat-navigation-group-list,bat-navigation-group-list-item,bat-navigation-group-list-item-link,bat-page,bat-section,bat-section-content,bat-section-content-style,bat-section-modal,bat-section-style,bat-text,bat-wrapper,bg-whisper-gray,breadcrumb-description,button-dark,button-secondary-dark,consent-block,container-fluid,cq-dd-paragraph,cta-hide,cta-label,cta-logged-in-user,cta-logged-out-user,cta-show,current-page,d-align-right,d-block,d-lg-block,d-lg-none,d-md-block,d-md-none,d-none,d-sm-block,d-sm-none,d-xl-block,d-xl-none,display-address,embedded-messaging,error-msg,existing-user,existing-user-close,field-note,full-width,gallery-steel-grey-gradient,global-components,icon-plus,login-error-message,login-success-message,lookup-field,m-align-left,margin-none,margin-small,menu-title,newsletter-headline,newsletter-subheadline,padding-bottom-large,padding-bottom-medium,padding-bottom-small,padding-left-large,padding-left-medium,padding-left-small,padding-right-large,padding-right-medium,padding-right-small,padding-top-large,padding-top-medium,padding-top-small,page-theme,radio-input,radio-set,select-wrapper,submenu-content,to-login,toggle-visibility,what-is-zonnic,why-zonnic,your-address,your-details,zonnic-logo,zonnic-menu,zonnic-newsletter-modal
test|https://www.zonnic.ca/ca/en/test|address-lookup-field,arrow-link-dark,at-element-marker,ava-nav-menu,background-cover,background-v-top,bat-account-nav,bat-agegate,bat-button,bat-cta,bat-cta-style,bat-email-verification,bat-footer-bottom,bat-footer-payment-icons,bat-footer-social-nav,bat-footer-zonnic,bat-footer-zonnic-container,bat-footer-zonnic-copyright,bat-footer-zonnic-disclaimer,bat-footer-zonnic-label-page-breadcrumb,bat-footer-zonnic-logo,bat-footer-zonnic-logo-icon,bat-footer-zonnic-main,bat-footer-zonnic-nav,bat-footer-zonnic-nav-menu,bat-footer-zonnic-nav-menu-title,bat-footer-zonnic-submenu,bat-footer-zonnic-top,bat-form,bat-form-block,bat-form-block-text,bat-form-field,bat-form-field-set,bat-form-field-tip,bat-form-messages,bat-form-msg,bat-form-step,bat-header,bat-header-account,bat-header-account-icon-label,bat-header-account-icon-label-auth,bat-header-account-link,bat-header-account-menu,bat-header-content,bat-header-fixed-spacer,bat-header-logo,bat-header-menu,bat-header-menu-button,bat-header-nav,bat-header-promo,bat-header-promo-link,bat-header-stores,bat-header-stores-link,bat-header-support,bat-header-support-link,bat-header-top,bat-header-utils,bat-header-wrapper,bat-headline,bat-headline-style,bat-icon,bat-image,bat-language,bat-location,bat-message,bat-message-text,bat-messagebar,bat-minicart,bat-minicart-basket-total,bat-minicart-count,bat-minicart-empty-content,bat-minicart-empty-headline,bat-minicart-empty-icon,bat-minicart-empty-message,bat-minicart-subtotal-label,bat-minicart-subtotal-value,bat-minicart-total-items,bat-minicart-wrapper,bat-modal,bat-modal-close,bat-modal-content,bat-navigation,bat-navigation-group,bat-navigation-group-list,bat-navigation-group-list-item,bat-navigation-group-list-item-link,bat-page,bat-section,bat-section-content,bat-section-content-style,bat-section-modal,bat-section-style,bat-text,bat-wrapper,breadcrumb-description,button-dark,button-secondary-dark,consent-block,container-fluid,cq-dd-paragraph,cta-hide,cta-label,cta-logged-in-user,cta-logged-out-user,cta-show,current-page,d-align-right,d-block,d-lg-block,d-lg-none,d-md-block,d-md-none,d-none,d-sm-block,d-sm-none,d-xl-block,d-xl-none,display-address,email-cant-verify,email-invalid,embedded-messaging,error-msg,existing-user,existing-user-close,field-note,full-width,gallery-steel-grey-gradient,global-components,icon-plus,login-error-message,login-success-message,lookup-field,m-align-left,margin-none,margin-small,menu-title,newsletter-headline,padding-bottom-large,padding-bottom-medium,padding-left-large,padding-left-medium,padding-left-small,padding-right-large,padding-right-medium,padding-right-small,padding-top-large,padding-top-medium,page-theme,radio-input,radio-set,select-wrapper,submenu-content,to-login,toggle-visibility,user-invalid,what-is-zonnic,why-zonnic,your-address,your-details,zonnic-logo,zonnic-menu,zonnic-newsletter-modal
test|https://www.zonnic.ca/ca/fr/test|address-lookup-field,arrow-link-dark,at-element-marker,ava-nav-menu,background-cover,background-v-top,bat-agegate,bat-button,bat-card,bat-cta,bat-cta-style,bat-email-verification,bat-footer-bottom,bat-footer-payment-icons,bat-footer-social-nav,bat-footer-zonnic,bat-footer-zonnic-container,bat-footer-zonnic-copyright,bat-footer-zonnic-disclaimer,bat-footer-zonnic-label-page-breadcrumb,bat-footer-zonnic-logo,bat-footer-zonnic-logo-icon,bat-footer-zonnic-main,bat-footer-zonnic-nav,bat-footer-zonnic-nav-menu,bat-footer-zonnic-nav-menu-title,bat-footer-zonnic-submenu,bat-footer-zonnic-top,bat-form,bat-form-block,bat-form-block-text,bat-form-field,bat-form-field-set,bat-form-field-tip,bat-form-messages,bat-form-msg,bat-form-step,bat-header,bat-header-account,bat-header-account-icon-label,bat-header-account-icon-label-auth,bat-header-account-link,bat-header-account-menu,bat-header-content,bat-header-fixed-spacer,bat-header-logo,bat-header-menu,bat-header-menu-button,bat-header-nav,bat-header-promo,bat-header-promo-link,bat-header-stores,bat-header-stores-link,bat-header-support,bat-header-support-link,bat-header-top,bat-header-utils,bat-header-wrapper,bat-headline,bat-headline-style,bat-icon,bat-image,bat-language,bat-location,bat-message,bat-message-text,bat-messagebar,bat-minicart,bat-minicart-basket-total,bat-minicart-count,bat-minicart-empty-content,bat-minicart-empty-headline,bat-minicart-empty-icon,bat-minicart-empty-message,bat-minicart-subtotal-label,bat-minicart-subtotal-value,bat-minicart-total-items,bat-minicart-wrapper,bat-modal,bat-modal-close,bat-modal-content,bat-navigation,bat-navigation-group,bat-navigation-group-list,bat-navigation-group-list-item,bat-navigation-group-list-item-link,bat-page,bat-section,bat-section-content,bat-section-content-style,bat-section-modal,bat-section-style,bat-text,bat-wrapper,bg-whisper-gray,breadcrumb-description,button-dark,button-secondary-dark,consent-block,container-fluid,cq-dd-paragraph,cta-hide,cta-label,cta-logged-in-user,cta-logged-out-user,cta-show,current-page,d-align-right,d-block,d-lg-block,d-lg-none,d-md-block,d-md-none,d-none,d-sm-block,d-sm-none,d-xl-block,d-xl-none,display-address,embedded-messaging,error-msg,existing-user,existing-user-close,field-note,full-width,gallery-steel-grey-gradient,global-components,icon-plus,login-error-message,login-success-message,lookup-field,m-align-left,margin-none,margin-small,menu-title,newsletter-headline,newsletter-subheadline,padding-bottom-large,padding-bottom-medium,padding-bottom-small,padding-left-large,padding-left-medium,padding-left-small,padding-right-large,padding-right-medium,padding-right-small,padding-top-large,padding-top-medium,padding-top-small,page-theme,radio-input,radio-set,select-wrapper,submenu-content,to-login,toggle-visibility,what-is-zonnic,why-zonnic,your-address,your-details,zonnic-logo,zonnic-menu,zonnic-newsletter-modal
test0|https://www.zonnic.ca/ca/en/test0|at-element-marker,ava-nav-menu,background-cover,background-v-top,bat-agegate,bat-button,bat-cta,bat-cta-style,bat-email-verification,bat-footer-bottom,bat-footer-payment-icons,bat-footer-social-nav,bat-footer-zonnic,bat-footer-zonnic-container,bat-footer-zonnic-copyright,bat-footer-zonnic-disclaimer,bat-footer-zonnic-label-page-breadcrumb,bat-footer-zonnic-logo,bat-footer-zonnic-logo-icon,bat-footer-zonnic-main,bat-footer-zonnic-nav,bat-footer-zonnic-nav-menu,bat-footer-zonnic-nav-menu-title,bat-footer-zonnic-submenu,bat-footer-zonnic-top,bat-form,bat-header,bat-header-account,bat-header-account-icon-label,bat-header-account-icon-label-auth,bat-header-account-link,bat-header-account-menu,bat-header-content,bat-header-fixed-spacer,bat-header-logo,bat-header-menu,bat-header-menu-button,bat-header-nav,bat-header-promo,bat-header-promo-link,bat-header-stores,bat-header-stores-link,bat-header-support,bat-header-support-link,bat-header-top,bat-header-utils,bat-header-wrapper,bat-headline,bat-headline-style,bat-icon,bat-image,bat-language,bat-location,bat-messagebar,bat-minicart,bat-minicart-basket-total,bat-minicart-count,bat-minicart-empty-content,bat-minicart-empty-headline,bat-minicart-empty-icon,bat-minicart-empty-message,bat-minicart-subtotal-label,bat-minicart-subtotal-value,bat-minicart-total-items,bat-minicart-wrapper,bat-modal,bat-modal-close,bat-modal-content,bat-navigation,bat-navigation-group,bat-navigation-group-list,bat-navigation-group-list-item,bat-navigation-group-list-item-link,bat-page,bat-section,bat-section-content,bat-section-content-style,bat-section-modal,bat-section-style,bat-text,bat-wrapper,blog-wrapper-with-image,breadcrumb-description,button-dark,button-secondary-dark,container-fluid,cq-dd-paragraph,cta-hide,cta-label,cta-logged-in-user,cta-logged-out-user,cta-show,current-page,d-align-right,d-block,d-lg-block,d-lg-none,d-md-block,d-md-none,d-none,d-sm-block,d-sm-none,d-xl-block,d-xl-none,dark-gray,full-width,gallery-steel-grey-gradient,global-components,headline1-color1,headline3-color1,icon-plus,m-align-left,margin-none,margin-small,menu-title,newsletter-headline,newsletter-subheadline,padding-bottom-medium,padding-left-medium,padding-left-small,padding-right-medium,padding-right-small,padding-top-medium,page-theme,radio-input,radio-set,select-wrapper,submenu-content,what-is-zonnic,why-zonnic,zonnic-logo,zonnic-menu,zonnic-newsletter-modal
test0|https://www.zonnic.ca/ca/fr/test0|address-lookup-field,arrow-link-dark,at-element-marker,ava-nav-menu,background-cover,background-v-top,bat-agegate,bat-button,bat-card,bat-cta,bat-cta-style,bat-email-verification,bat-footer-bottom,bat-footer-payment-icons,bat-footer-social-nav,bat-footer-zonnic,bat-footer-zonnic-container,bat-footer-zonnic-copyright,bat-footer-zonnic-disclaimer,bat-footer-zonnic-label-page-breadcrumb,bat-footer-zonnic-logo,bat-footer-zonnic-logo-icon,bat-footer-zonnic-main,bat-footer-zonnic-nav,bat-footer-zonnic-nav-menu,bat-footer-zonnic-nav-menu-title,bat-footer-zonnic-submenu,bat-footer-zonnic-top,bat-form,bat-form-block,bat-form-block-text,bat-form-field,bat-form-field-set,bat-form-field-tip,bat-form-messages,bat-form-msg,bat-form-step,bat-header,bat-header-account,bat-header-account-icon-label,bat-header-account-icon-label-auth,bat-header-account-link,bat-header-account-menu,bat-header-content,bat-header-fixed-spacer,bat-header-logo,bat-header-menu,bat-header-menu-button,bat-header-nav,bat-header-promo,bat-header-promo-link,bat-header-stores,bat-header-stores-link,bat-header-support,bat-header-support-link,bat-header-top,bat-header-utils,bat-header-wrapper,bat-headline,bat-headline-style,bat-icon,bat-image,bat-language,bat-location,bat-message,bat-message-text,bat-messagebar,bat-minicart,bat-minicart-basket-total,bat-minicart-count,bat-minicart-empty-content,bat-minicart-empty-headline,bat-minicart-empty-icon,bat-minicart-empty-message,bat-minicart-subtotal-label,bat-minicart-subtotal-value,bat-minicart-total-items,bat-minicart-wrapper,bat-modal,bat-modal-close,bat-modal-content,bat-navigation,bat-navigation-group,bat-navigation-group-list,bat-navigation-group-list-item,bat-navigation-group-list-item-link,bat-page,bat-section,bat-section-content,bat-section-content-style,bat-section-modal,bat-section-style,bat-text,bat-wrapper,bg-whisper-gray,breadcrumb-description,button-dark,button-secondary-dark,consent-block,container-fluid,cq-dd-paragraph,cta-hide,cta-label,cta-logged-in-user,cta-logged-out-user,cta-show,current-page,d-align-right,d-block,d-lg-block,d-lg-none,d-md-block,d-md-none,d-none,d-sm-block,d-sm-none,d-xl-block,d-xl-none,display-address,embedded-messaging,error-msg,existing-user,existing-user-close,field-note,full-width,gallery-steel-grey-gradient,global-components,icon-plus,login-error-message,login-success-message,lookup-field,m-align-left,margin-none,margin-small,menu-title,newsletter-headline,newsletter-subheadline,padding-bottom-large,padding-bottom-medium,padding-bottom-small,padding-left-large,padding-left-medium,padding-left-small,padding-right-large,padding-right-medium,padding-right-small,padding-top-large,padding-top-medium,padding-top-small,page-theme,radio-input,radio-set,select-wrapper,submenu-content,to-login,toggle-visibility,what-is-zonnic,why-zonnic,your-address,your-details,zonnic-logo,zonnic-menu,zonnic-newsletter-modal
test_prashant|https://www.zonnic.ca/ca/en/test_prashant|at-element-marker,bat-account-nav,bat-cta,bat-hero-zonnic,bat-image,bat-page,bat-text,bat-wrapper,d-block,d-lg-block,d-md-block,d-none,d-sm-block,d-sm-none,d-xl-block,full-width,margin-small,page-theme,video-container,video-hls-id,video-hls-source
testingblogarticletemplate|https://www.zonnic.ca/ca/en/testingblogarticletemplate|arrow-link-dark,at-element-marker,ava-nav-menu,background-cover,background-v-top,bat-agegate,bat-button,bat-button-close-step,bat-cta,bat-cta-style,bat-email-verification,bat-footer-bottom,bat-footer-payment-icons,bat-footer-social-nav,bat-footer-zonnic,bat-footer-zonnic-container,bat-footer-zonnic-copyright,bat-footer-zonnic-disclaimer,bat-footer-zonnic-label-page-breadcrumb,bat-footer-zonnic-logo,bat-footer-zonnic-logo-icon,bat-footer-zonnic-main,bat-footer-zonnic-nav,bat-footer-zonnic-nav-menu,bat-footer-zonnic-nav-menu-title,bat-footer-zonnic-submenu,bat-footer-zonnic-top,bat-form,bat-form-block,bat-form-block-text,bat-form-field,bat-form-field-set,bat-form-field-tip,bat-form-heading,bat-form-messages,bat-form-msg,bat-form-step,bat-form-text,bat-header,bat-header-account,bat-header-account-icon-label,bat-header-account-icon-label-auth,bat-header-account-link,bat-header-account-menu,bat-header-content,bat-header-fixed-spacer,bat-header-logo,bat-header-menu,bat-header-menu-button,bat-header-nav,bat-header-promo,bat-header-promo-link,bat-header-stores,bat-header-stores-link,bat-header-support,bat-header-support-link,bat-header-top,bat-header-utils,bat-header-wrapper,bat-headline,bat-headline-style,bat-icon,bat-image,bat-language,bat-location,bat-message,bat-message-text,bat-messagebar,bat-minicart,bat-minicart-basket-total,bat-minicart-count,bat-minicart-empty-content,bat-minicart-empty-headline,bat-minicart-empty-icon,bat-minicart-empty-message,bat-minicart-subtotal-label,bat-minicart-subtotal-value,bat-minicart-total-items,bat-minicart-wrapper,bat-modal,bat-modal-close,bat-modal-content,bat-navigation,bat-navigation-group,bat-navigation-group-list,bat-navigation-group-list-item,bat-navigation-group-list-item-link,bat-page,bat-section,bat-section-content,bat-section-content-style,bat-section-modal,bat-section-style,bat-text,bat-wrapper,blog-wrapper-with-image,breadcrumb-description,button-dark,button-secondary-dark,consent-block,consent-text,container-fluid,cq-dd-paragraph,cta-hide,cta-label,cta-logged-in-user,cta-logged-out-user,cta-show,current-page,d-align-right,d-block,d-lg-block,d-lg-none,d-md-block,d-md-none,d-none,d-sm-block,d-sm-none,d-xl-block,d-xl-none,dark-gray,error-msg,field-note,floating-label,full-width,gallery-steel-grey-gradient,global-components,headline1-color1,headline3-color1,icon-plus,login-error-message,login-success-message,m-align-left,margin-none,margin-small,margin-top-small,menu-title,newsletter-disclaimer,newsletter-headline,newsletter-subheadline,padding-bottom-medium,padding-left-medium,padding-left-small,padding-right-medium,padding-right-small,padding-top-medium,page-theme,radio-input,radio-set,select-wrapper,submenu-content,toggle-visibility,what-is-zonnic,why-zonnic,zonnic-logo,zonnic-menu,zonnic-newsletter-modal
testingblogarticletemplate|https://www.zonnic.ca/ca/fr/testingblogarticletemplate|address-lookup-field,arrow-link-dark,at-element-marker,ava-nav-menu,background-cover,background-v-top,bat-agegate,bat-button,bat-card,bat-cta,bat-cta-style,bat-email-verification,bat-footer-bottom,bat-footer-payment-icons,bat-footer-social-nav,bat-footer-zonnic,bat-footer-zonnic-container,bat-footer-zonnic-copyright,bat-footer-zonnic-disclaimer,bat-footer-zonnic-label-page-breadcrumb,bat-footer-zonnic-logo,bat-footer-zonnic-logo-icon,bat-footer-zonnic-main,bat-footer-zonnic-nav,bat-footer-zonnic-nav-menu,bat-footer-zonnic-nav-menu-title,bat-footer-zonnic-submenu,bat-footer-zonnic-top,bat-form,bat-form-block,bat-form-block-text,bat-form-field,bat-form-field-set,bat-form-field-tip,bat-form-messages,bat-form-msg,bat-form-step,bat-header,bat-header-account,bat-header-account-icon-label,bat-header-account-icon-label-auth,bat-header-account-link,bat-header-account-menu,bat-header-content,bat-header-fixed-spacer,bat-header-logo,bat-header-menu,bat-header-menu-button,bat-header-nav,bat-header-promo,bat-header-promo-link,bat-header-stores,bat-header-stores-link,bat-header-support,bat-header-support-link,bat-header-top,bat-header-utils,bat-header-wrapper,bat-headline,bat-headline-style,bat-icon,bat-image,bat-language,bat-location,bat-message,bat-message-text,bat-messagebar,bat-minicart,bat-minicart-basket-total,bat-minicart-count,bat-minicart-empty-content,bat-minicart-empty-headline,bat-minicart-empty-icon,bat-minicart-empty-message,bat-minicart-subtotal-label,bat-minicart-subtotal-value,bat-minicart-total-items,bat-minicart-wrapper,bat-modal,bat-modal-close,bat-modal-content,bat-navigation,bat-navigation-group,bat-navigation-group-list,bat-navigation-group-list-item,bat-navigation-group-list-item-link,bat-page,bat-section,bat-section-content,bat-section-content-style,bat-section-modal,bat-section-style,bat-text,bat-wrapper,bg-whisper-gray,breadcrumb-description,button-dark,button-secondary-dark,consent-block,container-fluid,cq-dd-paragraph,cta-hide,cta-label,cta-logged-in-user,cta-logged-out-user,cta-show,current-page,d-align-right,d-block,d-lg-block,d-lg-none,d-md-block,d-md-none,d-none,d-sm-block,d-sm-none,d-xl-block,d-xl-none,display-address,embedded-messaging,error-msg,existing-user,existing-user-close,field-note,full-width,gallery-steel-grey-gradient,global-components,icon-plus,login-error-message,login-success-message,lookup-field,m-align-left,margin-none,margin-small,menu-title,newsletter-headline,newsletter-subheadline,padding-bottom-large,padding-bottom-medium,padding-bottom-small,padding-left-large,padding-left-medium,padding-left-small,padding-right-large,padding-right-medium,padding-right-small,padding-top-large,padding-top-medium,padding-top-small,page-theme,radio-input,radio-set,select-wrapper,submenu-content,to-login,toggle-visibility,what-is-zonnic,why-zonnic,your-address,your-details,zonnic-logo,zonnic-menu,zonnic-newsletter-modal
truth-about-zonnic|https://www.zonnic.ca/ca/en/truth-about-zonnic|address-lookup-field,arrow-link-dark,arrow-link-light,at-element-marker,ava-nav-menu,background-cover,background-v-top,bat-agegate,bat-button,bat-card,bat-card-info,bat-carousel,bat-carousel-slides,bat-cmp-contentfragmentcollection,bat-cta,bat-cta-style,bat-email-verification,bat-faq-default,bat-footer-bottom,bat-footer-payment-icons,bat-footer-social-nav,bat-footer-zonnic,bat-footer-zonnic-container,bat-footer-zonnic-copyright,bat-footer-zonnic-disclaimer,bat-footer-zonnic-label-page-breadcrumb,bat-footer-zonnic-logo,bat-footer-zonnic-logo-icon,bat-footer-zonnic-main,bat-footer-zonnic-nav,bat-footer-zonnic-nav-menu,bat-footer-zonnic-nav-menu-title,bat-footer-zonnic-submenu,bat-footer-zonnic-top,bat-form,bat-form-block,bat-form-block-text,bat-form-field,bat-form-field-set,bat-form-field-tip,bat-form-messages,bat-form-msg,bat-form-step,bat-header,bat-header-account,bat-header-account-icon-label,bat-header-account-icon-label-auth,bat-header-account-link,bat-header-account-menu,bat-header-content,bat-header-fixed-spacer,bat-header-logo,bat-header-menu,bat-header-menu-button,bat-header-nav,bat-header-promo,bat-header-promo-link,bat-header-stores,bat-header-stores-link,bat-header-support,bat-header-support-link,bat-header-top,bat-header-utils,bat-header-wrapper,bat-headline,bat-headline-style,bat-hero-zonnic,bat-icon,bat-image,bat-language,bat-location,bat-message,bat-message-text,bat-messagebar,bat-minicart,bat-minicart-basket-total,bat-minicart-count,bat-minicart-empty-content,bat-minicart-empty-headline,bat-minicart-empty-icon,bat-minicart-empty-message,bat-minicart-subtotal-label,bat-minicart-subtotal-value,bat-minicart-total-items,bat-minicart-wrapper,bat-modal,bat-modal-close,bat-modal-content,bat-navigation,bat-navigation-group,bat-navigation-group-list,bat-navigation-group-list-item,bat-navigation-group-list-item-link,bat-page,bat-section,bat-section-content,bat-section-content-style,bat-section-modal,bat-section-style,bat-text,bat-wrapper,breadcrumb-description,button-dark,button-light,button-secondary-dark,consent-block,container-fluid,cq-dd-paragraph,cta-hide,cta-label,cta-logged-in-user,cta-logged-out-user,cta-show,current-page,d-align-right,d-block,d-lg-block,d-lg-none,d-md-block,d-md-none,d-none,d-sm-block,d-sm-none,d-xl-block,d-xl-none,display-address,email-cant-verify,email-invalid,embedded-messaging,error-msg,existing-user,existing-user-close,fa-chevron-left,fa-chevron-right,fa-plus,field-note,full-width,gallery-steel-grey-gradient,global-components,headline1-light,headline2-color2,icon-center,icon-plus,login-error-message,login-success-message,lookup-field,m-align-left,margin-none,margin-small,margin-xsmall,menu-title,newsletter-headline,padding-bottom-large,padding-bottom-medium,padding-bottom-small,padding-left-large,padding-left-medium,padding-left-small,padding-left-xsmall,padding-right-large,padding-right-medium,padding-right-small,padding-right-xsmall,padding-top-large,padding-top-medium,padding-top-small,padding-top-xsmall,page-theme,product-carousel,radio-input,radio-set,rte-temp,same-as-top,select-wrapper,slick-active,slick-arrow,slick-current,slick-disabled,slick-dots,slick-dotted,slick-initialized,slick-list,slick-next,slick-prev,slick-slide,slick-slider,slick-track,submenu-content,to-login,toggle-visibility,user-invalid,what-is-zonnic,why-zonnic,your-address,your-details,zonnic-logo,zonnic-menu,zonnic-newsletter-modal
truth-about-zonnic|https://www.zonnic.ca/ca/fr/truth-about-zonnic|arrow-link-dark,arrow-link-light,at-element-marker,ava-nav-menu,background-cover,background-v-top,bat-agegate,bat-button,bat-card,bat-card-info,bat-carousel,bat-carousel-slides,bat-cmp-contentfragmentcollection,bat-cta,bat-cta-style,bat-email-verification,bat-faq-default,bat-footer-bottom,bat-footer-payment-icons,bat-footer-social-nav,bat-footer-zonnic,bat-footer-zonnic-container,bat-footer-zonnic-copyright,bat-footer-zonnic-disclaimer,bat-footer-zonnic-label-page-breadcrumb,bat-footer-zonnic-logo,bat-footer-zonnic-logo-icon,bat-footer-zonnic-main,bat-footer-zonnic-nav,bat-footer-zonnic-nav-menu,bat-footer-zonnic-nav-menu-title,bat-footer-zonnic-submenu,bat-footer-zonnic-top,bat-form,bat-header,bat-header-account,bat-header-account-icon-label,bat-header-account-icon-label-auth,bat-header-account-link,bat-header-account-menu,bat-header-content,bat-header-fixed-spacer,bat-header-logo,bat-header-menu,bat-header-menu-button,bat-header-nav,bat-header-promo,bat-header-promo-link,bat-header-stores,bat-header-stores-link,bat-header-support,bat-header-support-link,bat-header-top,bat-header-utils,bat-header-wrapper,bat-headline,bat-headline-style,bat-hero-zonnic,bat-icon,bat-image,bat-language,bat-location,bat-messagebar,bat-minicart,bat-minicart-basket-total,bat-minicart-count,bat-minicart-empty-content,bat-minicart-empty-headline,bat-minicart-empty-icon,bat-minicart-empty-message,bat-minicart-subtotal-label,bat-minicart-subtotal-value,bat-minicart-total-items,bat-minicart-wrapper,bat-modal,bat-modal-close,bat-modal-content,bat-navigation,bat-navigation-group,bat-navigation-group-list,bat-navigation-group-list-item,bat-navigation-group-list-item-link,bat-page,bat-section,bat-section-content,bat-section-content-style,bat-section-modal,bat-section-style,bat-text,bat-wrapper,breadcrumb-description,button-dark,button-light,button-secondary-dark,container-fluid,cq-dd-paragraph,cta-hide,cta-label,cta-logged-in-user,cta-logged-out-user,cta-show,current-page,d-align-right,d-block,d-lg-block,d-lg-none,d-md-block,d-md-none,d-none,d-sm-block,d-sm-none,d-xl-block,d-xl-none,embedded-messaging,fa-chevron-left,fa-chevron-right,fa-plus,full-width,gallery-steel-grey-gradient,global-components,headline1-light,headline2-color2,icon-center,icon-plus,m-align-left,margin-none,margin-small,margin-xsmall,menu-title,newsletter-headline,newsletter-subheadline,padding-bottom-large,padding-bottom-medium,padding-bottom-small,padding-left-large,padding-left-medium,padding-left-small,padding-left-xsmall,padding-right-large,padding-right-medium,padding-right-small,padding-right-xsmall,padding-top-large,padding-top-medium,padding-top-small,padding-top-xsmall,page-theme,product-carousel,radio-input,radio-set,rte-temp,same-as-top,select-wrapper,slick-active,slick-arrow,slick-current,slick-disabled,slick-dots,slick-dotted,slick-initialized,slick-list,slick-next,slick-prev,slick-slide,slick-slider,slick-track,submenu-content,what-is-zonnic,why-zonnic,zonnic-logo,zonnic-menu,zonnic-newsletter-modal
user-generated-content-terms-of-use|https://www.zonnic.ca/ca/en/user-generated-content-terms-of-use|address-lookup-field,arrow-link-dark,at-element-marker,ava-nav-menu,background-cover,background-v-top,bat-agegate,bat-button,bat-cta,bat-cta-style,bat-email-verification,bat-footer-bottom,bat-footer-payment-icons,bat-footer-social-nav,bat-footer-zonnic,bat-footer-zonnic-container,bat-footer-zonnic-copyright,bat-footer-zonnic-disclaimer,bat-footer-zonnic-label-page-breadcrumb,bat-footer-zonnic-logo,bat-footer-zonnic-logo-icon,bat-footer-zonnic-main,bat-footer-zonnic-nav,bat-footer-zonnic-nav-menu,bat-footer-zonnic-nav-menu-title,bat-footer-zonnic-submenu,bat-footer-zonnic-top,bat-form,bat-form-block,bat-form-block-text,bat-form-field,bat-form-field-set,bat-form-field-tip,bat-form-messages,bat-form-msg,bat-form-step,bat-header,bat-header-account,bat-header-account-icon-label,bat-header-account-icon-label-auth,bat-header-account-link,bat-header-account-menu,bat-header-content,bat-header-fixed-spacer,bat-header-logo,bat-header-menu,bat-header-menu-button,bat-header-nav,bat-header-promo,bat-header-promo-link,bat-header-stores,bat-header-stores-link,bat-header-support,bat-header-support-link,bat-header-top,bat-header-utils,bat-header-wrapper,bat-headline,bat-headline-style,bat-icon,bat-image,bat-language,bat-location,bat-message,bat-message-text,bat-messagebar,bat-minicart,bat-minicart-basket-total,bat-minicart-count,bat-minicart-empty-content,bat-minicart-empty-headline,bat-minicart-empty-icon,bat-minicart-empty-message,bat-minicart-subtotal-label,bat-minicart-subtotal-value,bat-minicart-total-items,bat-minicart-wrapper,bat-modal,bat-modal-close,bat-modal-content,bat-navigation,bat-navigation-group,bat-navigation-group-list,bat-navigation-group-list-item,bat-navigation-group-list-item-link,bat-page,bat-section,bat-section-content,bat-section-content-style,bat-section-modal,bat-section-style,bat-text,bat-wrapper,breadcrumb-description,button-dark,button-secondary-dark,consent-block,container-fluid,cq-dd-paragraph,cta-hide,cta-label,cta-logged-in-user,cta-logged-out-user,cta-show,current-page,d-align-right,d-block,d-lg-block,d-lg-none,d-md-block,d-md-none,d-none,d-sm-block,d-sm-none,d-xl-block,d-xl-none,display-address,email-cant-verify,email-invalid,embedded-messaging,error-msg,existing-user,existing-user-close,field-note,full-width,gallery-steel-grey-gradient,global-components,icon-plus,login-error-message,login-success-message,lookup-field,m-align-left,margin-none,margin-small,menu-title,newsletter-headline,padding-bottom-large,padding-bottom-medium,padding-left-large,padding-left-medium,padding-left-small,padding-right-large,padding-right-medium,padding-right-small,padding-top-large,padding-top-medium,page-theme,radio-input,radio-set,select-wrapper,submenu-content,to-login,toggle-visibility,user-invalid,what-is-zonnic,why-zonnic,your-address,your-details,zonnic-logo,zonnic-menu,zonnic-newsletter-modal
user-generated-content-terms-of-use|https://www.zonnic.ca/ca/fr/user-generated-content-terms-of-use|address-lookup-field,arrow-link-dark,at-element-marker,ava-nav-menu,background-cover,background-v-top,bat-agegate,bat-button,bat-cta,bat-cta-style,bat-email-verification,bat-footer-bottom,bat-footer-payment-icons,bat-footer-social-nav,bat-footer-zonnic,bat-footer-zonnic-container,bat-footer-zonnic-copyright,bat-footer-zonnic-disclaimer,bat-footer-zonnic-label-page-breadcrumb,bat-footer-zonnic-logo,bat-footer-zonnic-logo-icon,bat-footer-zonnic-main,bat-footer-zonnic-nav,bat-footer-zonnic-nav-menu,bat-footer-zonnic-nav-menu-title,bat-footer-zonnic-submenu,bat-footer-zonnic-top,bat-form,bat-form-block,bat-form-block-text,bat-form-field,bat-form-field-set,bat-form-field-tip,bat-form-messages,bat-form-msg,bat-form-step,bat-header,bat-header-account,bat-header-account-icon-label,bat-header-account-icon-label-auth,bat-header-account-link,bat-header-account-menu,bat-header-content,bat-header-fixed-spacer,bat-header-logo,bat-header-menu,bat-header-menu-button,bat-header-nav,bat-header-promo,bat-header-promo-link,bat-header-stores,bat-header-stores-link,bat-header-support,bat-header-support-link,bat-header-top,bat-header-utils,bat-header-wrapper,bat-headline,bat-headline-style,bat-icon,bat-image,bat-language,bat-location,bat-message,bat-message-text,bat-messagebar,bat-minicart,bat-minicart-basket-total,bat-minicart-count,bat-minicart-empty-content,bat-minicart-empty-headline,bat-minicart-empty-icon,bat-minicart-empty-message,bat-minicart-subtotal-label,bat-minicart-subtotal-value,bat-minicart-total-items,bat-minicart-wrapper,bat-modal,bat-modal-close,bat-modal-content,bat-navigation,bat-navigation-group,bat-navigation-group-list,bat-navigation-group-list-item,bat-navigation-group-list-item-link,bat-page,bat-section,bat-section-content,bat-section-content-style,bat-section-modal,bat-section-style,bat-text,bat-wrapper,breadcrumb-description,button-dark,button-secondary-dark,consent-block,container-fluid,cq-dd-paragraph,cta-hide,cta-label,cta-logged-in-user,cta-logged-out-user,cta-show,current-page,d-align-right,d-block,d-lg-block,d-md-block,d-none,d-sm-block,d-xl-block,display-address,embedded-messaging,error-msg,existing-user,existing-user-close,field-note,full-width,gallery-steel-grey-gradient,global-components,icon-plus,login-error-message,login-success-message,lookup-field,m-align-left,margin-none,margin-small,menu-title,newsletter-headline,newsletter-subheadline,padding-bottom-large,padding-bottom-medium,padding-left-large,padding-left-medium,padding-left-small,padding-right-large,padding-right-medium,padding-right-small,padding-top-large,padding-top-medium,page-theme,radio-input,radio-set,select-wrapper,submenu-content,to-login,toggle-visibility,what-is-zonnic,why-zonnic,your-address,your-details,zonnic-logo,zonnic-menu,zonnic-newsletter-modal
what-is-zonnic|https://www.zonnic.ca/ca/en/what-is-zonnic|address-lookup-field,arrow-link-dark,at-element-marker,ava-nav-menu,background-cover,background-v-top,bat-agegate,bat-button,bat-card-info,bat-cmp-contentfragmentcollection,bat-cta,bat-cta-style,bat-email-verification,bat-faq-default,bat-footer-bottom,bat-footer-payment-icons,bat-footer-social-nav,bat-footer-zonnic,bat-footer-zonnic-container,bat-footer-zonnic-copyright,bat-footer-zonnic-disclaimer,bat-footer-zonnic-label-page-breadcrumb,bat-footer-zonnic-logo,bat-footer-zonnic-logo-icon,bat-footer-zonnic-main,bat-footer-zonnic-nav,bat-footer-zonnic-nav-menu,bat-footer-zonnic-nav-menu-title,bat-footer-zonnic-submenu,bat-footer-zonnic-top,bat-form,bat-form-block,bat-form-block-text,bat-form-field,bat-form-field-set,bat-form-field-tip,bat-form-messages,bat-form-msg,bat-form-step,bat-header,bat-header-account,bat-header-account-icon-label,bat-header-account-icon-label-auth,bat-header-account-link,bat-header-account-menu,bat-header-content,bat-header-fixed-spacer,bat-header-logo,bat-header-menu,bat-header-menu-button,bat-header-nav,bat-header-promo,bat-header-promo-link,bat-header-stores,bat-header-stores-link,bat-header-support,bat-header-support-link,bat-header-top,bat-header-utils,bat-header-wrapper,bat-headline,bat-headline-style,bat-hero-zonnic,bat-icon,bat-image,bat-language,bat-location,bat-message,bat-message-text,bat-messagebar,bat-minicart,bat-minicart-basket-total,bat-minicart-count,bat-minicart-empty-content,bat-minicart-empty-headline,bat-minicart-empty-icon,bat-minicart-empty-message,bat-minicart-subtotal-label,bat-minicart-subtotal-value,bat-minicart-total-items,bat-minicart-wrapper,bat-modal,bat-modal-close,bat-modal-content,bat-navigation,bat-navigation-group,bat-navigation-group-list,bat-navigation-group-list-item,bat-navigation-group-list-item-link,bat-page,bat-section,bat-section-content,bat-section-content-style,bat-section-modal,bat-section-style,bat-text,bat-wrapper,breadcrumb-description,button-dark,button-secondary-dark,cmp-experiencefragment,consent-block,container-fluid,cq-dd-paragraph,cta-hide,cta-label,cta-logged-in-user,cta-logged-out-user,cta-show,current-page,d-align-right,d-block,d-lg-block,d-lg-none,d-md-block,d-md-none,d-none,d-sm-block,d-sm-none,d-xl-block,d-xl-none,display-address,email-cant-verify,email-invalid,embedded-messaging,error-msg,existing-user,existing-user-close,fa-plus,field-note,full-width,gallery-steel-grey-gradient,global-components,headline1-large,headline2-color2,icon-center,icon-plus,login-error-message,login-success-message,lookup-field,m-align-left,margin-medium,margin-none,margin-small,menu-title,newsletter-headline,padding-bottom-large,padding-bottom-medium,padding-bottom-small,padding-bottom-xsmall,padding-left-large,padding-left-medium,padding-left-small,padding-right-large,padding-right-medium,padding-right-small,padding-top-large,padding-top-medium,padding-top-small,padding-top-xsmall,page-theme,radio-input,radio-set,select-wrapper,submenu-content,to-login,toggle-visibility,user-invalid,what-is-zonnic,why-zonnic,xf-content-height,your-address,your-details,zonnic-logo,zonnic-menu,zonnic-newsletter-modal
what-is-zonnic|https://www.zonnic.ca/ca/fr/what-is-zonnic|address-lookup-field,arrow-link-dark,at-element-marker,ava-nav-menu,background-cover,background-v-top,bat-account-nav,bat-agegate,bat-button,bat-card-info,bat-cmp-contentfragmentcollection,bat-cta,bat-cta-style,bat-email-verification,bat-faq-default,bat-footer-bottom,bat-footer-payment-icons,bat-footer-social-nav,bat-footer-zonnic,bat-footer-zonnic-container,bat-footer-zonnic-copyright,bat-footer-zonnic-disclaimer,bat-footer-zonnic-label-page-breadcrumb,bat-footer-zonnic-logo,bat-footer-zonnic-logo-icon,bat-footer-zonnic-main,bat-footer-zonnic-nav,bat-footer-zonnic-nav-menu,bat-footer-zonnic-nav-menu-title,bat-footer-zonnic-submenu,bat-footer-zonnic-top,bat-form,bat-form-block,bat-form-block-text,bat-form-field,bat-form-field-set,bat-form-field-tip,bat-form-messages,bat-form-msg,bat-form-step,bat-header,bat-header-account,bat-header-account-icon-label,bat-header-account-icon-label-auth,bat-header-account-link,bat-header-account-menu,bat-header-content,bat-header-fixed-spacer,bat-header-logo,bat-header-menu,bat-header-menu-button,bat-header-nav,bat-header-promo,bat-header-promo-link,bat-header-stores,bat-header-stores-link,bat-header-support,bat-header-support-link,bat-header-top,bat-header-utils,bat-header-wrapper,bat-headline,bat-headline-style,bat-hero-zonnic,bat-icon,bat-image,bat-language,bat-location,bat-message,bat-message-text,bat-messagebar,bat-minicart,bat-minicart-basket-total,bat-minicart-count,bat-minicart-empty-content,bat-minicart-empty-headline,bat-minicart-empty-icon,bat-minicart-empty-message,bat-minicart-subtotal-label,bat-minicart-subtotal-value,bat-minicart-total-items,bat-minicart-wrapper,bat-modal,bat-modal-close,bat-modal-content,bat-navigation,bat-navigation-group,bat-navigation-group-list,bat-navigation-group-list-item,bat-navigation-group-list-item-link,bat-page,bat-section,bat-section-content,bat-section-content-style,bat-section-modal,bat-section-style,bat-text,bat-wrapper,breadcrumb-description,button-dark,button-secondary-dark,cmp-experiencefragment,consent-block,container-fluid,cq-dd-paragraph,cta-hide,cta-label,cta-logged-in-user,cta-logged-out-user,cta-show,current-page,d-align-right,d-block,d-lg-block,d-lg-none,d-md-block,d-md-none,d-none,d-sm-block,d-sm-none,d-xl-block,d-xl-none,display-address,embedded-messaging,error-msg,existing-user,existing-user-close,fa-plus,field-note,full-width,gallery-steel-grey-gradient,global-components,headline1-large,headline2-color2,icon-center,icon-plus,login-error-message,login-success-message,lookup-field,m-align-left,margin-medium,margin-none,margin-small,menu-title,newsletter-headline,newsletter-subheadline,padding-bottom-large,padding-bottom-medium,padding-bottom-small,padding-bottom-xsmall,padding-left-large,padding-left-medium,padding-left-small,padding-right-large,padding-right-medium,padding-right-small,padding-top-large,padding-top-medium,padding-top-small,padding-top-xsmall,page-theme,radio-input,radio-set,rte-temp,same-as-top,select-wrapper,submenu-content,to-login,toggle-visibility,what-is-zonnic,why-zonnic,xf-content-height,your-address,your-details,zonnic-logo,zonnic-menu,zonnic-newsletter-modal
why-zonnic|https://www.zonnic.ca/ca/en/why-zonnic|address-lookup-field,arrow-link-dark,at-element-marker,ava-nav-menu,background-cover,background-v-top,bat-agegate,bat-button,bat-card,bat-card-info,bat-carousel,bat-carousel-slides,bat-cmp-contentfragmentcollection,bat-cta,bat-cta-style,bat-email-verification,bat-faq-default,bat-footer-bottom,bat-footer-payment-icons,bat-footer-social-nav,bat-footer-zonnic,bat-footer-zonnic-container,bat-footer-zonnic-copyright,bat-footer-zonnic-disclaimer,bat-footer-zonnic-label-page-breadcrumb,bat-footer-zonnic-logo,bat-footer-zonnic-logo-icon,bat-footer-zonnic-main,bat-footer-zonnic-nav,bat-footer-zonnic-nav-menu,bat-footer-zonnic-nav-menu-title,bat-footer-zonnic-submenu,bat-footer-zonnic-top,bat-form,bat-form-block,bat-form-block-text,bat-form-field,bat-form-field-set,bat-form-field-tip,bat-form-messages,bat-form-msg,bat-form-step,bat-header,bat-header-account,bat-header-account-icon-label,bat-header-account-icon-label-auth,bat-header-account-link,bat-header-account-menu,bat-header-content,bat-header-fixed-spacer,bat-header-logo,bat-header-menu,bat-header-menu-button,bat-header-nav,bat-header-promo,bat-header-promo-link,bat-header-stores,bat-header-stores-link,bat-header-support,bat-header-support-link,bat-header-top,bat-header-utils,bat-header-wrapper,bat-headline,bat-headline-style,bat-hero-zonnic,bat-icon,bat-image,bat-language,bat-location,bat-message,bat-message-text,bat-messagebar,bat-minicart,bat-minicart-basket-total,bat-minicart-count,bat-minicart-empty-content,bat-minicart-empty-headline,bat-minicart-empty-icon,bat-minicart-empty-message,bat-minicart-subtotal-label,bat-minicart-subtotal-value,bat-minicart-total-items,bat-minicart-wrapper,bat-modal,bat-modal-close,bat-modal-content,bat-navigation,bat-navigation-group,bat-navigation-group-list,bat-navigation-group-list-item,bat-navigation-group-list-item-link,bat-page,bat-section,bat-section-content,bat-section-content-style,bat-section-modal,bat-section-style,bat-text,bat-wrapper,breadcrumb-description,button-dark,button-secondary-dark,consent-block,container-fluid,cq-dd-paragraph,cta-hide,cta-label,cta-logged-in-user,cta-logged-out-user,cta-show,current-page,d-align-right,d-block,d-lg-block,d-lg-none,d-md-block,d-md-none,d-none,d-sm-block,d-sm-none,d-xl-block,d-xl-none,display-address,email-cant-verify,email-invalid,embedded-messaging,error-msg,existing-user,existing-user-close,fa-chevron-left,fa-chevron-right,fa-plus,field-note,full-width,gallery-steel-grey-gradient,global-components,headline1-large,headline1-large-light,headline2-color2,icon-center,icon-plus,login-error-message,login-success-message,lookup-field,m-align-left,margin-medium,margin-none,margin-small,margin-xsmall,menu-title,newsletter-headline,padding-bottom-large,padding-bottom-medium,padding-bottom-small,padding-bottom-xsmall,padding-left-large,padding-left-medium,padding-left-small,padding-left-xsmall,padding-right-large,padding-right-medium,padding-right-small,padding-right-xsmall,padding-top-large,padding-top-medium,padding-top-small,padding-top-xsmall,page-theme,product-carousel,radio-input,radio-set,rte-temp,same-as-top,select-wrapper,slick-active,slick-arrow,slick-cloned,slick-current,slick-dots,slick-dotted,slick-initialized,slick-list,slick-next,slick-prev,slick-slide,slick-slider,slick-track,submenu-content,to-login,toggle-visibility,user-invalid,what-is-zonnic,why-zonnic,your-address,your-details,zonnic-logo,zonnic-menu,zonnic-newsletter-modal
why-zonnic|https://www.zonnic.ca/ca/fr/why-zonnic|address-lookup-field,arrow-link-dark,at-element-marker,ava-nav-menu,background-cover,background-v-top,bat-agegate,bat-button,bat-card,bat-card-info,bat-carousel,bat-carousel-slides,bat-cmp-contentfragmentcollection,bat-cta,bat-cta-style,bat-email-verification,bat-faq-default,bat-footer-bottom,bat-footer-payment-icons,bat-footer-social-nav,bat-footer-zonnic,bat-footer-zonnic-container,bat-footer-zonnic-copyright,bat-footer-zonnic-disclaimer,bat-footer-zonnic-label-page-breadcrumb,bat-footer-zonnic-logo,bat-footer-zonnic-logo-icon,bat-footer-zonnic-main,bat-footer-zonnic-nav,bat-footer-zonnic-nav-menu,bat-footer-zonnic-nav-menu-title,bat-footer-zonnic-submenu,bat-footer-zonnic-top,bat-form,bat-form-block,bat-form-block-text,bat-form-field,bat-form-field-set,bat-form-field-tip,bat-form-messages,bat-form-msg,bat-form-step,bat-header,bat-header-account,bat-header-account-icon-label,bat-header-account-icon-label-auth,bat-header-account-link,bat-header-account-menu,bat-header-content,bat-header-fixed-spacer,bat-header-logo,bat-header-menu,bat-header-menu-button,bat-header-nav,bat-header-promo,bat-header-promo-link,bat-header-stores,bat-header-stores-link,bat-header-support,bat-header-support-link,bat-header-top,bat-header-utils,bat-header-wrapper,bat-headline,bat-headline-style,bat-hero-zonnic,bat-icon,bat-image,bat-language,bat-location,bat-message,bat-message-text,bat-messagebar,bat-minicart,bat-minicart-basket-total,bat-minicart-count,bat-minicart-empty-content,bat-minicart-empty-headline,bat-minicart-empty-icon,bat-minicart-empty-message,bat-minicart-subtotal-label,bat-minicart-subtotal-value,bat-minicart-total-items,bat-minicart-wrapper,bat-modal,bat-modal-close,bat-modal-content,bat-navigation,bat-navigation-group,bat-navigation-group-list,bat-navigation-group-list-item,bat-navigation-group-list-item-link,bat-page,bat-section,bat-section-content,bat-section-content-style,bat-section-modal,bat-section-style,bat-text,bat-wrapper,breadcrumb-description,button-dark,button-secondary-dark,consent-block,container-fluid,cq-dd-paragraph,cta-hide,cta-label,cta-logged-in-user,cta-logged-out-user,cta-show,current-page,d-align-right,d-block,d-lg-block,d-lg-none,d-md-block,d-md-none,d-none,d-sm-block,d-sm-none,d-xl-block,d-xl-none,display-address,embedded-messaging,error-msg,existing-user,existing-user-close,fa-chevron-left,fa-chevron-right,fa-plus,field-note,full-width,gallery-steel-grey-gradient,global-components,headline1-large,headline2-color2,icon-center,icon-plus,login-error-message,login-success-message,lookup-field,m-align-left,margin-medium,margin-none,margin-small,margin-xsmall,menu-title,newsletter-headline,newsletter-subheadline,padding-bottom-large,padding-bottom-medium,padding-bottom-small,padding-bottom-xsmall,padding-left-large,padding-left-medium,padding-left-small,padding-left-xsmall,padding-right-large,padding-right-medium,padding-right-small,padding-right-xsmall,padding-top-large,padding-top-medium,padding-top-small,padding-top-xsmall,page-theme,product-carousel,radio-input,radio-set,rte-temp,same-as-top,select-wrapper,slick-active,slick-arrow,slick-cloned,slick-current,slick-dots,slick-dotted,slick-initialized,slick-list,slick-next,slick-prev,slick-slide,slick-slider,slick-track,submenu-content,to-login,toggle-visibility,what-is-zonnic,why-zonnic,your-address,your-details,zonnic-logo,zonnic-menu,zonnic-newsletter-modal
world-no-tobacco-day|https://www.zonnic.ca/ca/en/world-no-tobacco-day|address-lookup-field,arrow-link-dark,at-element-marker,ava-nav-menu,background-cover,background-v-top,bat-agegate,bat-button,bat-card,bat-card-info,bat-carousel,bat-carousel-slides,bat-cmp-contentfragmentcollection,bat-cta,bat-cta-style,bat-email-verification,bat-faq-default,bat-footer-bottom,bat-footer-payment-icons,bat-footer-social-nav,bat-footer-zonnic,bat-footer-zonnic-container,bat-footer-zonnic-copyright,bat-footer-zonnic-disclaimer,bat-footer-zonnic-label-page-breadcrumb,bat-footer-zonnic-logo,bat-footer-zonnic-logo-icon,bat-footer-zonnic-main,bat-footer-zonnic-nav,bat-footer-zonnic-nav-menu,bat-footer-zonnic-nav-menu-title,bat-footer-zonnic-submenu,bat-footer-zonnic-top,bat-form,bat-form-block,bat-form-block-text,bat-form-field,bat-form-field-set,bat-form-field-tip,bat-form-messages,bat-form-msg,bat-form-step,bat-header,bat-header-account,bat-header-account-icon-label,bat-header-account-icon-label-auth,bat-header-account-link,bat-header-account-menu,bat-header-content,bat-header-fixed-spacer,bat-header-logo,bat-header-menu,bat-header-menu-button,bat-header-nav,bat-header-promo,bat-header-promo-link,bat-header-stores,bat-header-stores-link,bat-header-support,bat-header-support-link,bat-header-top,bat-header-utils,bat-header-wrapper,bat-headline,bat-headline-style,bat-hero-zonnic,bat-icon,bat-image,bat-language,bat-location,bat-message,bat-message-text,bat-messagebar,bat-minicart,bat-minicart-basket-total,bat-minicart-count,bat-minicart-empty-content,bat-minicart-empty-headline,bat-minicart-empty-icon,bat-minicart-empty-message,bat-minicart-subtotal-label,bat-minicart-subtotal-value,bat-minicart-total-items,bat-minicart-wrapper,bat-modal,bat-modal-close,bat-modal-content,bat-navigation,bat-navigation-group,bat-navigation-group-list,bat-navigation-group-list-item,bat-navigation-group-list-item-link,bat-page,bat-section,bat-section-content,bat-section-content-style,bat-section-modal,bat-section-style,bat-text,bat-wrapper,breadcrumb-description,button-dark,button-secondary-dark,consent-block,container-fluid,cq-dd-paragraph,cta-hide,cta-label,cta-logged-in-user,cta-logged-out-user,cta-show,current-page,d-align-right,d-block,d-lg-block,d-lg-none,d-md-block,d-md-none,d-none,d-sm-block,d-sm-none,d-xl-block,d-xl-none,dark-gray,display-address,email-cant-verify,email-invalid,embedded-messaging,error-msg,existing-user,existing-user-close,fa-chevron-left,fa-chevron-right,fa-plus,field-note,full-width,gallery-steel-grey-gradient,global-components,headline1-large,headline1-light,headline2-color2,icon-center,icon-plus,login-error-message,login-success-message,lookup-field,m-align-left,margin-none,margin-small,margin-xsmall,menu-title,newsletter-headline,padding-bottom-large,padding-bottom-medium,padding-bottom-small,padding-left-large,padding-left-medium,padding-left-small,padding-left-xsmall,padding-right-large,padding-right-medium,padding-right-small,padding-right-xsmall,padding-top-large,padding-top-medium,padding-top-small,padding-top-xsmall,page-theme,radio-input,radio-set,select-wrapper,slick-active,slick-arrow,slick-current,slick-disabled,slick-dots,slick-dotted,slick-initialized,slick-list,slick-next,slick-prev,slick-slide,slick-slider,slick-track,submenu-content,to-login,toggle-visibility,user-invalid,what-is-zonnic,why-zonnic,your-address,your-details,zonnic-logo,zonnic-menu,zonnic-newsletter-modal
world-no-tobacco-day|https://www.zonnic.ca/ca/fr/world-no-tobacco-day|address-lookup-field,arrow-link-dark,at-element-marker,ava-nav-menu,background-cover,background-v-top,bat-agegate,bat-button,bat-card,bat-card-info,bat-carousel,bat-carousel-slides,bat-cmp-contentfragmentcollection,bat-cta,bat-cta-style,bat-email-verification,bat-faq-default,bat-footer-bottom,bat-footer-payment-icons,bat-footer-social-nav,bat-footer-zonnic,bat-footer-zonnic-container,bat-footer-zonnic-copyright,bat-footer-zonnic-disclaimer,bat-footer-zonnic-label-page-breadcrumb,bat-footer-zonnic-logo,bat-footer-zonnic-logo-icon,bat-footer-zonnic-main,bat-footer-zonnic-nav,bat-footer-zonnic-nav-menu,bat-footer-zonnic-nav-menu-title,bat-footer-zonnic-submenu,bat-footer-zonnic-top,bat-form,bat-form-block,bat-form-block-text,bat-form-field,bat-form-field-set,bat-form-field-tip,bat-form-messages,bat-form-msg,bat-form-step,bat-header,bat-header-account,bat-header-account-icon-label,bat-header-account-icon-label-auth,bat-header-account-link,bat-header-account-menu,bat-header-content,bat-header-fixed-spacer,bat-header-logo,bat-header-menu,bat-header-menu-button,bat-header-nav,bat-header-promo,bat-header-promo-link,bat-header-stores,bat-header-stores-link,bat-header-support,bat-header-support-link,bat-header-top,bat-header-utils,bat-header-wrapper,bat-headline,bat-headline-style,bat-hero-zonnic,bat-icon,bat-image,bat-language,bat-location,bat-message,bat-message-text,bat-messagebar,bat-minicart,bat-minicart-basket-total,bat-minicart-count,bat-minicart-empty-content,bat-minicart-empty-headline,bat-minicart-empty-icon,bat-minicart-empty-message,bat-minicart-subtotal-label,bat-minicart-subtotal-value,bat-minicart-total-items,bat-minicart-wrapper,bat-modal,bat-modal-close,bat-modal-content,bat-navigation,bat-navigation-group,bat-navigation-group-list,bat-navigation-group-list-item,bat-navigation-group-list-item-link,bat-page,bat-section,bat-section-content,bat-section-content-style,bat-section-modal,bat-section-style,bat-text,bat-wrapper,breadcrumb-description,button-dark,button-secondary-dark,consent-block,container-fluid,cq-dd-paragraph,cta-hide,cta-label,cta-logged-in-user,cta-logged-out-user,cta-show,current-page,d-align-right,d-block,d-lg-block,d-lg-none,d-md-block,d-md-none,d-none,d-sm-block,d-sm-none,d-xl-block,d-xl-none,display-address,embedded-messaging,error-msg,existing-user,existing-user-close,fa-chevron-left,fa-chevron-right,fa-plus,field-note,full-width,gallery-steel-grey-gradient,global-components,headline1-large,headline1-light,headline2-color2,icon-center,icon-plus,login-error-message,login-success-message,lookup-field,m-align-left,margin-none,margin-small,margin-xsmall,menu-title,newsletter-headline,newsletter-subheadline,padding-bottom-large,padding-bottom-medium,padding-bottom-small,padding-left-large,padding-left-medium,padding-left-small,padding-left-xsmall,padding-right-large,padding-right-medium,padding-right-small,padding-right-xsmall,padding-top-large,padding-top-medium,padding-top-small,padding-top-xsmall,page-theme,radio-input,radio-set,select-wrapper,slick-active,slick-arrow,slick-current,slick-disabled,slick-dots,slick-dotted,slick-initialized,slick-list,slick-next,slick-prev,slick-slide,slick-slider,slick-track,submenu-content,to-login,toggle-visibility,what-is-zonnic,why-zonnic,your-address,your-details,zonnic-logo,zonnic-menu,zonnic-newsletter-modal
zonnic-helped-me-quit|https://www.zonnic.ca/ca/en/zonnic-helped-me-quit|address-lookup-field,arrow-link-dark,at-element-marker,ava-nav-menu,background-cover,background-v-top,bat-agegate,bat-button,bat-card,bat-card-info,bat-carousel,bat-carousel-slides,bat-cmp-contentfragmentcollection,bat-cta,bat-cta-style,bat-email-verification,bat-faq-default,bat-footer-bottom,bat-footer-payment-icons,bat-footer-social-nav,bat-footer-zonnic,bat-footer-zonnic-container,bat-footer-zonnic-copyright,bat-footer-zonnic-disclaimer,bat-footer-zonnic-label-page-breadcrumb,bat-footer-zonnic-logo,bat-footer-zonnic-logo-icon,bat-footer-zonnic-main,bat-footer-zonnic-nav,bat-footer-zonnic-nav-menu,bat-footer-zonnic-nav-menu-title,bat-footer-zonnic-submenu,bat-footer-zonnic-top,bat-form,bat-form-block,bat-form-block-text,bat-form-field,bat-form-field-set,bat-form-field-tip,bat-form-messages,bat-form-msg,bat-form-step,bat-header,bat-header-account,bat-header-account-icon-label,bat-header-account-icon-label-auth,bat-header-account-link,bat-header-account-menu,bat-header-content,bat-header-fixed-spacer,bat-header-logo,bat-header-menu,bat-header-menu-button,bat-header-nav,bat-header-promo,bat-header-promo-link,bat-header-stores,bat-header-stores-link,bat-header-support,bat-header-support-link,bat-header-top,bat-header-utils,bat-header-wrapper,bat-headline,bat-headline-style,bat-hero-zonnic,bat-icon,bat-image,bat-language,bat-location,bat-message,bat-message-text,bat-messagebar,bat-minicart,bat-minicart-basket-total,bat-minicart-count,bat-minicart-empty-content,bat-minicart-empty-headline,bat-minicart-empty-icon,bat-minicart-empty-message,bat-minicart-subtotal-label,bat-minicart-subtotal-value,bat-minicart-total-items,bat-minicart-wrapper,bat-modal,bat-modal-close,bat-modal-content,bat-navigation,bat-navigation-group,bat-navigation-group-list,bat-navigation-group-list-item,bat-navigation-group-list-item-link,bat-page,bat-section,bat-section-content,bat-section-content-style,bat-section-modal,bat-section-style,bat-storelocator,bat-text,bat-wrapper,breadcrumb-description,button-dark,button-secondary-dark,consent-block,container-fluid,cq-dd-paragraph,cta-hide,cta-label,cta-logged-in-user,cta-logged-out-user,cta-show,current-page,d-align-right,d-block,d-lg-block,d-lg-none,d-md-block,d-md-none,d-none,d-sm-block,d-sm-none,d-xl-block,d-xl-none,display-address,email-cant-verify,email-invalid,embedded-messaging,error-msg,existing-user,existing-user-close,fa-chevron-left,fa-chevron-right,fa-plus,field-note,full-width,gallery-steel-grey-gradient,global-components,headline1-large,headline2-color2,icon-center,icon-plus,icon-stores,login-error-message,login-success-message,lookup-field,m-align-left,mapbox-improve-map,mapboxgl-canary,mapboxgl-canvas,mapboxgl-canvas-container,mapboxgl-compact,mapboxgl-control-container,mapboxgl-ctrl,mapboxgl-ctrl-attrib,mapboxgl-ctrl-attrib-button,mapboxgl-ctrl-attrib-inner,mapboxgl-ctrl-bottom-left,mapboxgl-ctrl-bottom-right,mapboxgl-ctrl-geocoder,mapboxgl-ctrl-logo,mapboxgl-ctrl-top-left,mapboxgl-ctrl-top-right,mapboxgl-interactive,mapboxgl-map,mapboxgl-touch-drag-pan,mapboxgl-touch-zoom-rotate,margin-none,margin-small,margin-xsmall,menu-title,newsletter-headline,padding-bottom-large,padding-bottom-medium,padding-bottom-small,padding-left-large,padding-left-medium,padding-left-small,padding-left-xsmall,padding-right-large,padding-right-medium,padding-right-small,padding-right-xsmall,padding-top-large,padding-top-medium,padding-top-small,padding-top-xsmall,page-theme,radio-input,radio-set,select-wrapper,slick-active,slick-arrow,slick-current,slick-disabled,slick-dots,slick-dotted,slick-initialized,slick-list,slick-next,slick-prev,slick-slide,slick-slider,slick-track,submenu-content,suggestions-wrapper,to-login,toggle-visibility,user-invalid,what-is-zonnic,why-zonnic,your-address,your-details,zonnic-logo,zonnic-menu,zonnic-newsletter-modal
zonnic-helped-me-quit|https://www.zonnic.ca/ca/fr/zonnic-helped-me-quit|address-lookup-field,arrow-link-dark,at-element-marker,ava-nav-menu,background-cover,background-v-top,bat-agegate,bat-button,bat-card,bat-card-info,bat-carousel,bat-carousel-slides,bat-cmp-contentfragmentcollection,bat-cta,bat-cta-style,bat-email-verification,bat-faq-default,bat-footer-bottom,bat-footer-payment-icons,bat-footer-social-nav,bat-footer-zonnic,bat-footer-zonnic-container,bat-footer-zonnic-copyright,bat-footer-zonnic-disclaimer,bat-footer-zonnic-label-page-breadcrumb,bat-footer-zonnic-logo,bat-footer-zonnic-logo-icon,bat-footer-zonnic-main,bat-footer-zonnic-nav,bat-footer-zonnic-nav-menu,bat-footer-zonnic-nav-menu-title,bat-footer-zonnic-submenu,bat-footer-zonnic-top,bat-form,bat-form-block,bat-form-block-text,bat-form-field,bat-form-field-set,bat-form-field-tip,bat-form-messages,bat-form-msg,bat-form-step,bat-header,bat-header-account,bat-header-account-icon-label,bat-header-account-icon-label-auth,bat-header-account-link,bat-header-account-menu,bat-header-content,bat-header-fixed-spacer,bat-header-logo,bat-header-menu,bat-header-menu-button,bat-header-nav,bat-header-promo,bat-header-promo-link,bat-header-stores,bat-header-stores-link,bat-header-support,bat-header-support-link,bat-header-top,bat-header-utils,bat-header-wrapper,bat-headline,bat-headline-style,bat-hero-zonnic,bat-icon,bat-image,bat-language,bat-location,bat-message,bat-message-text,bat-messagebar,bat-minicart,bat-minicart-basket-total,bat-minicart-count,bat-minicart-empty-content,bat-minicart-empty-headline,bat-minicart-empty-icon,bat-minicart-empty-message,bat-minicart-subtotal-label,bat-minicart-subtotal-value,bat-minicart-total-items,bat-minicart-wrapper,bat-modal,bat-modal-close,bat-modal-content,bat-navigation,bat-navigation-group,bat-navigation-group-list,bat-navigation-group-list-item,bat-navigation-group-list-item-link,bat-page,bat-section,bat-section-content,bat-section-content-style,bat-section-modal,bat-section-style,bat-storelocator,bat-text,bat-wrapper,breadcrumb-description,button-dark,button-secondary-dark,card-carousel,consent-block,container-fluid,cq-dd-paragraph,cta-hide,cta-label,cta-logged-in-user,cta-logged-out-user,cta-show,current-page,d-align-right,d-block,d-lg-block,d-lg-none,d-md-block,d-md-none,d-none,d-sm-block,d-sm-none,d-xl-block,d-xl-none,display-address,embedded-messaging,error-msg,existing-user,existing-user-close,fa-chevron-left,fa-chevron-right,fa-plus,field-note,full-width,gallery-steel-grey-gradient,global-components,headline1-large,headline2-color2,icon-center,icon-plus,icon-stores,login-error-message,login-success-message,lookup-field,m-align-left,mapbox-improve-map,mapboxgl-canary,mapboxgl-canvas,mapboxgl-canvas-container,mapboxgl-compact,mapboxgl-control-container,mapboxgl-ctrl,mapboxgl-ctrl-attrib,mapboxgl-ctrl-attrib-button,mapboxgl-ctrl-attrib-inner,mapboxgl-ctrl-bottom-left,mapboxgl-ctrl-bottom-right,mapboxgl-ctrl-geocoder,mapboxgl-ctrl-logo,mapboxgl-ctrl-top-left,mapboxgl-ctrl-top-right,mapboxgl-interactive,mapboxgl-map,mapboxgl-touch-drag-pan,mapboxgl-touch-zoom-rotate,margin-none,margin-small,margin-xsmall,menu-title,newsletter-headline,newsletter-subheadline,padding-bottom-large,padding-bottom-medium,padding-bottom-small,padding-left-large,padding-left-medium,padding-left-small,padding-left-xsmall,padding-right-large,padding-right-medium,padding-right-small,padding-right-xsmall,padding-top-large,padding-top-medium,padding-top-small,padding-top-xsmall,page-theme,radio-input,radio-set,select-wrapper,slick-active,slick-arrow,slick-current,slick-dots,slick-dotted,slick-initialized,slick-list,slick-next,slick-prev,slick-slide,slick-slider,slick-track,submenu-content,suggestions-wrapper,to-login,toggle-visibility,what-is-zonnic,why-zonnic,your-address,your-details,zonnic-logo,zonnic-menu,zonnic-newsletter-modal
zonnic-insurance-reimbursement|https://www.zonnic.ca/ca/en/zonnic-insurance-reimbursement|address-lookup-field,arrow-link-dark,at-element-marker,ava-nav-menu,background-cover,background-v-top,bat-agegate,bat-button,bat-card,bat-carousel,bat-carousel-slides,bat-cta,bat-cta-style,bat-email-verification,bat-footer-bottom,bat-footer-payment-icons,bat-footer-social-nav,bat-footer-zonnic,bat-footer-zonnic-container,bat-footer-zonnic-copyright,bat-footer-zonnic-disclaimer,bat-footer-zonnic-label-page-breadcrumb,bat-footer-zonnic-logo,bat-footer-zonnic-logo-icon,bat-footer-zonnic-main,bat-footer-zonnic-nav,bat-footer-zonnic-nav-menu,bat-footer-zonnic-nav-menu-title,bat-footer-zonnic-submenu,bat-footer-zonnic-top,bat-form,bat-form-block,bat-form-block-text,bat-form-field,bat-form-field-set,bat-form-field-tip,bat-form-messages,bat-form-msg,bat-form-step,bat-header,bat-header-account,bat-header-account-icon-label,bat-header-account-icon-label-auth,bat-header-account-link,bat-header-account-menu,bat-header-content,bat-header-fixed-spacer,bat-header-logo,bat-header-menu,bat-header-menu-button,bat-header-nav,bat-header-promo,bat-header-promo-link,bat-header-stores,bat-header-stores-link,bat-header-support,bat-header-support-link,bat-header-top,bat-header-utils,bat-header-wrapper,bat-headline,bat-headline-style,bat-hero-zonnic,bat-icon,bat-image,bat-language,bat-location,bat-message,bat-message-text,bat-messagebar,bat-minicart,bat-minicart-basket-total,bat-minicart-count,bat-minicart-empty-content,bat-minicart-empty-headline,bat-minicart-empty-icon,bat-minicart-empty-message,bat-minicart-subtotal-label,bat-minicart-subtotal-value,bat-minicart-total-items,bat-minicart-wrapper,bat-modal,bat-modal-close,bat-modal-content,bat-navigation,bat-navigation-group,bat-navigation-group-list,bat-navigation-group-list-item,bat-navigation-group-list-item-link,bat-page,bat-section,bat-section-content,bat-section-content-style,bat-section-modal,bat-section-style,bat-storelocator,bat-text,bat-wrapper,breadcrumb-description,button-dark,button-secondary-dark,consent-block,container-fluid,cq-dd-paragraph,cta-hide,cta-label,cta-logged-in-user,cta-logged-out-user,cta-show,current-page,d-align-right,d-block,d-lg-block,d-lg-none,d-md-block,d-md-none,d-none,d-sm-block,d-sm-none,d-xl-block,d-xl-none,display-address,email-cant-verify,email-invalid,embedded-messaging,error-msg,existing-user,existing-user-close,fa-chevron-left,fa-chevron-right,field-note,full-width,gallery-steel-grey-gradient,global-components,headline2-color2,icon-plus,icon-stores,login-error-message,login-success-message,lookup-field,m-align-left,mapbox-improve-map,mapboxgl-canary,mapboxgl-canvas,mapboxgl-canvas-container,mapboxgl-compact,mapboxgl-control-container,mapboxgl-ctrl,mapboxgl-ctrl-attrib,mapboxgl-ctrl-attrib-button,mapboxgl-ctrl-attrib-inner,mapboxgl-ctrl-bottom-left,mapboxgl-ctrl-bottom-right,mapboxgl-ctrl-geocoder,mapboxgl-ctrl-logo,mapboxgl-ctrl-top-left,mapboxgl-ctrl-top-right,mapboxgl-interactive,mapboxgl-map,mapboxgl-touch-drag-pan,mapboxgl-touch-zoom-rotate,margin-medium,margin-none,margin-small,menu-title,newsletter-headline,padding-bottom-large,padding-bottom-medium,padding-bottom-small,padding-bottom-xsmall,padding-left-large,padding-left-medium,padding-left-small,padding-right-large,padding-right-medium,padding-right-small,padding-top-large,padding-top-medium,padding-top-small,padding-top-xsmall,page-theme,radio-input,radio-set,rte-temp,same-as-top,select-wrapper,slick-active,slick-arrow,slick-current,slick-disabled,slick-dots,slick-dotted,slick-initialized,slick-list,slick-next,slick-prev,slick-slide,slick-slider,slick-track,submenu-content,suggestions-wrapper,to-login,toggle-visibility,user-invalid,what-is-zonnic,why-zonnic,your-address,your-details,zonnic-logo,zonnic-menu,zonnic-newsletter-modal
zonnic-insurance-reimbursement|https://www.zonnic.ca/ca/fr/zonnic-insurance-reimbursement|address-lookup-field,arrow-link-dark,at-element-marker,ava-nav-menu,background-cover,background-v-top,bat-agegate,bat-button,bat-card,bat-card-info,bat-carousel,bat-carousel-slides,bat-cmp-contentfragmentcollection,bat-cta,bat-cta-style,bat-email-verification,bat-faq-default,bat-footer-bottom,bat-footer-payment-icons,bat-footer-social-nav,bat-footer-zonnic,bat-footer-zonnic-container,bat-footer-zonnic-copyright,bat-footer-zonnic-disclaimer,bat-footer-zonnic-label-page-breadcrumb,bat-footer-zonnic-logo,bat-footer-zonnic-logo-icon,bat-footer-zonnic-main,bat-footer-zonnic-nav,bat-footer-zonnic-nav-menu,bat-footer-zonnic-nav-menu-title,bat-footer-zonnic-submenu,bat-footer-zonnic-top,bat-form,bat-form-block,bat-form-block-text,bat-form-field,bat-form-field-set,bat-form-field-tip,bat-form-messages,bat-form-msg,bat-form-step,bat-header,bat-header-account,bat-header-account-icon-label,bat-header-account-icon-label-auth,bat-header-account-link,bat-header-account-menu,bat-header-content,bat-header-fixed-spacer,bat-header-logo,bat-header-menu,bat-header-menu-button,bat-header-nav,bat-header-promo,bat-header-promo-link,bat-header-stores,bat-header-stores-link,bat-header-support,bat-header-support-link,bat-header-top,bat-header-utils,bat-header-wrapper,bat-headline,bat-headline-style,bat-hero-zonnic,bat-icon,bat-image,bat-language,bat-location,bat-message,bat-message-text,bat-messagebar,bat-minicart,bat-minicart-basket-total,bat-minicart-count,bat-minicart-empty-content,bat-minicart-empty-headline,bat-minicart-empty-icon,bat-minicart-empty-message,bat-minicart-subtotal-label,bat-minicart-subtotal-value,bat-minicart-total-items,bat-minicart-wrapper,bat-modal,bat-modal-close,bat-modal-content,bat-navigation,bat-navigation-group,bat-navigation-group-list,bat-navigation-group-list-item,bat-navigation-group-list-item-link,bat-page,bat-section,bat-section-content,bat-section-content-style,bat-section-modal,bat-section-style,bat-storelocator,bat-text,bat-wrapper,breadcrumb-description,button-dark,button-secondary-dark,consent-block,container-fluid,cq-dd-paragraph,cta-hide,cta-label,cta-logged-in-user,cta-logged-out-user,cta-show,current-page,d-align-right,d-block,d-lg-block,d-lg-none,d-md-block,d-md-none,d-none,d-sm-block,d-sm-none,d-xl-block,d-xl-none,display-address,embedded-messaging,error-msg,existing-user,existing-user-close,fa-chevron-left,fa-chevron-right,fa-plus,field-note,full-width,gallery-steel-grey-gradient,global-components,headline1-large,headline2-color2,icon-center,icon-plus,icon-stores,login-error-message,login-success-message,lookup-field,m-align-left,m-align-right,mapbox-improve-map,mapboxgl-canary,mapboxgl-canvas,mapboxgl-canvas-container,mapboxgl-compact,mapboxgl-control-container,mapboxgl-ctrl,mapboxgl-ctrl-attrib,mapboxgl-ctrl-attrib-button,mapboxgl-ctrl-attrib-inner,mapboxgl-ctrl-bottom-left,mapboxgl-ctrl-bottom-right,mapboxgl-ctrl-geocoder,mapboxgl-ctrl-logo,mapboxgl-ctrl-top-left,mapboxgl-ctrl-top-right,mapboxgl-interactive,mapboxgl-map,mapboxgl-touch-drag-pan,mapboxgl-touch-zoom-rotate,margin-medium,margin-none,margin-small,menu-title,newsletter-headline,newsletter-subheadline,padding-bottom-large,padding-bottom-medium,padding-bottom-small,padding-left-large,padding-left-medium,padding-left-small,padding-right-large,padding-right-medium,padding-right-small,padding-top-large,padding-top-medium,padding-top-small,padding-top-xsmall,page-theme,radio-input,radio-set,same-as-top,select-wrapper,slick-active,slick-arrow,slick-current,slick-disabled,slick-dots,slick-dotted,slick-initialized,slick-list,slick-next,slick-prev,slick-slide,slick-slider,slick-track,submenu-content,suggestions-wrapper,to-login,toggle-visibility,what-is-zonnic,why-zonnic,your-address,your-details,zonnic-logo,zonnic-menu,zonnic-newsletter-modal
zonnic-nicotine-pouches11|https://www.zonnic.ca/ca/en/zonnic-nicotine-pouches11|address-lookup-field,arrow-link-dark,at-element-marker,ava-nav-menu,background-cover,background-v-top,bat-agegate,bat-button,bat-card,bat-card-info,bat-cmp-contentfragmentcollection,bat-cta,bat-cta-style,bat-email-verification,bat-faq-default,bat-footer-bottom,bat-footer-payment-icons,bat-footer-social-nav,bat-footer-zonnic,bat-footer-zonnic-container,bat-footer-zonnic-copyright,bat-footer-zonnic-disclaimer,bat-footer-zonnic-label-page-breadcrumb,bat-footer-zonnic-logo,bat-footer-zonnic-logo-icon,bat-footer-zonnic-main,bat-footer-zonnic-nav,bat-footer-zonnic-nav-menu,bat-footer-zonnic-nav-menu-title,bat-footer-zonnic-submenu,bat-footer-zonnic-top,bat-form,bat-form-block,bat-form-block-text,bat-form-field,bat-form-field-set,bat-form-field-tip,bat-form-messages,bat-form-msg,bat-form-step,bat-header,bat-header-account,bat-header-account-icon-label,bat-header-account-icon-label-auth,bat-header-account-link,bat-header-account-menu,bat-header-content,bat-header-fixed-spacer,bat-header-logo,bat-header-menu,bat-header-menu-button,bat-header-nav,bat-header-promo,bat-header-promo-link,bat-header-stores,bat-header-stores-link,bat-header-support,bat-header-support-link,bat-header-top,bat-header-utils,bat-header-wrapper,bat-headline,bat-headline-style,bat-hero-zonnic,bat-icon,bat-image,bat-language,bat-location,bat-message,bat-message-text,bat-messagebar,bat-minicart,bat-minicart-basket-total,bat-minicart-count,bat-minicart-empty-content,bat-minicart-empty-headline,bat-minicart-empty-icon,bat-minicart-empty-message,bat-minicart-subtotal-label,bat-minicart-subtotal-value,bat-minicart-total-items,bat-minicart-wrapper,bat-modal,bat-modal-close,bat-modal-content,bat-navigation,bat-navigation-group,bat-navigation-group-list,bat-navigation-group-list-item,bat-navigation-group-list-item-link,bat-page,bat-section,bat-section-content,bat-section-content-style,bat-section-modal,bat-section-style,bat-storelocator,bat-text,bat-wrapper,bg-berry-frost-gradient,breadcrumb-description,button-dark,button-secondary-dark,card-masthead-product,cmp-experiencefragment,consent-block,container-fluid,cq-dd-paragraph,cta-hide,cta-label,cta-logged-in-user,cta-logged-out-user,cta-show,current-page,d-align-right,d-block,d-lg-block,d-lg-none,d-md-block,d-md-none,d-none,d-sm-block,d-sm-none,d-xl-block,d-xl-none,display-address,email-cant-verify,email-invalid,embedded-messaging,error-msg,existing-user,existing-user-close,fa-plus,field-note,full-width,gallery-steel-grey-gradient,global-components,headline1-large,headline2-color2,icon-center,icon-plus,icon-stores,login-error-message,login-success-message,lookup-field,m-align-left,mapboxgl-attrib-empty,mapboxgl-canary,mapboxgl-canvas,mapboxgl-canvas-container,mapboxgl-control-container,mapboxgl-ctrl,mapboxgl-ctrl-attrib,mapboxgl-ctrl-attrib-button,mapboxgl-ctrl-attrib-inner,mapboxgl-ctrl-bottom-left,mapboxgl-ctrl-bottom-right,mapboxgl-ctrl-logo,mapboxgl-ctrl-top-left,mapboxgl-ctrl-top-right,mapboxgl-interactive,mapboxgl-map,mapboxgl-touch-drag-pan,mapboxgl-touch-zoom-rotate,margin-medium,margin-none,margin-small,margin-xsmall,meet-zonnic-cards,menu-title,newsletter-headline,padding-bottom-large,padding-bottom-medium,padding-bottom-small,padding-bottom-xsmall,padding-left-large,padding-left-medium,padding-left-small,padding-right-large,padding-right-medium,padding-right-small,padding-top-large,padding-top-medium,padding-top-small,page-theme,radio-input,radio-set,same-as-top,select-wrapper,submenu-content,to-login,toggle-visibility,user-invalid,video-container,video-hls-id,video-hls-source,what-is-zonnic,why-zonnic,xf-content-height,your-address,your-details,zonnic-logo,zonnic-menu,zonnic-newsletter-modal
zonnic-nicotine-pouches11|https://www.zonnic.ca/ca/fr/zonnic-nicotine-pouches11|address-lookup-field,arrow-link-dark,at-element-marker,ava-nav-menu,background-cover,background-v-top,bat-agegate,bat-button,bat-card,bat-cta,bat-cta-style,bat-email-verification,bat-footer-bottom,bat-footer-payment-icons,bat-footer-social-nav,bat-footer-zonnic,bat-footer-zonnic-container,bat-footer-zonnic-copyright,bat-footer-zonnic-disclaimer,bat-footer-zonnic-label-page-breadcrumb,bat-footer-zonnic-logo,bat-footer-zonnic-logo-icon,bat-footer-zonnic-main,bat-footer-zonnic-nav,bat-footer-zonnic-nav-menu,bat-footer-zonnic-nav-menu-title,bat-footer-zonnic-submenu,bat-footer-zonnic-top,bat-form,bat-form-block,bat-form-block-text,bat-form-field,bat-form-field-set,bat-form-field-tip,bat-form-messages,bat-form-msg,bat-form-step,bat-header,bat-header-account,bat-header-account-icon-label,bat-header-account-icon-label-auth,bat-header-account-link,bat-header-account-menu,bat-header-content,bat-header-fixed-spacer,bat-header-logo,bat-header-menu,bat-header-menu-button,bat-header-nav,bat-header-promo,bat-header-promo-link,bat-header-stores,bat-header-stores-link,bat-header-support,bat-header-support-link,bat-header-top,bat-header-utils,bat-header-wrapper,bat-headline,bat-headline-style,bat-icon,bat-image,bat-language,bat-location,bat-message,bat-message-text,bat-messagebar,bat-minicart,bat-minicart-basket-total,bat-minicart-count,bat-minicart-empty-content,bat-minicart-empty-headline,bat-minicart-empty-icon,bat-minicart-empty-message,bat-minicart-subtotal-label,bat-minicart-subtotal-value,bat-minicart-total-items,bat-minicart-wrapper,bat-modal,bat-modal-close,bat-modal-content,bat-navigation,bat-navigation-group,bat-navigation-group-list,bat-navigation-group-list-item,bat-navigation-group-list-item-link,bat-page,bat-section,bat-section-content,bat-section-content-style,bat-section-modal,bat-section-style,bat-text,bat-wrapper,bg-whisper-gray,breadcrumb-description,button-dark,button-secondary-dark,consent-block,container-fluid,cq-dd-paragraph,cta-hide,cta-label,cta-logged-in-user,cta-logged-out-user,cta-show,current-page,d-align-right,d-block,d-lg-block,d-lg-none,d-md-block,d-md-none,d-none,d-sm-block,d-sm-none,d-xl-block,d-xl-none,display-address,embedded-messaging,error-msg,existing-user,existing-user-close,field-note,full-width,gallery-steel-grey-gradient,global-components,icon-plus,login-error-message,login-success-message,lookup-field,m-align-left,margin-none,margin-small,menu-title,newsletter-headline,newsletter-subheadline,padding-bottom-large,padding-bottom-medium,padding-bottom-small,padding-left-large,padding-left-medium,padding-left-small,padding-right-large,padding-right-medium,padding-right-small,padding-top-large,padding-top-medium,padding-top-small,page-theme,radio-input,radio-set,select-wrapper,submenu-content,to-login,toggle-visibility,what-is-zonnic,why-zonnic,your-address,your-details,zonnic-logo,zonnic-menu,zonnic-newsletter-modal
zonnic-nicotine-pouches111|https://www.zonnic.ca/ca/en/zonnic-nicotine-pouches111|address-lookup-field,arrow-link-dark,at-element-marker,ava-nav-menu,background-cover,background-v-top,bat-agegate,bat-button,bat-card,bat-card-info,bat-cmp-contentfragmentcollection,bat-cta,bat-cta-style,bat-email-verification,bat-faq-default,bat-footer-bottom,bat-footer-payment-icons,bat-footer-social-nav,bat-footer-zonnic,bat-footer-zonnic-container,bat-footer-zonnic-copyright,bat-footer-zonnic-disclaimer,bat-footer-zonnic-label-page-breadcrumb,bat-footer-zonnic-logo,bat-footer-zonnic-logo-icon,bat-footer-zonnic-main,bat-footer-zonnic-nav,bat-footer-zonnic-nav-menu,bat-footer-zonnic-nav-menu-title,bat-footer-zonnic-submenu,bat-footer-zonnic-top,bat-form,bat-form-block,bat-form-block-text,bat-form-field,bat-form-field-set,bat-form-field-tip,bat-form-messages,bat-form-msg,bat-form-step,bat-header,bat-header-account,bat-header-account-icon-label,bat-header-account-icon-label-auth,bat-header-account-link,bat-header-account-menu,bat-header-content,bat-header-fixed-spacer,bat-header-logo,bat-header-menu,bat-header-menu-button,bat-header-nav,bat-header-promo,bat-header-promo-link,bat-header-stores,bat-header-stores-link,bat-header-support,bat-header-support-link,bat-header-top,bat-header-utils,bat-header-wrapper,bat-headline,bat-headline-style,bat-hero-zonnic,bat-icon,bat-image,bat-language,bat-location,bat-message,bat-message-text,bat-messagebar,bat-minicart,bat-minicart-basket-total,bat-minicart-count,bat-minicart-empty-content,bat-minicart-empty-headline,bat-minicart-empty-icon,bat-minicart-empty-message,bat-minicart-subtotal-label,bat-minicart-subtotal-value,bat-minicart-total-items,bat-minicart-wrapper,bat-modal,bat-modal-close,bat-modal-content,bat-navigation,bat-navigation-group,bat-navigation-group-list,bat-navigation-group-list-item,bat-navigation-group-list-item-link,bat-page,bat-section,bat-section-content,bat-section-content-style,bat-section-modal,bat-section-style,bat-storelocator,bat-text,bat-wrapper,bg-berry-frost-gradient,breadcrumb-description,button-dark,button-secondary-dark,card-masthead-product,cmp-experiencefragment,consent-block,container-fluid,cq-dd-paragraph,cta-hide,cta-label,cta-logged-in-user,cta-logged-out-user,cta-show,current-page,d-align-right,d-block,d-lg-block,d-lg-none,d-md-block,d-md-none,d-none,d-sm-block,d-sm-none,d-xl-block,d-xl-none,display-address,email-cant-verify,email-invalid,embedded-messaging,error-msg,existing-user,existing-user-close,fa-plus,field-note,full-width,gallery-steel-grey-gradient,global-components,headline1-large,headline2-color2,hide-qc,icon-center,icon-plus,icon-stores,login-error-message,login-success-message,lookup-field,m-align-left,mapboxgl-attrib-empty,mapboxgl-canary,mapboxgl-canvas,mapboxgl-canvas-container,mapboxgl-compact,mapboxgl-control-container,mapboxgl-ctrl,mapboxgl-ctrl-attrib,mapboxgl-ctrl-attrib-button,mapboxgl-ctrl-attrib-inner,mapboxgl-ctrl-bottom-left,mapboxgl-ctrl-bottom-right,mapboxgl-ctrl-logo,mapboxgl-ctrl-top-left,mapboxgl-ctrl-top-right,mapboxgl-interactive,mapboxgl-map,mapboxgl-touch-drag-pan,mapboxgl-touch-zoom-rotate,margin-medium,margin-none,margin-small,margin-xsmall,meet-zonnic-cards,menu-title,newsletter-headline,padding-bottom-large,padding-bottom-medium,padding-bottom-small,padding-bottom-xsmall,padding-left-large,padding-left-medium,padding-left-small,padding-right-large,padding-right-medium,padding-right-small,padding-top-large,padding-top-medium,padding-top-small,page-theme,radio-input,radio-set,same-as-top,select-wrapper,submenu-content,to-login,toggle-visibility,user-invalid,video-container,video-hls-id,video-hls-source,what-is-zonnic,why-zonnic,xf-content-height,your-address,your-details,zonnic-logo,zonnic-menu,zonnic-newsletter-modal
zonnic-nicotine-pouches111|https://www.zonnic.ca/ca/fr/zonnic-nicotine-pouches111|address-lookup-field,arrow-link-dark,at-element-marker,ava-nav-menu,background-cover,background-v-top,bat-agegate,bat-button,bat-card,bat-cta,bat-cta-style,bat-email-verification,bat-footer-bottom,bat-footer-payment-icons,bat-footer-social-nav,bat-footer-zonnic,bat-footer-zonnic-container,bat-footer-zonnic-copyright,bat-footer-zonnic-disclaimer,bat-footer-zonnic-label-page-breadcrumb,bat-footer-zonnic-logo,bat-footer-zonnic-logo-icon,bat-footer-zonnic-main,bat-footer-zonnic-nav,bat-footer-zonnic-nav-menu,bat-footer-zonnic-nav-menu-title,bat-footer-zonnic-submenu,bat-footer-zonnic-top,bat-form,bat-form-block,bat-form-block-text,bat-form-field,bat-form-field-set,bat-form-field-tip,bat-form-messages,bat-form-msg,bat-form-step,bat-header,bat-header-account,bat-header-account-icon-label,bat-header-account-icon-label-auth,bat-header-account-link,bat-header-account-menu,bat-header-content,bat-header-fixed-spacer,bat-header-logo,bat-header-menu,bat-header-menu-button,bat-header-nav,bat-header-promo,bat-header-promo-link,bat-header-stores,bat-header-stores-link,bat-header-support,bat-header-support-link,bat-header-top,bat-header-utils,bat-header-wrapper,bat-headline,bat-headline-style,bat-icon,bat-image,bat-language,bat-location,bat-message,bat-message-text,bat-messagebar,bat-minicart,bat-minicart-basket-total,bat-minicart-count,bat-minicart-empty-content,bat-minicart-empty-headline,bat-minicart-empty-icon,bat-minicart-empty-message,bat-minicart-subtotal-label,bat-minicart-subtotal-value,bat-minicart-total-items,bat-minicart-wrapper,bat-modal,bat-modal-close,bat-modal-content,bat-navigation,bat-navigation-group,bat-navigation-group-list,bat-navigation-group-list-item,bat-navigation-group-list-item-link,bat-page,bat-section,bat-section-content,bat-section-content-style,bat-section-modal,bat-section-style,bat-text,bat-wrapper,bg-whisper-gray,breadcrumb-description,button-dark,button-secondary-dark,consent-block,container-fluid,cq-dd-paragraph,cta-hide,cta-label,cta-logged-in-user,cta-logged-out-user,cta-show,current-page,d-align-right,d-block,d-lg-block,d-lg-none,d-md-block,d-md-none,d-none,d-sm-block,d-sm-none,d-xl-block,d-xl-none,display-address,embedded-messaging,error-msg,existing-user,existing-user-close,field-note,full-width,gallery-steel-grey-gradient,global-components,icon-plus,login-error-message,login-success-message,lookup-field,m-align-left,margin-none,margin-small,menu-title,newsletter-headline,newsletter-subheadline,padding-bottom-large,padding-bottom-medium,padding-bottom-small,padding-left-large,padding-left-medium,padding-left-small,padding-right-large,padding-right-medium,padding-right-small,padding-top-large,padding-top-medium,padding-top-small,page-theme,radio-input,radio-set,select-wrapper,submenu-content,to-login,toggle-visibility,what-is-zonnic,why-zonnic,your-address,your-details,zonnic-logo,zonnic-menu,zonnic-newsletter-modal
