az-suppliers|https://www.astrazeneca.com/az-suppliers/az-coupa-supplier.html|archive-link-popup,block-wrapper,country-list,footer-component,hero-header,image-replace,l-constrained,l-margin,l-padded,l-three-block,l-three-block-c0,l-three-block-c1,l-three-block-c2,main-section,modal-close,modal-content,modal-inner,modal-window,object-fit,pt-column-control-inverted,responsive-image,rich-header,rich-text,show-more-wrapper,tablesaw-enhanced,ui-accordion,ui-accordion-content,ui-accordion-header,ui-accordion-header-collapsed,ui-accordion-header-icon,ui-accordion-icons,ui-accordion-tagging,ui-corner-all,ui-corner-bottom,ui-corner-top,ui-helper-reset,ui-icon,ui-state-default,ui-widget,ui-widget-content
az-suppliers|https://www.astrazeneca.com/az-suppliers/supplier-contact-information.html|archive-link-popup,block-wrapper,footer-component,hero-header,l-constrained,l-margin,main-section,modal-close,modal-content,modal-inner,modal-window,mode-stack,object-fit,pt-column-control-inverted,rich-text,section-header,tablesaw-bar,tablesaw-cell-content,tablesaw-cell-label,tablesaw-enhanced,tablesaw-stack,ui-accordion,ui-accordion-content,ui-accordion-header,ui-accordion-header-collapsed,ui-accordion-header-icon,ui-accordion-icons,ui-accordion-tagging,ui-corner-all,ui-corner-bottom,ui-corner-top,ui-helper-reset,ui-icon,ui-state-default,ui-widget,ui-widget-content
az-suppliers|https://www.astrazeneca.com/az-suppliers/az-coupa-supplier/faq/Supplier-Actionable-Notification.html|archive-link-popup,block-wrapper,footer-component,hero-header,image-replace,l-constrained,l-eight-block-center,l-eight-block-center-c0,main-section,modal-close,modal-content,modal-inner,modal-window,object-fit,pt-column-control-inverted,responsive-image,rich-text,tablesaw-enhanced
az-suppliers|https://www.astrazeneca.com/az-suppliers/az-coupa-supplier/faq/SAN.html|archive-link-popup,block-wrapper,footer-component,hero-header,image-replace,l-constrained,l-eight-block-center,l-eight-block-center-c0,main-section,modal-close,modal-content,modal-inner,modal-window,object-fit,pt-column-control-inverted,responsive-image,rich-text,tablesaw-enhanced,video-module,video-template
az-suppliers|https://www.astrazeneca.com/az-suppliers/az-coupa-supplier/selected-suppliers-page.html|archive-link-popup,block-wrapper,country-list,footer-component,l-constrained,l-padded,main-section,modal-close,modal-content,modal-inner,modal-window,object-fit,pt-column-control-inverted,rich-text,show-more-wrapper,tablesaw-enhanced
careers|https://www.astrazeneca.com/careers/great-place-to-work/unlocking-innovation-through-lifelong-learning.html#modal-historic-confirmation|archive-link-popup,block-wrapper,footer-component,hero-feature,image-panel-feature,l-constrained,l-margin,l-one-block,l-one-block-c0,l-three-block-c0,l-three-block-c1,l-three-block-c2,l-two-block,l-two-block-c0,l-two-block-c1,main-section,modal-close,modal-content,modal-inner,modal-window,object-fit,pt-column-control-inverted,responsive-bg,rich-text,tablesaw-enhanced
careers|https://www.astrazeneca.com/careers/great-place-to-work.html|archive-link-popup,block-wrapper,footer-component,icon-link-panel,image-replace,isolated-news-component,jump-to-anchor,l-constrained,l-one-block,l-one-block-c0,l-two-block,l-two-block-c0,l-two-block-c1,link-image-panel-v2,main-section,modal-close,modal-content,modal-inner,modal-window,news-component,object-fit,pt-column-control-inverted,responsive-image,rich-header,rich-text,tablesaw-enhanced,text-action-block
careers|https://www.astrazeneca.com/careers/great-place-to-work/learning-development.html.html|archive-link-popup,block-wrapper,footer-component,hero-feature,image-replace,img-circle,l-constrained,l-flex-three-block,l-flex-three-block-c0,l-flex-three-block-c1,l-flex-three-block-c2,l-margin,l-three-block-c0,l-three-block-c1,l-three-block-c2,main-section,modal-close,modal-content,modal-inner,modal-window,object-fit,pt-column-control-inverted,responsive-bg,responsive-image,rich-text,section-header,tablesaw-enhanced,wscd-split-feature-tile
careers|https://www.astrazeneca.com/careers/great-place-to-work/inclusion-and-diversity.html|archive-link-popup,block-wrapper,carousel-full-bleed,carousel-outer-wrapper,footer-component,image-replace,l-constrained,l-eight-block-center,l-eight-block-center-c0,l-one-block,l-one-block-c0,l-three-block,l-three-block-c0,l-three-block-c1,l-three-block-c2,main-section,modal-close,modal-content,modal-inner,modal-window,object-fit,pt-column-control-inverted,responsive-image,rich-header,rich-text,slick-active,slick-arrow,slick-current,slick-disabled,slick-initialized,slick-list,slick-next,slick-prev,slick-slide,slick-slider,slick-track,tablesaw-enhanced,video-module,video-template
careers|https://www.astrazeneca.com/careers/great-place-to-work/employee-resource-groups.html|archive-link-popup,block-wrapper,carousel-full-bleed,carousel-outer-wrapper,content-tile,footer-component,generic-tabs,image-replace,jump-to-anchor,l-constrained,l-one-block,l-one-block-c0,l-padded,l-three-block,l-three-block-c0,l-three-block-c1,l-three-block-c2,main-section,modal-close,modal-content,modal-inner,modal-window,object-fit,pt-column-control-inverted,responsive-image,rich-header,rich-text,slick-active,slick-arrow,slick-current,slick-disabled,slick-initialized,slick-list,slick-next,slick-prev,slick-slide,slick-slider,slick-track,tablesaw-enhanced,video-module,video-template
careers|https://www.astrazeneca.com/careers/great-place-to-work/learning-development.html|archive-link-popup,block-wrapper,footer-component,hero-feature,image-replace,img-circle,l-constrained,l-flex-three-block,l-flex-three-block-c0,l-flex-three-block-c1,l-flex-three-block-c2,l-margin,l-three-block-c0,l-three-block-c1,l-three-block-c2,main-section,modal-close,modal-content,modal-inner,modal-window,object-fit,pt-column-control-inverted,responsive-bg,responsive-image,rich-text,section-header,tablesaw-enhanced,wscd-split-feature-tile
content|https://www.astrazeneca.com/content/dam/az/our-therapy-areas/cvrm/renal/Impact-of-hyperkalaemia.jpg|
content|https://www.astrazeneca.com/content/dam/az/Image%20Bank/Locations/Shanghai-Zhangjiang.jpg/jcr:content/renditions/cq5dam.web.320.Shanghai-Zhangjiang.jpg|NOT_IN_MIRROR
content|https://www.astrazeneca.com/content/dam/az/Country-Sites/Egypt/partnership/AZ-Egypt-Partnerships-05.jpg|
content|https://www.astrazeneca.com/content/dam/az/Image%20Bank/Research-and-Development/Robotics-used-for-the-analysis.jpg/jcr:content/renditions/cq5dam.web.320.Robotics-used-for-the-analysis.jpg|NOT_IN_MIRROR
content|https://www.astrazeneca.com/content/dam/az/Image%20Bank/Research-and-Development/Oncology_antibody.jpg/jcr:content/renditions/cq5dam.web.320.Oncology_antibody.jpg|NOT_IN_MIRROR
content|https://www.astrazeneca.com/content/dam/az/Image%20Bank/Research-and-Development/Laboratory-testing.jpg/jcr:content/renditions/original|NOT_IN_MIRROR
content|https://www.astrazeneca.com/content/dam/az/Image%20Bank/Research-and-Development/20150129.jpg/jcr:content/renditions/original|NOT_IN_MIRROR
content|https://www.astrazeneca.com/content/dam/az/Image%20Bank/Locations/MedImmune-Gaithersburg.jpg/jcr:content/renditions/cq5dam.web.320.MedImmune-Gaithersburg.jpg|NOT_IN_MIRROR
content|https://www.astrazeneca.com/content/dam/az/our-company/our-company-052017/investor-relations/mp3/AZ-ESMO-280914-transcript_AZ-ESMO-280914-transcript_generic.mp3|
content|https://www.astrazeneca.com/content/dam/az/Image%20Bank/AstraZenica-in-Cambridge/v2/Cambridge_R&D_Centre_auditorium_new.jpg/jcr:content/renditions/cq5dam.web.320.Cambridge_R&D_Centre_auditorium_new.jpg|NOT_IN_MIRROR
content|https://www.astrazeneca.com/content/dam/az/our-therapy-areas/Oncology/haematology/Z4-29411-CLL-Biomarker-Testing-GIF.gif|
content|https://www.astrazeneca.com/content/dam/az/media-centre-docs/lib/AD1-7234-AstraZeneca-logo-The-Discovery-Centrer-DISC-Getty-Images-for-AstraZeneca.jpg/jcr:content/renditions/cq5dam.web.320.AD1-7234-AstraZeneca-logo-The-Discovery-Centrer-DISC-Getty-Images-for-AstraZeneca.jpg|
content|https://www.astrazeneca.com/content/dam/az/Country-Sites/Egypt/partnership/AZ-Egypt-Partnerships-07.jpg|
content|https://www.astrazeneca.com/content/dam/az/Country-Sites/Egypt/partnership/AZ-Egypt-Partnerships-06.jpg|
content|https://www.astrazeneca.com/content/dam/az/Image%20Bank/AstraZenica-in-Cambridge/v2/Cambridge_R&D_Centre_auditorium_new.jpg/jcr:content/renditions/original|NOT_IN_MIRROR
content|https://www.astrazeneca.com/content/dam/az/Image%20Bank/Research-and-Development/Investigation-of-protein-expression.jpg/jcr:content/renditions/original|NOT_IN_MIRROR
content|https://www.astrazeneca.com/content/dam/az/Image%20Bank/Research-and-Development/Messenger_RNA.jpg/jcr:content/renditions/original|NOT_IN_MIRROR
content|https://www.astrazeneca.com/content/dam/az/media-centre-docs/lib/AZ355-R-D-Boston-USA.jpg/jcr:content/renditions/original|
content|https://www.astrazeneca.com/content/dam/az/our-therapy-areas/Oncology/ovarian/Ovarian-cancer_3.jpg|
content|https://www.astrazeneca.com/content/dam/az/wscd/clinical-innovation/Tendrilplot_image_v3.1.png|
content|https://www.astrazeneca.com/content/dam/az/our-company/our-locations/cambridge/RDC/building/H&dM_AstraZeneca_%C2%A9Hufton+Crow_0107.jpg/jcr:content/renditions/cq5dam.web.320.H&dM_AstraZeneca_%C2%A9Hufton+Crow_0107.jpg|NOT_IN_MIRROR
content|https://www.astrazeneca.com/content/dam/az/Image%20Bank/Research-and-Development/Cardiac_regenerating_muscle_cells.jpg/jcr:content/renditions/cq5dam.web.320.Cardiac_regenerating_muscle_cells.jpg|NOT_IN_MIRROR
content|https://www.astrazeneca.com/content/dam/az/our-therapy-areas/cvrm/renal/five-stages-of-ckd-full.jpg|
content|https://www.astrazeneca.com/content/dam/az/media-centre-docs/lib/AD1-6920-AstraZeneca-logo-The-Discovery-Centrer-DISC-Getty-Images-for-AstraZeneca.jpg/jcr:content/renditions/original|
content|https://www.astrazeneca.com/content/dam/az/Image%20Bank/Research-and-Development/Laboratory-testing.jpg/jcr:content/renditions/cq5dam.web.320.Laboratory-testing.jpg|NOT_IN_MIRROR
content|https://www.astrazeneca.com/content/dam/az/media-centre-docs/lib/AD1-8454-Manufacturing-at-AstraZeneca-Getty-Images-for-AstraZeneca.jpg/jcr:content/renditions/cq5dam.web.320.AD1-8454-Manufacturing-at-AstraZeneca-Getty-Images-for-AstraZeneca.jpg|
content|https://www.astrazeneca.com/content/dam/az/Image%20Bank/Research-and-Development/Robotics-used-for-the-analysis.jpg/jcr:content/renditions/original|NOT_IN_MIRROR
content|https://www.astrazeneca.com/content/dam/az/Country-Sites/AstraZeneca%20China%20HQ%20at%20Shanghai%20Zhangjiang%20Hi-Tech%20Park.jpg/jcr:content/renditions/original|NOT_IN_MIRROR
content|https://www.astrazeneca.com/content/dam/az/Image%20Bank/Research-and-Development/AZ1575_Equipment.jpg/jcr:content/renditions/cq5dam.web.320.AZ1575_Equipment.jpg|NOT_IN_MIRROR
content|https://www.astrazeneca.com/content/dam/az/our-therapy-areas/Oncology/prostate/Prostate-cancer-4.png|
content|https://www.astrazeneca.com/content/dam/az/media-centre-docs/disc/Discovery-Centre-DISC-Overhead-view-DJI_0893.jpg/jcr:content/renditions/original|
content|https://www.astrazeneca.com/content/dam/az/our-company/our-locations/cambridge/RDC/building/H&dM_AstraZeneca_%C2%A9Hufton+Crow_087.jpg/jcr:content/renditions/original|NOT_IN_MIRROR
content|https://www.astrazeneca.com/content/dam/az/Image%20Bank/Research-and-Development/AZ1572_Equipment.jpg/jcr:content/renditions/original|NOT_IN_MIRROR
content|https://www.astrazeneca.com/content/dam/az/our-therapy-areas/Oncology/pancreatic/Pancreatic-cancer-2-new.png|
content|https://www.astrazeneca.com/content/dam/az/media-centre-docs/disc/Discovery-Centre-DISC-Overhead-view-DJI_0893.jpg/jcr:content/renditions/cq5dam.web.320.Discovery-Centre-DISC-Overhead-view-DJI_0893.jpg|
content|https://www.astrazeneca.com/content/dam/az/r-and-d/transformative-science/Growth-Through-Innovation-Chart.jpg|
content|https://www.astrazeneca.com/content/dam/az/our-therapy-areas/Oncology/prostate/Prostate-cancer-1-new.jpg|
content|https://www.astrazeneca.com/content/dam/az/media-centre-docs/disc/Laboratory-The-Discovery-Centre-DISC_DSC0422.jpg/jcr:content/renditions/original|
content|https://www.astrazeneca.com/content/dam/az/Image%20Bank/Locations/Maihara-Factory.jpg/jcr:content/renditions/cq5dam.web.320.Maihara-Factory.jpg|NOT_IN_MIRROR
content|https://www.astrazeneca.com/content/dam/az/media-centre-docs/disc/Discovery-Centre-courtyard-overhead.jpg/jcr:content/renditions/original|
content|https://www.astrazeneca.com/content/dam/az/media-centre-docs/disc/Discovery-Centre-DISC-an-office-area_DSC8963.jpg/jcr:content/renditions/cq5dam.web.320.Discovery-Centre-DISC-an-office-area_DSC8963.jpg|
content|https://www.astrazeneca.com/content/dam/az/Image%20Bank/Research-and-Development/R&D-Boston-USA.jpg/jcr:content/renditions/original|NOT_IN_MIRROR
content|https://www.astrazeneca.com/content/dam/az/Country-Sites/Egypt/partnership/AZ-Egypt-Partnerships-11.jpg|
content|https://www.astrazeneca.com/content/dam/az/media-centre-docs/lib/AD2-3678-AstraZeneca-logo-The-Discovery-Centrer-DISC-Getty-Images-for-AstraZeneca.jpg/jcr:content/renditions/original|
content|https://www.astrazeneca.com/content/dam/az/Image%20Bank/Logos/AstraZeneca-Logo.jpg/jcr:content/renditions/original|NOT_IN_MIRROR
content|https://www.astrazeneca.com/content/dam/az/media-centre-docs/disc/Laboratory-The-Discovery-Centre-DISC_DSC0422.jpg/jcr:content/renditions/cq5dam.web.320.Laboratory-The-Discovery-Centre-DISC_DSC0422.jpg|
content|https://www.astrazeneca.com/content/dam/az/Country-Sites/Egypt/partnership/AZ-Egypt-Partnerships-10.jpg|
content|https://www.astrazeneca.com/content/dam/az/wscd/clinical-innovation/Sunsetplot-image.png|
content|https://www.astrazeneca.com/content/dam/az/Image%20Bank/Research-and-Development/AZ1565_Equipment.jpg/jcr:content/renditions/original|NOT_IN_MIRROR
content|https://www.astrazeneca.com/content/dam/az/media-centre-docs/lib/AD1-6920-AstraZeneca-logo-The-Discovery-Centrer-DISC-Getty-Images-for-AstraZeneca.jpg/jcr:content/renditions/cq5dam.web.320.AD1-6920-AstraZeneca-logo-The-Discovery-Centrer-DISC-Getty-Images-for-AstraZeneca.jpg|
content|https://www.astrazeneca.com/content/dam/az/media-centre-docs/disc/AstraZeneca-Cambridge-Biomedical-Campus_DSC0437.jpg/jcr:content/renditions/cq5dam.web.320.AstraZeneca-Cambridge-Biomedical-Campus_DSC0437.jpg|
content|https://www.astrazeneca.com/content/dam/az/Sustainability/7.%20Greenhouse%20gas%20emissions.jpg|NOT_IN_MIRROR
content|https://www.astrazeneca.com/content/dam/az/media-centre-docs/lib/AD1-7837-AstraZeneca-logo-The-Discovery-Centrer-DISC-Getty-Images-for-AstraZeneca.jpg/jcr:content/renditions/original|
content|https://www.astrazeneca.com/content/dam/az/media-centre-docs/lib/AD1-7796-AstraZeneca-logo-The-Discovery-Centrer-DISC-Getty-Images-for-AstraZeneca.jpg/jcr:content/renditions/cq5dam.web.320.AD1-7796-AstraZeneca-logo-The-Discovery-Centrer-DISC-Getty-Images-for-AstraZeneca.jpg|
content|https://www.astrazeneca.com/content/dam/az/Image%20Bank/Research-and-Development/AZ1607_Scientist.jpg/jcr:content/renditions/cq5dam.web.320.AZ1607_Scientist.jpg|NOT_IN_MIRROR
content|https://www.astrazeneca.com/content/dam/az/Image%20Bank/Research-and-Development/TLR9_Endosome_and_Receptor.jpg/jcr:content/renditions/original|NOT_IN_MIRROR
content|https://www.astrazeneca.com/content/dam/az/media-centre-docs/lib/Discovery-Centre-DISC-Overhead-view-20250307.jpg/jcr:content/renditions/cq5dam.web.320.Discovery-Centre-DISC-Overhead-view-20250307.jpg|
content|https://www.astrazeneca.com/content/dam/az/media-centre-docs/disc/Discovery-Centre-courtyard-overhead.jpg/jcr:content/renditions/cq5dam.web.320.Discovery-Centre-courtyard-overhead.jpg|
content|https://www.astrazeneca.com/content/dam/az/our-therapy-areas/Oncology/prostate/Prostate-cancer-3.png|
content|https://www.astrazeneca.com/content/dam/az/Country-Sites/Egypt/partnership/AZ-Egypt-Partnerships-04.jpg|
content|https://www.astrazeneca.com/content/dam/az/media-centre-docs/disc/Discovery-Centre-DISC-Overhead-view-DJI_0007-2.jpg/jcr:content/renditions/cq5dam.web.320.Discovery-Centre-DISC-Overhead-view-DJI_0007-2.jpg|
content|https://www.astrazeneca.com/content/dam/az/Image%20Bank/Locations/Shanghai-Zhangjiang.jpg/jcr:content/renditions/original|NOT_IN_MIRROR
content|https://www.astrazeneca.com/content/dam/az/media-centre-docs/disc/The-Discovery-Centre-Courtyard_DSC0518.jpg/jcr:content/renditions/cq5dam.web.320.The-Discovery-Centre-Courtyard_DSC0518.jpg|
content|https://www.astrazeneca.com/content/dam/az/media-centre-docs/lib/AZ3195-Distribution-Center-Soedertaelje.jpg/jcr:content/renditions/cq5dam.web.320.AZ3195-Distribution-Center-Soedertaelje.jpg|
content|https://www.astrazeneca.com/content/dam/az/media-centre-docs/lib/AZ3225-Japan-Maihara-Site1.jpg/jcr:content/renditions/cq5dam.web.320.AZ3225-Japan-Maihara-Site1.jpg|
content|https://www.astrazeneca.com/content/dam/az/media-centre-docs/lib/AD1-7796-AstraZeneca-logo-The-Discovery-Centrer-DISC-Getty-Images-for-AstraZeneca.jpg/jcr:content/renditions/original|
content|https://www.astrazeneca.com/content/dam/az/Country-Sites/Egypt/partnership/AZ-Egypt-Partnerships-12.jpg|
content|https://www.astrazeneca.com/content/dam/az/Image%20Bank/Research-and-Development/Biologics_in_the_treatment_of_asthma.jpg/jcr:content/renditions/cq5dam.web.320.Biologics_in_the_treatment_of_asthma.jpg|NOT_IN_MIRROR
content|https://www.astrazeneca.com/content/dam/az/wscd/clinical-innovation/Dustinplot-image.png|
content|https://www.astrazeneca.com/content/dam/az/Image%20Bank/Research-and-Development/Messenger_RNA.jpg/jcr:content/renditions/cq5dam.web.320.Messenger_RNA.jpg|NOT_IN_MIRROR
content|https://www.astrazeneca.com/content/dam/az/media-centre-docs/disc/AstraZeneca-Cambridge-Biomedical-Campus_DSC0437.jpg/jcr:content/renditions/original|
content|https://www.astrazeneca.com/content/dam/az/media-centre-docs/lib/AD2-4359-AstraZeneca-logo-The-Discovery-Centrer-DISC-Getty-Images-for-AstraZeneca.jpg/jcr:content/renditions/cq5dam.web.320.AD2-4359-AstraZeneca-logo-The-Discovery-Centrer-DISC-Getty-Images-for-AstraZeneca.jpg|
content|https://www.astrazeneca.com/content/dam/az/Country-Sites/Wuxi%20world-class%20production%20site%20supplying%20AZ%20medicines%20worldwide.jpg/jcr:content/renditions/cq5dam.web.320.Wuxi%20world-class%20production%20site%20supplying%20AZ%20medicines%20worldwide.jpg|NOT_IN_MIRROR
content|https://www.astrazeneca.com/content/dam/az/Image%20Bank/Research-and-Development/AZ1607_Scientist.jpg/jcr:content/renditions/original|NOT_IN_MIRROR
content|https://www.astrazeneca.com/content/dam/az/Image%20Bank/Research-and-Development/AZ1601_Scientist.jpg/jcr:content/renditions/original|NOT_IN_MIRROR
content|https://www.astrazeneca.com/content/dam/az/media-centre-docs/lib/Discovery-Centre-DISC-Overhead-view-DJI_0056-s.jpg/jcr:content/renditions/original|
content|https://www.astrazeneca.com/content/dam/az/media-centre-docs/disc/Discovery-Centre-DISC-Overhead-view-DJI_0007-2.jpg/jcr:content/renditions/original|
content|https://www.astrazeneca.com/content/dam/az/Image%20Bank/Research-and-Development/20150129.jpg/jcr:content/renditions/cq5dam.web.320.20150129.jpg|NOT_IN_MIRROR
content|https://www.astrazeneca.com/content/dam/az/media-centre-docs/disc/Discovery-Centre-DISC-an-office-area_DSC8963.jpg/jcr:content/renditions/original|
content|https://www.astrazeneca.com/content/dam/az/our-company/our-locations/cambridge/RDC/building/H&dM_AstraZeneca_%C2%A9Hufton+Crow_0103.jpg/jcr:content/renditions/original|NOT_IN_MIRROR
content|https://www.astrazeneca.com/content/dam/az/media-centre-docs/disc/Cambridge-Biomedical-Campus-overhead-view-DJI_0025.jpg/jcr:content/renditions/cq5dam.web.320.Cambridge-Biomedical-Campus-overhead-view-DJI_0025.jpg|
content|https://www.astrazeneca.com/content/dam/az/Country-Sites/Egypt/partnership/AZ-Egypt-Partnerships-08.jpg|
content|https://www.astrazeneca.com/content/dam/az/Image%20Bank/Research-and-Development/UK-Scientists-discussing-one-of-our-development-compounds-AZD92.jpg/jcr:content/renditions/original|NOT_IN_MIRROR
content|https://www.astrazeneca.com/content/dam/az/media-centre-docs/disc/courtyard-at-night_DSC0129.jpg/jcr:content/renditions/cq5dam.web.320.courtyard-at-night_DSC0129.jpg|
content|https://www.astrazeneca.com/content/dam/az/Country-Sites/Wuxi%20world-class%20production%20site%20supplying%20AZ%20medicines%20worldwide.jpg/jcr:content/renditions/original|NOT_IN_MIRROR
content|https://www.astrazeneca.com/content/dam/az/Image%20Bank/Research-and-Development/Research-and-Development.jpg/jcr:content/renditions/cq5dam.web.320.Research-and-Development.jpg|NOT_IN_MIRROR
country-sites|https://www.astrazeneca.com/country-sites/singapore/press-releases/singhealth-polyclinics-launches-primary-care-research-institute.html#modal-historic-confirmation|archive-link-popup,block-wrapper,footer-component,hero-feature,image-replace,l-constrained,l-margin,l-three-block-c0,l-three-block-c1,l-three-block-c2,main-section,modal-close,modal-content,modal-inner,modal-window,object-fit,pt-column-control-inverted,responsive-bg,responsive-image,rich-text,tablesaw-enhanced
country-sites|https://www.astrazeneca.com/country-sites/gulf.html|archive-link-popup,block-wrapper,cq-colctrl-default,cq-colctrl-default-c0,footer-component,icon-link-panel,image-panel-feature,image-replace,l-constrained,l-margin,l-one-block,l-one-block-c0,l-padded,l-two-block,l-two-block-c0,l-two-block-c1,main-section,modal-close,modal-content,modal-inner,modal-window,object-fit,pt-column-control-inverted,responsive-bg,responsive-image,rich-header,rich-text,section-header,tablesaw-enhanced,ui-accordion,ui-accordion-content,ui-accordion-header,ui-accordion-header-collapsed,ui-accordion-header-icon,ui-accordion-icons,ui-corner-all,ui-corner-bottom,ui-corner-top,ui-helper-reset,ui-icon,ui-state-default,ui-widget,ui-widget-content
country-sites|https://www.astrazeneca.com/country-sites/thailand/press-releases/astrazeneca-signs-memorandum-understanding-th.html|archive-link-popup,block-wrapper,footer-component,hero-feature,image-replace,l-constrained,l-eight-block-center,l-eight-block-center-c0,l-margin,l-three-block-c0,l-three-block-c1,l-three-block-c2,main-section,modal-close,modal-content,modal-inner,modal-window,object-fit,pt-column-control-inverted,responsive-bg,responsive-image,rich-text,tablesaw-enhanced
country-sites|https://www.astrazeneca.com/country-sites/thailand/press-releases/astrazeneca-launch-campaign-parker-panda-and-dr-bunny-th.html#modal-historic-confirmation|archive-link-popup,block-wrapper,footer-component,hero-feature,image-replace,l-constrained,l-margin,l-three-block-c0,l-three-block-c1,l-three-block-c2,main-section,modal-close,modal-content,modal-inner,modal-window,object-fit,pt-column-control-inverted,responsive-bg,responsive-image,rich-text,tablesaw-enhanced
country-sites|https://www.astrazeneca.com/country-sites/thailand/press-releases/astrazeneca-faculty-pharmaceutical-sciences-chulalongkorn-university-signed-mou-announce-collaboration-enhancing-potential-pharmaceutical-personnel.html|archive-link-popup,block-wrapper,footer-component,hero-feature,image-replace,l-constrained,l-eight-block-center,l-eight-block-center-c0,l-margin,l-three-block-c0,l-three-block-c1,l-three-block-c2,main-section,modal-close,modal-content,modal-inner,modal-window,object-fit,pt-column-control-inverted,responsive-bg,responsive-image,rich-text,tablesaw-enhanced
country-sites|https://www.astrazeneca.com/country-sites/thailand/press-releases/asthma-close-matter-that-should-not-be-overlooked.html#modal-historic-confirmation|archive-link-popup,block-wrapper,footer-component,hero-feature,image-replace,l-constrained,l-margin,l-three-block-c0,l-three-block-c1,l-three-block-c2,main-section,modal-close,modal-content,modal-inner,modal-window,object-fit,pt-column-control-inverted,responsive-bg,responsive-image,rich-text,tablesaw-enhanced
country-sites|https://www.astrazeneca.com/country-sites/singapore/press-releases/national-university-health-system-sahlgrenska-university-hospital-and-industry-partners-astrazeneca-and-ericsson-establish-global-health-innovation-network.html|archive-link-popup,block-wrapper,footer-component,hero-feature,l-constrained,l-margin,l-three-block-c0,l-three-block-c1,l-three-block-c2,main-section,modal-close,modal-content,modal-inner,modal-window,object-fit,pt-column-control-inverted,responsive-bg,rich-text,tablesaw-enhanced
country-sites|https://www.astrazeneca.com/country-sites/singapore/press-releases/astrazenecas-antibody-drug-for-covid-19-treatment-to-arrive-in-spore-by-end-of-the-year.html#modal-historic-confirmation|archive-link-popup,block-wrapper,footer-component,hero-feature,image-replace,l-constrained,l-margin,l-three-block-c0,l-three-block-c1,l-three-block-c2,main-section,modal-close,modal-content,modal-inner,modal-window,object-fit,pt-column-control-inverted,responsive-bg,responsive-image,rich-text,tablesaw-enhanced
country-sites|https://www.astrazeneca.com/country-sites/thailand/press-releases/astrazeneca-thailand-announces-partnership-with-phyathai-2-hospital-introduces-ai-to-enhance-the-diagnosis-of-early-stage-lung-cancer-th.html#modal-historic-confirmation|archive-link-popup,block-wrapper,footer-component,hero-feature,image-replace,l-constrained,l-margin,l-three-block-c0,l-three-block-c1,l-three-block-c2,l-two-block,l-two-block-c0,l-two-block-c1,main-section,modal-close,modal-content,modal-inner,modal-window,object-fit,pt-column-control-inverted,responsive-bg,responsive-image,rich-text,tablesaw-enhanced
country-sites|https://www.astrazeneca.com/country-sites/thailand/press-releases/astrazeneca-expands-pioneering-ai-screening-project-enhance-early-disease-detection-th.html|archive-link-popup,block-wrapper,footer-component,hero-feature,image-replace,l-constrained,l-eight-block-center,l-eight-block-center-c0,l-margin,l-three-block-c0,l-three-block-c1,l-three-block-c2,main-section,modal-close,modal-content,modal-inner,modal-window,object-fit,pt-column-control-inverted,responsive-bg,responsive-image,rich-text,tablesaw-enhanced
country-sites|https://www.astrazeneca.com/country-sites/georgia.html|archive-link-popup,block-wrapper,cq-colctrl-default,cq-colctrl-default-c0,footer-component,hero-feature,l-constrained,l-margin,l-six-block-center,l-six-block-center-c0,main-section,modal-close,modal-content,modal-inner,modal-window,object-fit,pt-column-control-inverted,responsive-bg,rich-text,tablesaw-enhanced,ui-accordion,ui-accordion-content,ui-accordion-header,ui-accordion-header-collapsed,ui-accordion-header-icon,ui-accordion-icons,ui-accordion-tagging,ui-corner-all,ui-corner-bottom,ui-corner-top,ui-helper-reset,ui-icon,ui-state-default,ui-widget,ui-widget-content
country-sites|https://www.astrazeneca.com/country-sites/estonia.html|archive-link-popup,block-wrapper,footer-component,icon-link-panel,image-panel-feature,image-replace,img-circle,jump-to,jump-to-anchor,l-constrained,l-four-block,l-four-block-c0,l-four-block-c1,l-four-block-c2,l-four-block-c3,l-four-block-center,l-four-block-center-c0,l-margin,l-one-block,l-one-block-c0,l-three-block,l-three-block-c0,l-three-block-c1,l-three-block-c2,l-three-block-wide,l-three-block-wide-c0,l-three-block-wide-c1,l-three-block-wide-c2,l-two-block,l-two-block-c0,l-two-block-c1,main-section,modal-close,modal-content,modal-inner,modal-window,object-fit,pt-column-control-inverted,responsive-bg,responsive-image,rich-header,rich-text,tablesaw-enhanced,ui-accordion,ui-accordion-content,ui-accordion-header,ui-accordion-header-collapsed,ui-accordion-header-icon,ui-accordion-icons,ui-corner-all,ui-corner-bottom,ui-corner-top,ui-helper-reset,ui-icon,ui-state-default,ui-widget,ui-widget-content,video-module,video-template
country-sites|https://www.astrazeneca.com/country-sites/lithuania.html|archive-link-popup,block-wrapper,footer-component,icon-link-panel,image-panel-feature,image-replace,img-circle,jump-to,jump-to-anchor,l-constrained,l-four-block,l-four-block-c0,l-four-block-c1,l-four-block-c2,l-four-block-c3,l-margin,l-one-block,l-one-block-c0,l-three-block-wide,l-three-block-wide-c0,l-three-block-wide-c1,l-three-block-wide-c2,main-section,modal-close,modal-content,modal-inner,modal-window,object-fit,pt-column-control-inverted,responsive-bg,responsive-image,rich-header,rich-text,tablesaw-enhanced,ui-accordion,ui-accordion-content,ui-accordion-header,ui-accordion-header-collapsed,ui-accordion-header-icon,ui-accordion-icons,ui-corner-all,ui-corner-bottom,ui-corner-top,ui-helper-reset,ui-icon,ui-state-default,ui-widget,ui-widget-content,video-module,video-template
country-sites|https://www.astrazeneca.com/country-sites/singapore/press-releases/sgh-and-astrazeneca-unveil-promising-intervention-to-improve-ast.html#modal-historic-confirmation|archive-link-popup,block-wrapper,footer-component,hero-feature,l-constrained,l-margin,l-three-block-c0,l-three-block-c1,l-three-block-c2,main-section,modal-close,modal-content,modal-inner,modal-window,object-fit,pt-column-control-inverted,responsive-bg,rich-text,tablesaw-enhanced
country-sites|https://www.astrazeneca.com/country-sites/singapore/press-releases/the-big-read--enough-is-enough--just-what-does-it-take-to-break-.html#modal-historic-confirmation|archive-link-popup,block-wrapper,footer-component,hero-feature,image-replace,l-constrained,l-margin,l-three-block-c0,l-three-block-c1,l-three-block-c2,main-section,modal-close,modal-content,modal-inner,modal-window,object-fit,pt-column-control-inverted,responsive-bg,responsive-image,rich-text,tablesaw-enhanced
country-sites|https://www.astrazeneca.com/country-sites/thailand/press-releases/astrazeneca-launches-its-making-health-happen-campaign-in-thailand-to-build-a-healthy-future-for-people-society-and-the-planet.html#modal-historic-confirmation|archive-link-popup,block-wrapper,footer-component,hero-feature,image-replace,l-constrained,l-margin,l-three-block-c0,l-three-block-c1,l-three-block-c2,main-section,modal-close,modal-content,modal-inner,modal-window,object-fit,pt-column-control-inverted,responsive-bg,responsive-image,rich-text,tablesaw-enhanced
country-sites|https://www.astrazeneca.com/country-sites/thailand/press-releases/astrazeneca-thailand-appoints-roman-ramos-as-country-president-th.html#modal-historic-confirmation|archive-link-popup,block-wrapper,footer-component,hero-feature,image-replace,l-constrained,l-margin,l-three-block-c0,l-three-block-c1,l-three-block-c2,main-section,modal-close,modal-content,modal-inner,modal-window,object-fit,pt-column-control-inverted,responsive-bg,responsive-image,rich-text,tablesaw-enhanced
country-sites|https://www.astrazeneca.com/country-sites/thailand/press-releases/leading-organizations-in-thailand-join-the-discussion-inclusion-and-inclusion-in-the-workplace-on-the-occasion-of-lgbt-pride-mont-th.html#modal-historic-confirmation|archive-link-popup,block-wrapper,footer-component,hero-feature,image-replace,l-constrained,l-margin,l-three-block-c0,l-three-block-c1,l-three-block-c2,main-section,modal-close,modal-content,modal-inner,modal-window,object-fit,pt-column-control-inverted,responsive-bg,responsive-image,rich-text,tablesaw-enhanced
country-sites|https://www.astrazeneca.com/country-sites/thailand/press-releases/astrazeneca-signs-memorandum-understanding.html|archive-link-popup,block-wrapper,footer-component,hero-feature,image-replace,l-constrained,l-eight-block-center,l-eight-block-center-c0,l-margin,l-three-block-c0,l-three-block-c1,l-three-block-c2,main-section,modal-close,modal-content,modal-inner,modal-window,object-fit,pt-column-control-inverted,responsive-bg,responsive-image,rich-text,tablesaw-enhanced
country-sites|https://www.astrazeneca.com/country-sites/singapore/press-releases/leaders-from-mcdonald-s--astrazeneca--nomura--and-dell-advocate-.html#modal-historic-confirmation|archive-link-popup,block-wrapper,footer-component,hero-feature,l-constrained,l-margin,l-three-block-c0,l-three-block-c1,l-three-block-c2,main-section,modal-close,modal-content,modal-inner,modal-window,object-fit,pt-column-control-inverted,responsive-bg,rich-text,tablesaw-enhanced
country-sites|https://www.astrazeneca.com/country-sites/thailand/press-releases/astrazeneca-thailand-wins-top-employer-2024-fourth-consecutive-year-demonstrating-achievement-organisational-leadership-personnel-excellence.html#modal-historic-confirmation|archive-link-popup,block-wrapper,footer-component,hero-feature,image-replace,l-constrained,l-eight-block-center,l-eight-block-center-c0,l-margin,l-three-block-c0,l-three-block-c1,l-three-block-c2,main-section,modal-close,modal-content,modal-inner,modal-window,object-fit,pt-column-control-inverted,responsive-bg,responsive-image,rich-text,tablesaw-enhanced
country-sites|https://www.astrazeneca.com/country-sites/thailand/press-releases/astrazeneca-thailand-empowers-young-female-leaders-at-annual-girlstakeover-event-TH.html|archive-link-popup,block-wrapper,footer-component,hero-feature,image-replace,l-constrained,l-eight-block-center,l-eight-block-center-c0,l-margin,l-three-block-c0,l-three-block-c1,l-three-block-c2,main-section,modal-close,modal-content,modal-inner,modal-window,object-fit,pt-column-control-inverted,responsive-bg,responsive-image,rich-text,tablesaw-enhanced
country-sites|https://www.astrazeneca.com/country-sites/thailand/press-releases/astrazeneca-thailand-sends-campaign-prepare-immunity-for-every-special.html#modal-historic-confirmation|archive-link-popup,block-wrapper,footer-component,hero-feature,image-replace,l-constrained,l-margin,l-three-block-c0,l-three-block-c1,l-three-block-c2,l-two-block,l-two-block-c0,l-two-block-c1,main-section,modal-close,modal-content,modal-inner,modal-window,object-fit,pt-column-control-inverted,responsive-bg,responsive-image,rich-text,tablesaw-enhanced,video-module,video-template
country-sites|https://www.astrazeneca.com/country-sites/thailand/press-releases/astrazeneca-reveals-success-in-using-ai-to-screen-lung-cancer-from-x-ray-images-enhancing-sustainable-health-security.html|archive-link-popup,block-wrapper,footer-component,hero-feature,image-replace,l-constrained,l-eight-block-center,l-eight-block-center-c0,l-margin,l-six-block-center,l-six-block-center-c0,l-three-block-c0,l-three-block-c1,l-three-block-c2,main-section,modal-close,modal-content,modal-inner,modal-window,object-fit,pt-column-control-inverted,responsive-bg,responsive-image,rich-text,tablesaw-enhanced
country-sites|https://www.astrazeneca.com/country-sites/thailand/press-releases/astrazeneca-delivers-additional-41575-units-of-COVID-19-long-acting-antibody-LAAB-to-thailand.html#modal-historic-confirmation|archive-link-popup,block-wrapper,footer-component,hero-feature,l-constrained,l-margin,l-three-block-c0,l-three-block-c1,l-three-block-c2,main-section,modal-close,modal-content,modal-inner,modal-window,object-fit,pt-column-control-inverted,responsive-bg,rich-text,tablesaw-enhanced
country-sites|https://www.astrazeneca.com/country-sites/the-philippines.html|archive-link-popup,block-wrapper,footer-component,image-panel-feature,image-replace,l-constrained,l-margin,l-one-block,l-one-block-c0,l-two-block,l-two-block-c0,l-two-block-c1,main-section,modal-close,modal-content,modal-inner,modal-window,object-fit,pt-column-control-inverted,responsive-bg,responsive-image,rich-header,rich-text,section-header,tablesaw-enhanced,ui-accordion,ui-accordion-content,ui-accordion-header,ui-accordion-header-collapsed,ui-accordion-header-icon,ui-accordion-icons,ui-corner-all,ui-corner-bottom,ui-corner-top,ui-helper-reset,ui-icon,ui-state-default,ui-widget,ui-widget-content
country-sites|https://www.astrazeneca.com/country-sites/thailand/press-releases/the-effects-of-chronic-pm25-crisis-result-in-gene-mutations-causing-lung-cancer-near-body-menace-that-should-not-be-overlooked-th.html#modal-historic-confirmation|archive-link-popup,block-wrapper,footer-component,hero-feature,image-replace,l-constrained,l-margin,l-three-block-c0,l-three-block-c1,l-three-block-c2,l-two-block,l-two-block-c0,l-two-block-c1,main-section,modal-close,modal-content,modal-inner,modal-window,object-fit,pt-column-control-inverted,responsive-bg,responsive-image,rich-text,tablesaw-enhanced
country-sites|https://www.astrazeneca.com/country-sites/thailand/press-releases/mdkku-astrazeneca-and-depa-thailand-join-forces-to-utilise-ai-for-early-detection-of-heart-failure-and-lung-cancer.html|archive-link-popup,block-wrapper,footer-component,hero-feature,image-replace,l-constrained,l-eight-block-center,l-eight-block-center-c0,l-margin,l-three-block-c0,l-three-block-c1,l-three-block-c2,main-section,modal-close,modal-content,modal-inner,modal-window,object-fit,pt-column-control-inverted,responsive-bg,responsive-image,rich-text,tablesaw-enhanced
country-sites|https://www.astrazeneca.com/country-sites/thailand/press-releases/the-born-a-fighter-campaign-supports-and-educates-neurofibromatosis-nf-warriors-celebrating-the-7th-event-on-nf1-awareness-day-in-thailand.html|archive-link-popup,block-wrapper,footer-component,hero-feature,image-replace,l-constrained,l-eight-block-center,l-eight-block-center-c0,l-margin,l-three-block-c0,l-three-block-c1,l-three-block-c2,l-two-block,l-two-block-c0,l-two-block-c1,main-section,modal-close,modal-content,modal-inner,modal-window,object-fit,pt-column-control-inverted,responsive-bg,responsive-image,rich-text,tablesaw-enhanced
country-sites|https://www.astrazeneca.com/country-sites/thailand/press-releases/az-x-phyathai2the-art-of-x-ray-TH.html#modal-historic-confirmation|archive-link-popup,block-wrapper,footer-component,hero-feature,image-replace,l-constrained,l-margin,l-three-block-c0,l-three-block-c1,l-three-block-c2,main-section,modal-close,modal-content,modal-inner,modal-window,object-fit,pt-column-control-inverted,responsive-bg,responsive-image,rich-text,tablesaw-enhanced
country-sites|https://www.astrazeneca.com/country-sites/african-cluster.html|archive-link-popup,block-wrapper,footer-component,icon-link-panel,image-panel-feature,image-replace,l-constrained,l-four-block,l-four-block-c0,l-four-block-c1,l-four-block-c2,l-four-block-c3,l-margin,l-one-block,l-one-block-c0,l-two-block-small-stacked-large-three-nine,l-two-block-small-stacked-large-three-nine-c0,l-two-block-small-stacked-large-three-nine-c1,main-section,modal-close,modal-content,modal-inner,modal-window,object-fit,pt-column-control-inverted,responsive-bg,responsive-image,rich-header,rich-text,section-header,tablesaw-enhanced,ui-accordion,ui-accordion-content,ui-accordion-header,ui-accordion-header-collapsed,ui-accordion-header-icon,ui-accordion-icons,ui-accordion-tagging,ui-corner-all,ui-corner-bottom,ui-corner-top,ui-helper-reset,ui-icon,ui-state-default,ui-widget,ui-widget-content
country-sites|https://www.astrazeneca.com/country-sites/thailand/press-releases/astrazeneca-trains-young-peer-educators-for-the-fourth-consecutive-year-as-support-for-the-young-health-programme-in-thailand.html#modal-historic-confirmation|archive-link-popup,block-wrapper,footer-component,hero-feature,image-replace,l-constrained,l-margin,l-three-block-c0,l-three-block-c1,l-three-block-c2,main-section,modal-close,modal-content,modal-inner,modal-window,object-fit,pt-column-control-inverted,responsive-bg,responsive-image,rich-text,tablesaw-enhanced
country-sites|https://www.astrazeneca.com/country-sites/singapore/press-releases/astrazeneca-to-hire-over-800-employees-to-produce-cancer-medicines-at-adc-manufacturing-facility-in-singapore.html|archive-link-popup,block-wrapper,footer-component,hero-feature,image-replace,l-constrained,l-margin,l-three-block-c0,l-three-block-c1,l-three-block-c2,main-section,modal-close,modal-content,modal-inner,modal-window,object-fit,pt-column-control-inverted,responsive-bg,responsive-image,rich-text,tablesaw-enhanced
country-sites|https://www.astrazeneca.com/country-sites/thailand/press-releases/depa-partners-with-astrazeneca-thailand-to-boost-digital-healthcare-innovation-for-thai-public-health-system-and-improved-quality-of-life.html#modal-historic-confirmation|archive-link-popup,block-wrapper,footer-component,hero-feature,image-replace,l-constrained,l-eight-block-center,l-eight-block-center-c0,l-margin,l-three-block-c0,l-three-block-c1,l-three-block-c2,main-section,modal-close,modal-content,modal-inner,modal-window,object-fit,pt-column-control-inverted,responsive-bg,responsive-image,rich-text,tablesaw-enhanced
country-sites|https://www.astrazeneca.com/country-sites/thailand/press-releases/mdkku-astrazeneca-and-depa-thailand-join-forces-to-utilise-ai-for-early-detection-of-heart-failure-and-lung-cancer-TH.html|archive-link-popup,block-wrapper,footer-component,hero-feature,image-replace,l-constrained,l-eight-block-center,l-eight-block-center-c0,l-margin,l-three-block-c0,l-three-block-c1,l-three-block-c2,main-section,modal-close,modal-content,modal-inner,modal-window,object-fit,pt-column-control-inverted,responsive-bg,responsive-image,rich-text,tablesaw-enhanced
country-sites|https://www.astrazeneca.com/country-sites/thailand/press-releases/astrazeneca-and-plan-international-thailand-organized-the-event-2023-young-health-program-ncd-seminar-promote-thai-youth-to-stay-away-from-chronic-non-communicable-diseases.html#modal-historic-confirmation|archive-link-popup,block-wrapper,footer-component,hero-feature,image-replace,l-constrained,l-eight-block-center,l-eight-block-center-c0,l-margin,l-three-block-c0,l-three-block-c1,l-three-block-c2,main-section,modal-close,modal-content,modal-inner,modal-window,object-fit,pt-column-control-inverted,responsive-bg,responsive-image,rich-text,tablesaw-enhanced
country-sites|https://www.astrazeneca.com/country-sites/thailand/press-releases/boosting-with-astrazenecas-vaccine-provides-high-protection-against-omicron-equivalent-to-mrna-covid-19-vaccines-th.html#modal-historic-confirmation|archive-link-popup,block-wrapper,footer-component,hero-feature,image-replace,l-constrained,l-margin,l-three-block-c0,l-three-block-c1,l-three-block-c2,main-section,modal-close,modal-content,modal-inner,modal-window,object-fit,pt-column-control-inverted,responsive-bg,responsive-image,rich-text,tablesaw-enhanced
country-sites|https://www.astrazeneca.com/country-sites/singapore/press-releases/astrazeneca-singapore-signs-mou-with-tech-partners-on-innovation-projects.html#modal-historic-confirmation|archive-link-popup,block-wrapper,footer-component,hero-feature,image-replace,l-constrained,l-margin,l-three-block-c0,l-three-block-c1,l-three-block-c2,main-section,modal-close,modal-content,modal-inner,modal-window,object-fit,pt-column-control-inverted,responsive-bg,responsive-image,rich-text,tablesaw-enhanced
country-sites|https://www.astrazeneca.com/country-sites/thailand/press-releases/lampang-cancer-hospital-and-astrazeneca-sign-mou-to-advance-cancer-treatment-and-improve-survival-outcomes-th.html|archive-link-popup,block-wrapper,footer-component,hero-feature,image-replace,l-constrained,l-eight-block-center,l-eight-block-center-c0,l-margin,l-three-block-c0,l-three-block-c1,l-three-block-c2,main-section,modal-close,modal-content,modal-inner,modal-window,object-fit,pt-column-control-inverted,responsive-bg,responsive-image,rich-text,tablesaw-enhanced
country-sites|https://www.astrazeneca.com/country-sites/thailand/press-releases/astrazenecas-long-acting-antibody-laab-combination-granted-conditional-marketing-approval-for-the-treatment-of-covid-19-in-thailand-th.html#modal-historic-confirmation|archive-link-popup,block-wrapper,footer-component,hero-feature,l-constrained,l-margin,l-three-block-c0,l-three-block-c1,l-three-block-c2,main-section,modal-close,modal-content,modal-inner,modal-window,object-fit,pt-column-control-inverted,responsive-bg,rich-text,tablesaw-enhanced
country-sites|https://www.astrazeneca.com/country-sites/saudi-arabia.html|archive-link-popup,block-wrapper,footer-component,icon-link-panel,image-panel-feature,image-replace,l-constrained,l-margin,l-one-block,l-one-block-c0,l-padded,l-two-block,l-two-block-c0,l-two-block-c1,main-section,modal-close,modal-content,modal-inner,modal-window,object-fit,pt-column-control-inverted,responsive-bg,responsive-image,rich-header,rich-text,section-header,tablesaw-enhanced,ui-accordion,ui-accordion-content,ui-accordion-header,ui-accordion-header-collapsed,ui-accordion-header-icon,ui-accordion-icons,ui-corner-all,ui-corner-bottom,ui-corner-top,ui-helper-reset,ui-icon,ui-state-default,ui-widget,ui-widget-content
country-sites|https://www.astrazeneca.com/country-sites/thailand/press-releases/lampang-cancer-hospital-and-astrazeneca-sign-mou-to-advance-cancer-treatment-and-improve-survival-outcomes.html|archive-link-popup,block-wrapper,footer-component,hero-feature,image-replace,l-constrained,l-eight-block-center,l-eight-block-center-c0,l-margin,l-three-block-c0,l-three-block-c1,l-three-block-c2,main-section,modal-close,modal-content,modal-inner,modal-window,object-fit,pt-column-control-inverted,responsive-bg,responsive-image,rich-text,tablesaw-enhanced
country-sites|https://www.astrazeneca.com/country-sites/thailand/press-releases/astrazeneca-awarded-most-innovative-company-by-british-chamber-of-commerce-thailand-TH.html|archive-link-popup,block-wrapper,footer-component,hero-feature,image-replace,l-constrained,l-eight-block-center,l-eight-block-center-c0,l-margin,l-three-block-c0,l-three-block-c1,l-three-block-c2,main-section,modal-close,modal-content,modal-inner,modal-window,object-fit,pt-column-control-inverted,responsive-bg,responsive-image,rich-text,tablesaw-enhanced
country-sites|https://www.astrazeneca.com/country-sites/near-east-and-maghreb.html|archive-link-popup,block-wrapper,footer-component,icon-link-panel,image-panel-feature,image-replace,l-constrained,l-one-block,l-one-block-c0,main-section,modal-close,modal-content,modal-inner,modal-window,object-fit,pt-column-control-inverted,responsive-bg,responsive-image,rich-header,rich-text,tablesaw-enhanced,ui-accordion,ui-accordion-content,ui-accordion-header,ui-accordion-header-collapsed,ui-accordion-header-icon,ui-accordion-icons,ui-corner-all,ui-corner-bottom,ui-corner-top,ui-helper-reset,ui-icon,ui-state-default,ui-widget,ui-widget-content
country-sites|https://www.astrazeneca.com/country-sites/thailand/press-releases/astrazeneca-and-siriraj-genomics-join-forces-for-the-third-annual-rethink-pink-we-care-event-empowering-thai-women-against-breast-cancer.html|archive-link-popup,block-wrapper,footer-component,hero-feature,image-replace,l-constrained,l-eight-block-center,l-eight-block-center-c0,l-margin,l-three-block-c0,l-three-block-c1,l-three-block-c2,l-two-block,l-two-block-c0,l-two-block-c1,main-section,modal-close,modal-content,modal-inner,modal-window,object-fit,pt-column-control-inverted,responsive-bg,responsive-image,rich-text,tablesaw-enhanced
country-sites|https://www.astrazeneca.com/country-sites/thailand/press-releases/astrazeneca-and-siriraj-genomics-join-forces-for-the-third-annual-rethink-pink-we-care-event-empowering-thai-women-against-breast-cancer-TH.html|archive-link-popup,block-wrapper,footer-component,hero-feature,image-replace,l-constrained,l-eight-block-center,l-eight-block-center-c0,l-margin,l-three-block-c0,l-three-block-c1,l-three-block-c2,l-two-block,l-two-block-c0,l-two-block-c1,main-section,modal-close,modal-content,modal-inner,modal-window,object-fit,pt-column-control-inverted,responsive-bg,responsive-image,rich-text,tablesaw-enhanced
country-sites|https://www.astrazeneca.com/country-sites/thailand/press-releases/hat-joins-forces-ministry-public-health-astrazeneca-thailand-unveiling-collaborative-excellence-heart-failure-management-initiative.html|archive-link-popup,block-wrapper,footer-component,hero-feature,image-replace,l-constrained,l-eight-block-center,l-eight-block-center-c0,l-margin,l-three-block-c0,l-three-block-c1,l-three-block-c2,main-section,modal-close,modal-content,modal-inner,modal-window,object-fit,pt-column-control-inverted,responsive-bg,responsive-image,rich-text,tablesaw-enhanced
country-sites|https://www.astrazeneca.com/country-sites/thailand/press-releases.html|archive-link-popup,az-filter-items,block-wrapper,footer-component,image-replace,l-constrained,l-margin,l-one-block,l-one-block-c0,main-section,modal-close,modal-content,modal-inner,modal-window,ng-scope,object-fit,pt-column-control-inverted,publications-list,responsive-image,rich-header,rich-text,section-header,tablesaw-enhanced
country-sites|https://www.astrazeneca.com/country-sites/greece.html|archive-link-popup,block-wrapper,cq-colctrl-default,cq-colctrl-default-c0,download-tile,footer-component,icon-link-panel,image-panel-feature,image-replace,l-constrained,l-four-block,l-four-block-c0,l-four-block-c1,l-four-block-c2,l-four-block-c3,l-margin,l-one-block,l-one-block-c0,l-padded,main-section,modal-close,modal-content,modal-inner,modal-window,object-fit,pt-column-control-inverted,responsive-bg,responsive-image,rich-header,rich-text,show-more-wrapper,tablesaw-enhanced,ui-accordion,ui-accordion-content,ui-accordion-header,ui-accordion-header-collapsed,ui-accordion-header-icon,ui-accordion-icons,ui-accordion-tagging,ui-corner-all,ui-corner-bottom,ui-corner-top,ui-helper-reset,ui-icon,ui-state-default,ui-widget,ui-widget-content
country-sites|https://www.astrazeneca.com/country-sites/thailand/press-releases/astrazeneca-honored-with-thai-swedish-chambers-company-of-the-year-advancing-healthcare-for-thai-people-through-transformative-contributions-and-medical-innovations-TH.html|archive-link-popup,block-wrapper,footer-component,hero-feature,image-replace,l-constrained,l-eight-block-center,l-eight-block-center-c0,l-margin,l-three-block-c0,l-three-block-c1,l-three-block-c2,main-section,modal-close,modal-content,modal-inner,modal-window,object-fit,pt-column-control-inverted,responsive-bg,responsive-image,rich-text,tablesaw-enhanced
country-sites|https://www.astrazeneca.com/country-sites/thailand/press-releases/astrazeneca-reveals-success-in-using-ai-to-screen-lung-cancer-from-x-ray-images-enhancing-sustainable-health-security-TH.html|archive-link-popup,block-wrapper,footer-component,hero-feature,image-replace,l-constrained,l-eight-block-center,l-eight-block-center-c0,l-margin,l-six-block-center,l-six-block-center-c0,l-three-block-c0,l-three-block-c1,l-three-block-c2,main-section,modal-close,modal-content,modal-inner,modal-window,object-fit,pt-column-control-inverted,responsive-bg,responsive-image,rich-text,tablesaw-enhanced
country-sites|https://www.astrazeneca.com/country-sites/singapore/press-releases.html|archive-link-popup,az-filter-items,block-wrapper,footer-component,hero-header,l-constrained,l-one-block,l-one-block-c0,main-section,modal-close,modal-content,modal-inner,modal-window,ng-scope,object-fit,pt-column-control-inverted,publications-list,rich-text,tablesaw-enhanced
country-sites|https://www.astrazeneca.com/country-sites/thailand/press-releases/astrazeneca-thailand-wins-top-employer-award-2023-for-the-third-year-in-a-row-reaffirming-its-position-as-a-great-place-to-work-th.html#modal-historic-confirmation|archive-link-popup,block-wrapper,footer-component,hero-feature,image-replace,l-constrained,l-margin,l-three-block-c0,l-three-block-c1,l-three-block-c2,main-section,modal-close,modal-content,modal-inner,modal-window,object-fit,pt-column-control-inverted,responsive-bg,responsive-image,rich-text,tablesaw-enhanced
country-sites|https://www.astrazeneca.com/country-sites/latvia.html|archive-link-popup,block-wrapper,footer-component,icon-link-panel,image-panel-feature,image-replace,img-circle,jump-to,jump-to-anchor,l-constrained,l-four-block,l-four-block-c0,l-four-block-c1,l-four-block-c2,l-four-block-c3,l-four-block-center,l-four-block-center-c0,l-margin,l-one-block,l-one-block-c0,l-three-block-wide,l-three-block-wide-c0,l-three-block-wide-c1,l-three-block-wide-c2,l-two-block,l-two-block-c0,l-two-block-c1,main-section,modal-close,modal-content,modal-inner,modal-window,object-fit,pt-column-control-inverted,responsive-bg,responsive-image,rich-header,rich-text,tablesaw-enhanced,ui-accordion,ui-accordion-content,ui-accordion-header,ui-accordion-header-collapsed,ui-accordion-header-icon,ui-accordion-icons,ui-corner-all,ui-corner-bottom,ui-corner-top,ui-helper-reset,ui-icon,ui-state-default,ui-widget,ui-widget-content,video-module,video-template
country-sites|https://www.astrazeneca.com/country-sites/thailand/press-releases/vaxzevria-73-effective-at-preventing-omicron-related-infections-after-fourth-dose-according-to-real-world-evidence-study-in-thailand.html#modal-historic-confirmation|archive-link-popup,block-wrapper,footer-component,hero-feature,l-constrained,l-margin,l-three-block-c0,l-three-block-c1,l-three-block-c2,main-section,modal-close,modal-content,modal-inner,modal-window,object-fit,pt-column-control-inverted,responsive-bg,rich-text,tablesaw-enhanced
country-sites|https://www.astrazeneca.com/country-sites/thailand/press-releases/astraZeneca-joins-hands-with-buddhachinaraj-phitsanulok-hospital-advance-proactive-healthcaintroducing-asthma-smart-kiosk-innovation-pioneer-enhanced-lung-disease-management-TH.html#modal-historic-confirmation|archive-link-popup,block-wrapper,footer-component,hero-feature,image-replace,l-constrained,l-eight-block-center,l-eight-block-center-c0,l-margin,l-three-block-c0,l-three-block-c1,l-three-block-c2,main-section,modal-close,modal-content,modal-inner,modal-window,object-fit,pt-column-control-inverted,responsive-bg,responsive-image,rich-text,tablesaw-enhanced
country-sites|https://www.astrazeneca.com/country-sites/thailand/press-releases/astrazeneca-announces-azd7442-long-acting-antibody-combination-approved-in-the-eu-for-the-treatment-of-covid-19-th.html#modal-historic-confirmation|archive-link-popup,block-wrapper,footer-component,hero-feature,l-constrained,l-margin,l-three-block-c0,l-three-block-c1,l-three-block-c2,main-section,modal-close,modal-content,modal-inner,modal-window,object-fit,pt-column-control-inverted,responsive-bg,rich-text,tablesaw-enhanced
country-sites|https://www.astrazeneca.com/country-sites/thailand/press-releases/astrazeneca-strengthened-its-commitment-with-the-thai-government-to-collaborate-on-tackling-ncds-in-thailand.html|archive-link-popup,block-wrapper,footer-component,hero-feature,image-replace,l-constrained,l-eight-block-center,l-eight-block-center-c0,l-margin,l-three-block-c0,l-three-block-c1,l-three-block-c2,main-section,modal-close,modal-content,modal-inner,modal-window,object-fit,pt-column-control-inverted,responsive-bg,responsive-image,rich-text,tablesaw-enhanced
country-sites|https://www.astrazeneca.com/country-sites/singapore/press-releases/diabetics--guide-to-fasting-during-ramadan-launched-by-diabetes-.html#modal-historic-confirmation|archive-link-popup,block-wrapper,footer-component,hero-feature,image-replace,l-constrained,l-margin,l-three-block-c0,l-three-block-c1,l-three-block-c2,main-section,modal-close,modal-content,modal-inner,modal-window,object-fit,pt-column-control-inverted,responsive-bg,responsive-image,rich-text,tablesaw-enhanced
country-sites|https://www.astrazeneca.com/country-sites/ireland.html|archive-link-popup,block-wrapper,footer-component,icon-link-panel,image-panel-feature,image-replace,l-constrained,l-margin,l-one-block,l-one-block-c0,l-padded,l-two-block,l-two-block-c0,l-two-block-c1,main-section,modal-close,modal-content,modal-inner,modal-window,object-fit,pt-column-control-inverted,responsive-bg,responsive-image,rich-header,rich-text,section-header,tablesaw-enhanced,ui-accordion,ui-accordion-content,ui-accordion-header,ui-accordion-header-collapsed,ui-accordion-header-icon,ui-accordion-icons,ui-corner-all,ui-corner-bottom,ui-corner-top,ui-helper-reset,ui-icon,ui-state-default,ui-widget,ui-widget-content
country-sites|https://www.astrazeneca.com/country-sites/thailand/press-releases/astrazeneca-thailand-launches-ncd-certification-programme-to-enhance-chronic-disease-care.html|archive-link-popup,block-wrapper,footer-component,hero-feature,image-replace,l-constrained,l-eight-block-center,l-eight-block-center-c0,l-margin,l-three-block-c0,l-three-block-c1,l-three-block-c2,main-section,modal-close,modal-content,modal-inner,modal-window,object-fit,pt-column-control-inverted,responsive-bg,responsive-image,rich-text,tablesaw-enhanced
country-sites|https://www.astrazeneca.com/country-sites/thailand/press-releases/international-womens-day-article-2023-th.html#modal-historic-confirmation|archive-link-popup,block-wrapper,footer-component,hero-feature,image-replace,l-constrained,l-margin,l-three-block-c0,l-three-block-c1,l-three-block-c2,main-section,modal-close,modal-content,modal-inner,modal-window,object-fit,pt-column-control-inverted,responsive-bg,responsive-image,rich-text,tablesaw-enhanced
country-sites|https://www.astrazeneca.com/country-sites/thailand/press-releases/astrazeneca-thailand-collaboration-songkhla-nakarin-hospital-developed-innovative-asthma-smart-kiosk-project-enhance-efficiency-asthma-care.html#modal-historic-confirmation|archive-link-popup,block-wrapper,footer-component,hero-feature,image-replace,l-constrained,l-margin,l-three-block-c0,l-three-block-c1,l-three-block-c2,main-section,modal-close,modal-content,modal-inner,modal-window,object-fit,pt-column-control-inverted,responsive-bg,responsive-image,rich-text,tablesaw-enhanced
country-sites|https://www.astrazeneca.com/country-sites/thailand/press-releases/astrazeneca-thailand-cooperates-with-bangkok-metropolitan-administration-on-the-dont-wait-get-checked-enhances-the-diagnosis-of-early-stage-lung-cancer-through-ai-innovations-TH.html#modal-historic-confirmation|archive-link-popup,block-wrapper,footer-component,hero-feature,image-replace,l-constrained,l-eight-block-center,l-eight-block-center-c0,l-margin,l-three-block-c0,l-three-block-c1,l-three-block-c2,main-section,modal-close,modal-content,modal-inner,modal-window,object-fit,pt-column-control-inverted,responsive-bg,responsive-image,rich-text,tablesaw-enhanced
country-sites|https://www.astrazeneca.com/country-sites/thailand/press-releases/astrazeneca-thailand-recognised-top-employer-celebrating-five-consecutive-years-excellence.html|archive-link-popup,block-wrapper,footer-component,hero-feature,image-replace,l-constrained,l-eight-block-center,l-eight-block-center-c0,l-margin,l-three-block-c0,l-three-block-c1,l-three-block-c2,main-section,modal-close,modal-content,modal-inner,modal-window,object-fit,pt-column-control-inverted,responsive-bg,responsive-image,rich-text,tablesaw-enhanced
country-sites|https://www.astrazeneca.com/country-sites/thailand/press-releases/department-of-disease-control-the-kidney-foundation-astrazeneca-partners-launch-first-national-collaborative-excellence-for-chronic-kidney-disease-screening.html|archive-link-popup,block-wrapper,footer-component,hero-feature,image-replace,l-constrained,l-eight-block-center,l-eight-block-center-c0,l-margin,l-three-block-c0,l-three-block-c1,l-three-block-c2,main-section,modal-close,modal-content,modal-inner,modal-window,object-fit,pt-column-control-inverted,responsive-bg,responsive-image,rich-text,tablesaw-enhanced
country-sites|https://www.astrazeneca.com/country-sites/thailand/press-releases/astrazeneca-thailand-cooperates-with-bangkok-metropolitan-administration-on-the-dont-wait-get-checked-enhances-the-diagnosis-of-early-stage-lung-cancer-through-ai-innovations.html#modal-historic-confirmation|archive-link-popup,block-wrapper,footer-component,hero-feature,image-replace,l-constrained,l-eight-block-center,l-eight-block-center-c0,l-margin,l-three-block-c0,l-three-block-c1,l-three-block-c2,main-section,modal-close,modal-content,modal-inner,modal-window,object-fit,pt-column-control-inverted,responsive-bg,responsive-image,rich-text,tablesaw-enhanced
country-sites|https://www.astrazeneca.com/country-sites/thailand/press-releases/astrazenecas-long-acting-antibody-laab-combination-administered-to-first-group-of-patients-in-thailand-to-protect-against-covid-19-th.html#modal-historic-confirmation|archive-link-popup,block-wrapper,footer-component,hero-feature,l-constrained,l-margin,l-three-block-c0,l-three-block-c1,l-three-block-c2,main-section,modal-close,modal-content,modal-inner,modal-window,object-fit,pt-column-control-inverted,responsive-bg,rich-text,tablesaw-enhanced
global|https://www.astrazeneca.com/global/en/sitemap.html|archive-link-popup,block-wrapper,footer-component,hero-header,l-constrained,l-four-block,l-four-block-c0,l-four-block-c1,l-four-block-c2,l-four-block-c3,l-padded,l-three-block,l-three-block-c0,l-three-block-c1,l-three-block-c2,main-section,modal-close,modal-content,modal-inner,modal-window,object-fit,pt-column-control-inverted,rich-text,tablesaw-enhanced,ui-accordion,ui-accordion-content,ui-accordion-header,ui-accordion-header-collapsed,ui-accordion-header-icon,ui-accordion-icons,ui-corner-all,ui-corner-bottom,ui-corner-top,ui-helper-reset,ui-icon,ui-state-default,ui-widget,ui-widget-content
global|https://www.astrazeneca.com/global/en/AstraZeneca-Websites.html|archive-link-popup,block-wrapper,content-tile,footer-component,generic-tabs,hero-header,image-replace,jump-to-anchor,l-constrained,l-four-block,l-four-block-c0,l-four-block-c1,l-four-block-c2,l-four-block-c3,l-one-block,l-padded,l-three-block,l-three-block-c0,l-three-block-c1,l-three-block-c2,main-section,modal-close,modal-content,modal-inner,modal-window,object-fit,pt-column-control-inverted,responsive-image,rich-text,tablesaw-enhanced
global|https://www.astrazeneca.com/global/en/Resources.html|archive-link-popup,block-wrapper,cq-colctrl-default,cq-colctrl-default-c0,footer-component,hero-header,l-constrained,l-padded,l-three-block,l-three-block-c0,l-three-block-c1,l-three-block-c2,main-section,modal-close,modal-content,modal-inner,modal-window,object-fit,pt-column-control-inverted,rich-text,tablesaw-enhanced
investor-relations|https://www.astrazeneca.com/investor-relations/stock-exchange-announcements.html|archive-link-popup,block-wrapper,footer-component,iframe-wrapper,image-replace,l-constrained,l-margin,main-section,modal-close,modal-content,modal-inner,modal-window,object-fit,pt-column-control-inverted,responsive-image,rich-header,rich-text,tablesaw-enhanced
investor-relations|https://www.astrazeneca.com/investor-relations/annual-reports/annual-report-2016/contact-information.html|archive-link-popup,block-wrapper,footer-component,hero-header,l-constrained,l-eight-block-center,l-eight-block-center-c0,l-padded,l-two-block,l-two-block-c0,l-two-block-c1,main-section,modal-close,modal-content,modal-inner,modal-window,object-fit,pt-column-control-inverted,rich-text,tablesaw-enhanced
investor-relations|https://www.astrazeneca.com/investor-relations/Stock-exchange-announcements.html|archive-link-popup,block-wrapper,footer-component,iframe-wrapper,image-replace,l-constrained,l-margin,main-section,modal-close,modal-content,modal-inner,modal-window,object-fit,pt-column-control-inverted,responsive-image,rich-header,rich-text,tablesaw-enhanced
investor-relations|https://www.astrazeneca.com/investor-relations/astrazeneca-health-equity-investor-event.html|archive-link-popup,block-wrapper,download-tile,footer-component,image-replace,jump-to-anchor,l-constrained,l-padded,link-image-panel-v2,main-section,modal-close,modal-content,modal-inner,modal-window,object-fit,pt-column-control-inverted,responsive-image,rich-header,rich-text,tablesaw-enhanced,video-module,video-template
investor-relations|https://www.astrazeneca.com/investor-relations/annual-reports/annual-report-2024.html|animated-header,archive-link-popup,block-wrapper,carousel-content,carousel-outer-wrapper,chapter-heading,chapter-navigation,chapter-outer-wrapper,cmp-pdfviewer,download-tile,footer-component,hero-header,image-panel-feature,image-replace,jump-to-anchor,l-constrained,l-eight-block-center,l-eight-block-center-c0,l-margin,l-one-block,l-one-block-c0,l-three-block,l-three-block-c0,l-three-block-c1,l-three-block-c2,link-image-panel-v2,main-section,modal-close,modal-content,modal-inner,modal-window,nav-wrapper,object-fit,pt-column-control-inverted,pt-story,responsive-bg,responsive-image,rich-text,slick-active,slick-arrow,slick-current,slick-disabled,slick-initialized,slick-list,slick-next,slick-prev,slick-slide,slick-slider,slick-track,tablesaw-enhanced
investor-relations|https://www.astrazeneca.com/investor-relations/annual-reports/annual-report-2023.html|animated-header,archive-link-popup,block-wrapper,carousel-content,carousel-outer-wrapper,chapter-heading,chapter-navigation,chapter-outer-wrapper,cmp-pdfviewer,download-tile,footer-component,hero-header,image-panel-feature,image-replace,jump-to-anchor,l-constrained,l-margin,l-one-block,l-one-block-c0,l-three-block,l-three-block-c0,l-three-block-c1,l-three-block-c2,link-image-panel-v2,main-section,modal-close,modal-content,modal-inner,modal-window,nav-wrapper,object-fit,pt-column-control-inverted,pt-story,responsive-bg,responsive-image,rich-text,slick-active,slick-arrow,slick-current,slick-disabled,slick-initialized,slick-list,slick-next,slick-prev,slick-slide,slick-slider,slick-track,tablesaw-enhanced
investor-relations|https://www.astrazeneca.com/investor-relations/annual-reports/annual-report-2017.html|animated-header,archive-link-popup,block-wrapper,carousel-content,carousel-outer-wrapper,chapter-heading,chapter-navigation,chapter-outer-wrapper,download-tile,footer-component,heading-level-one,image-replace,img-circle,l-constrained,l-flex-three-block,l-flex-three-block-c0,l-flex-three-block-c1,l-flex-three-block-c2,l-margin,l-one-block,l-one-block-c0,l-three-block,l-three-block-c0,l-three-block-c1,l-three-block-c2,l-three-block-wide,l-three-block-wide-c0,l-three-block-wide-c1,l-three-block-wide-c2,l-two-block,l-two-block-c0,l-two-block-c1,main-section,media-text-link,modal-close,modal-content,modal-inner,modal-window,nav-wrapper,object-fit,promo-tiles,pt-column-control-inverted,pt-story,responsive-image,rich-text,section-header,slick-active,slick-arrow,slick-current,slick-disabled,slick-initialized,slick-list,slick-next,slick-prev,slick-slide,slick-slider,slick-track,story-overview,tablesaw-enhanced,ui-accordion,ui-accordion-content,ui-accordion-header,ui-accordion-header-collapsed,ui-accordion-header-icon,ui-accordion-icons,ui-corner-all,ui-corner-bottom,ui-corner-top,ui-helper-reset,ui-icon,ui-state-default,ui-widget,ui-widget-content,video-module,video-template
investor-relations|https://www.astrazeneca.com/investor-relations/annual-reports/annual-report-2016/annual-report-and-cautionary-statement.html|archive-link-popup,block-wrapper,footer-component,hero-header,l-constrained,l-padded,l-six-block-center,l-six-block-center-c0,main-section,modal-close,modal-content,modal-inner,modal-window,object-fit,pt-column-control-inverted,rich-text,tablesaw-enhanced
investor-relations|https://www.astrazeneca.com/investor-relations/q1-2025-results-event.html|archive-link-popup,block-wrapper,cmp-pdfviewer,footer-component,image-replace,l-constrained,l-margin,l-padded,l-three-block,l-three-block-c0,l-three-block-c1,l-three-block-c2,main-section,modal-close,modal-content,modal-inner,modal-window,object-fit,pt-column-control-inverted,responsive-image,rich-header,rich-text,section-header,tablesaw-enhanced,ui-accordion,ui-accordion-content,ui-accordion-header,ui-accordion-header-collapsed,ui-accordion-header-icon,ui-accordion-icons,ui-corner-all,ui-corner-bottom,ui-corner-top,ui-helper-reset,ui-icon,ui-state-default,ui-widget,ui-widget-content,video-module,video-template
investor-relations|https://www.astrazeneca.com/investor-relations/annual-reports/annual-report-2016.html|archive-link-popup,block-wrapper,carousel-content,carousel-full-bleed,carousel-outer-wrapper,download-lockup,download-tile,footer-component,icon-link-panel,image-panel-feature,image-replace,img-circle,l-constrained,l-eight-block-center,l-eight-block-center-c0,l-flex-two-block,l-flex-two-block-c0,l-flex-two-block-c1,l-margin,l-one-block,l-one-block-c0,l-padded,l-three-block,l-three-block-c0,l-three-block-c1,l-three-block-c2,l-two-block,l-two-block-c0,l-two-block-c1,link-image-panel-v2,main-section,media-text-link,modal-close,modal-content,modal-inner,modal-window,mode-stack,object-fit,pt-column-control-inverted,responsive-bg,responsive-image,rich-header,rich-text,section-header,simple-show-more,slick-active,slick-arrow,slick-current,slick-disabled,slick-initialized,slick-list,slick-next,slick-prev,slick-slide,slick-slider,slick-track,tablesaw-bar,tablesaw-cell-content,tablesaw-cell-label,tablesaw-enhanced,tablesaw-stack,ui-accordion,ui-accordion-content,ui-accordion-header,ui-accordion-header-collapsed,ui-accordion-header-icon,ui-accordion-icons,ui-corner-all,ui-corner-bottom,ui-corner-top,ui-helper-reset,ui-icon,ui-state-default,ui-widget,ui-widget-content,video-module,video-template
investor-relations|https://www.astrazeneca.com/investor-relations/full-year-and-q4-2024-results-event.html|archive-link-popup,block-wrapper,cmp-pdfviewer,footer-component,image-replace,l-constrained,l-margin,l-padded,l-three-block,l-three-block-c0,l-three-block-c1,l-three-block-c2,main-section,modal-close,modal-content,modal-inner,modal-window,object-fit,pt-column-control-inverted,responsive-image,rich-header,rich-text,section-header,tablesaw-enhanced,ui-accordion,ui-accordion-content,ui-accordion-header,ui-accordion-header-collapsed,ui-accordion-header-icon,ui-accordion-icons,ui-corner-all,ui-corner-bottom,ui-corner-top,ui-helper-reset,ui-icon,ui-state-default,ui-widget,ui-widget-content,video-module,video-template
investor-relations|https://www.astrazeneca.com/investor-relations/Stock-exchange-announcements/2018/results-of-annual-general-meeting-held-on-18-may-2018.html#modal-historic-confirmation|archive-link-popup,block-wrapper,footer-component,hero-feature,l-constrained,l-margin,l-three-block-c0,l-three-block-c1,l-three-block-c2,main-section,modal-close,modal-content,modal-inner,modal-window,mode-stack,object-fit,pt-column-control-inverted,responsive-bg,rich-text,tablesaw-bar,tablesaw-enhanced,tablesaw-stack
investor-relations|https://www.astrazeneca.com/investor-relations/stock-exchange-announcements/2018/tezepelumab-granted-breakthrough-therapy-designation-by-us-fda-07092018.html#modal-historic-confirmation|archive-link-popup,block-wrapper,footer-component,hero-feature,l-constrained,l-margin,l-three-block-c0,l-three-block-c1,l-three-block-c2,main-section,modal-close,modal-content,modal-inner,modal-window,mode-stack,object-fit,pt-column-control-inverted,responsive-bg,rich-text,tablesaw-bar,tablesaw-enhanced,tablesaw-stack,ui-accordion,ui-accordion-content,ui-accordion-header,ui-accordion-header-collapsed,ui-accordion-header-icon,ui-accordion-icons,ui-corner-all,ui-corner-bottom,ui-corner-top,ui-helper-reset,ui-icon,ui-state-default,ui-widget,ui-widget-content
investor-relations|https://www.astrazeneca.com/investor-relations/q1-2026-results-event.html|archive-link-popup,block-wrapper,footer-component,image-replace,l-constrained,link-image-panel-v2,main-section,modal-close,modal-content,modal-inner,modal-window,object-fit,pt-column-control-inverted,responsive-image,rich-header,rich-text,tablesaw-enhanced,ui-accordion,ui-accordion-content,ui-accordion-header,ui-accordion-header-collapsed,ui-accordion-header-icon,ui-accordion-icons,ui-corner-all,ui-corner-bottom,ui-corner-top,ui-helper-reset,ui-icon,ui-state-default,ui-widget,ui-widget-content
investor-relations|https://www.astrazeneca.com/investor-relations/results-and-presentations.html|archive-link-popup,block-wrapper,download-tile,event-card,event-listing-cards,footer-component,generic-tabs,hero-header,image-panel-feature,image-replace,l-constrained,l-one-block,l-one-block-c0,l-two-block,l-two-block-c0,l-two-block-c1,link-image-panel-v2,main-section,modal-close,modal-content,modal-inner,modal-window,object-fit,pt-column-control-inverted,responsive-bg,responsive-image,rich-text,show-more-wrapper,tablesaw-enhanced,video-module,video-template
investor-relations|https://www.astrazeneca.com/investor-relations/sustainability-2024-highlights-summary-call.html|archive-link-popup,block-wrapper,download-tile,footer-component,image-replace,l-constrained,main-section,modal-close,modal-content,modal-inner,modal-window,object-fit,pt-column-control-inverted,responsive-image,rich-header,rich-text,tablesaw-enhanced,ui-accordion,ui-accordion-content,ui-accordion-header,ui-accordion-header-collapsed,ui-accordion-header-icon,ui-accordion-icons,ui-corner-all,ui-corner-bottom,ui-corner-top,ui-helper-reset,ui-icon,ui-state-default,ui-widget,ui-widget-content,video-module,video-template
investor-relations|https://www.astrazeneca.com/investor-relations/annual-reports/annual-report-2025.html|about-copy,animated-header,archive-link-popup,block-wrapper,carousel-content,carousel-outer-wrapper,chapter-heading,chapter-navigation,chapter-outer-wrapper,cmp-pdfviewer,download-tile,footer-component,hero-header,image-panel-feature,image-replace,jump-to-anchor,l-constrained,l-eight-block-center,l-eight-block-center-c0,l-margin,l-one-block,l-one-block-c0,l-three-block,l-three-block-c0,l-three-block-c1,l-three-block-c2,link-image-panel-v2,main-section,modal-close,modal-content,modal-inner,modal-window,nav-wrapper,object-fit,pt-column-control-inverted,pt-story,responsive-bg,responsive-image,rich-text,slick-active,slick-arrow,slick-current,slick-disabled,slick-initialized,slick-list,slick-next,slick-prev,slick-slide,slick-slider,slick-track,tablesaw-enhanced
investor-relations|https://www.astrazeneca.com/investor-relations/clinical-trials-appendix.html|archive-link-popup,block-wrapper,download-lockup,footer-component,hero-header,img-circle,l-constrained,l-four-block-center,l-four-block-center-c0,l-sm,light-blue,main-section,modal-close,modal-content,modal-inner,modal-window,object-fit,pipeline-filter,pt-column-control-inverted,refine-results,rich-text,table-cta,tablesaw-enhanced,ui-accordion,ui-helper-reset,ui-widget
investor-relations|https://www.astrazeneca.com/investor-relations/9m-and-q3-2025-results-event.html|archive-link-popup,block-wrapper,cmp-pdfviewer,footer-component,image-replace,l-constrained,l-margin,l-padded,l-three-block,l-three-block-c0,l-three-block-c1,l-three-block-c2,main-section,modal-close,modal-content,modal-inner,modal-window,object-fit,pt-column-control-inverted,responsive-image,rich-header,rich-text,section-header,tablesaw-enhanced,ui-accordion,ui-accordion-content,ui-accordion-header,ui-accordion-header-collapsed,ui-accordion-header-icon,ui-accordion-icons,ui-corner-all,ui-corner-bottom,ui-corner-top,ui-helper-reset,ui-icon,ui-state-default,ui-widget,ui-widget-content,video-module,video-template
investor-relations|https://www.astrazeneca.com/investor-relations/stock-exchange-announcements/2017/tagrisso-significantly-improves-progression-free-survival-in-the-phase-iii-flaura-trial-for-lung-cancer-27072017.html#modal-historic-confirmation|archive-link-popup,block-wrapper,footer-component,hero-feature,l-constrained,l-margin,l-three-block-c0,l-three-block-c1,l-three-block-c2,main-section,modal-close,modal-content,modal-inner,modal-window,mode-stack,object-fit,pt-column-control-inverted,responsive-bg,rich-text,tablesaw-bar,tablesaw-enhanced,tablesaw-stack
investor-relations|https://www.astrazeneca.com/investor-relations/key-facts.html|archive-link-popup,block-wrapper,download-tile,footer-component,hero-header,image-replace,img-circle,jump-to-anchor,l-constrained,l-flex-four-block,l-flex-four-block-c0,l-flex-four-block-c1,l-flex-four-block-c2,l-flex-four-block-c3,l-margin,l-three-block,l-three-block-c0,l-three-block-c1,l-three-block-c2,main-section,modal-close,modal-content,modal-inner,modal-window,object-fit,promo-tiles,pt-column-control-inverted,responsive-image,rich-text,section-header,tablesaw-enhanced
investor-relations|https://www.astrazeneca.com/investor-relations/debt-investors.html|archive-link-popup,block-wrapper,contact-tile,cq-colctrl-default,cq-colctrl-default-c0,download-tile,featured-article-video-promo,footer-component,generic-tabs,image-replace,img-circle,l-constrained,l-flex-three-block,l-flex-three-block-c0,l-flex-three-block-c1,l-flex-three-block-c2,l-margin,l-one-block,l-three-block,l-three-block-c0,l-three-block-c1,l-two-block,l-two-block-c0,l-two-block-c1,main-section,modal-close,modal-content,modal-inner,modal-window,mode-stack,object-fit,promo-tiles,pt-column-control-inverted,responsive-image,rich-header,rich-text,tablesaw-bar,tablesaw-cell-content,tablesaw-cell-label,tablesaw-enhanced,tablesaw-stack,ui-accordion,ui-accordion-content,ui-accordion-header,ui-accordion-header-collapsed,ui-accordion-header-icon,ui-accordion-icons,ui-accordion-tagging,ui-corner-all,ui-corner-bottom,ui-corner-top,ui-helper-reset,ui-icon,ui-state-default,ui-widget,ui-widget-content
investor-relations|https://www.astrazeneca.com/investor-relations/contacts-information.html|archive-link-popup,block-wrapper,contact-tile,footer-component,generic-tabs,image-replace,img-circle,l-constrained,l-flex-three-block,l-flex-three-block-c0,l-flex-three-block-c1,l-flex-three-block-c2,l-four-block,l-four-block-c0,l-four-block-c1,l-four-block-c2,l-four-block-c3,l-margin,l-one-block,l-three-block,l-three-block-c0,l-three-block-c1,l-three-block-c2,l-two-block,l-two-block-c0,l-two-block-c1,main-section,modal-close,modal-content,modal-inner,modal-window,object-fit,promo-tiles,pt-column-control-inverted,responsive-image,rich-header,rich-text,tablesaw-enhanced
investor-relations|https://www.astrazeneca.com/investor-relations/events.html|archive-link-popup,block-wrapper,event-card,events-listing,footer-component,hero-header,img-circle,jump-to-anchor,l-constrained,l-flex-four-block,l-flex-four-block-c0,l-flex-four-block-c1,l-flex-four-block-c2,l-flex-four-block-c3,main-section,modal-close,modal-content,modal-inner,modal-window,object-fit,promo-tiles,pt-column-control-inverted,rich-text,tablesaw-enhanced
investor-relations|https://www.astrazeneca.com/investor-relations/annual-reports/annual-report-2022.html|animated-header,archive-link-popup,bg-image-wrapper,block-wrapper,carousel-content,carousel-outer-wrapper,chapter-heading,chapter-navigation,chapter-outer-wrapper,download-tile,footer-component,hero-header,image-panel-feature,image-replace,jump-to-anchor,l-constrained,l-four-block,l-four-block-c0,l-four-block-c1,l-four-block-c2,l-four-block-c3,l-margin,l-one-block,l-one-block-c0,l-three-block,l-three-block-c0,l-three-block-c1,l-three-block-c2,link-image-panel-v2,main-section,modal-close,modal-content,modal-inner,modal-window,nav-wrapper,object-fit,pt-column-control-inverted,pt-story,responsive-bg,responsive-image,rich-text,slick-active,slick-arrow,slick-current,slick-disabled,slick-initialized,slick-list,slick-next,slick-prev,slick-slide,slick-slider,slick-track,tablesaw-enhanced
investor-relations|https://www.astrazeneca.com/investor-relations/h1-and-q2-2025-results-event.html|archive-link-popup,block-wrapper,cmp-pdfviewer,footer-component,image-replace,l-constrained,l-margin,l-padded,l-three-block,l-three-block-c0,l-three-block-c1,l-three-block-c2,main-section,modal-close,modal-content,modal-inner,modal-window,object-fit,pt-column-control-inverted,responsive-image,rich-header,rich-text,section-header,tablesaw-enhanced,ui-accordion,ui-accordion-content,ui-accordion-header,ui-accordion-header-collapsed,ui-accordion-header-icon,ui-accordion-icons,ui-corner-all,ui-corner-bottom,ui-corner-top,ui-helper-reset,ui-icon,ui-state-default,ui-widget,ui-widget-content,video-module,video-template
investor-relations|https://www.astrazeneca.com/investor-relations/shareholder-information.html|archive-link-popup,block-wrapper,content-tile,download-lockup,download-tile,event-card,event-listing-cards,footer-component,generic-tabs,hero-header,image-replace,img-circle,jump-to-anchor,l-constrained,l-flex-three-block,l-flex-three-block-c0,l-flex-three-block-c1,l-flex-three-block-c2,l-four-block,l-four-block-c0,l-four-block-c1,l-four-block-c2,l-four-block-c3,l-margin,l-one-block,l-padded,l-three-block,l-three-block-c0,l-three-block-c1,l-three-block-c2,main-section,media-text-link,media-text-link-list,media-text-link-list-item,modal-close,modal-content,modal-inner,modal-window,newsletter-sign-up,object-fit,promo-tiles,promo-tiles-v2,pt-column-control-inverted,responsive-image,rich-text,shareholder-information,tablesaw-enhanced
investor-relations|https://www.astrazeneca.com/investor-relations/results-and-presentations/archive.html|archive-link-popup,block-wrapper,download-tile,footer-component,generic-tabs,hero-header,l-constrained,l-one-block,main-section,modal-close,modal-content,modal-inner,modal-window,object-fit,pt-column-control-inverted,rich-text,show-more-wrapper,tablesaw-enhanced,video-module,video-template
investor-relations|https://www.astrazeneca.com/investor-relations/faqs.html|archive-link-popup,block-wrapper,footer-component,generic-tabs,hero-header,l-constrained,l-four-block,l-four-block-c0,l-four-block-c1,l-four-block-c2,l-four-block-c3,l-margin,l-one-block,main-section,modal-close,modal-content,modal-inner,modal-window,object-fit,promo-tiles-v2,pt-column-control-inverted,rich-text,tablesaw-enhanced,ui-accordion,ui-accordion-content,ui-accordion-header,ui-accordion-header-collapsed,ui-accordion-header-icon,ui-accordion-icons,ui-accordion-tagging,ui-corner-all,ui-corner-bottom,ui-corner-top,ui-helper-reset,ui-icon,ui-state-default,ui-widget,ui-widget-content
investor-relations|https://www.astrazeneca.com/investor-relations/meet-the-management-at-esc-2025.html|archive-link-popup,block-wrapper,download-tile,footer-component,image-replace,l-constrained,l-padded,main-section,modal-close,modal-content,modal-inner,modal-window,object-fit,pt-column-control-inverted,responsive-image,rich-header,rich-text,tablesaw-enhanced,ui-accordion,ui-accordion-content,ui-accordion-header,ui-accordion-header-collapsed,ui-accordion-header-icon,ui-accordion-icons,ui-corner-all,ui-corner-bottom,ui-corner-top,ui-helper-reset,ui-icon,ui-state-default,ui-widget,ui-widget-content,video-module,video-template
investor-relations|https://www.astrazeneca.com/investor-relations/annual-reports/annual-report-2020.html|animated-header,archive-link-popup,block-wrapper,carousel-content,carousel-outer-wrapper,chapter-heading,chapter-navigation,chapter-outer-wrapper,download-tile,footer-component,generic-tabs,image-panel-feature,image-replace,l-constrained,l-eight-block-center,l-eight-block-center-c0,l-margin,l-one-block,l-one-block-c0,l-three-block,l-three-block-c0,l-three-block-c1,l-three-block-c2,link-image-panel-v2,main-section,modal-close,modal-content,modal-inner,modal-window,nav-wrapper,object-fit,pt-column-control-inverted,pt-story,responsive-bg,responsive-image,rich-text,section-header,slick-active,slick-arrow,slick-current,slick-disabled,slick-initialized,slick-list,slick-next,slick-prev,slick-slide,slick-slider,slick-track,tablesaw-enhanced
investor-relations|https://www.astrazeneca.com/investor-relations/dividend-policy.html|archive-link-popup,block-wrapper,footer-component,hero-header,img-circle,l-constrained,l-flex-three-block,l-flex-three-block-c0,l-flex-three-block-c1,l-flex-three-block-c2,l-six-block-center,l-six-block-center-c0,main-section,modal-close,modal-content,modal-inner,modal-window,mode-stack,object-fit,promo-tiles,pt-column-control-inverted,rich-text,tablesaw-bar,tablesaw-enhanced,tablesaw-stack
investor-relations|https://www.astrazeneca.com/investor-relations/tools.html|archive-link-popup,block-wrapper,footer-component,hero-header,img-circle,jump-to-anchor,l-constrained,l-flex-three-block,l-flex-three-block-c0,l-flex-three-block-c1,l-flex-three-block-c2,l-margin,main-section,modal-close,modal-content,modal-inner,modal-window,object-fit,promo-tiles,pt-column-control-inverted,rich-text,tablesaw-enhanced,ui-accordion,ui-accordion-content,ui-accordion-header,ui-accordion-header-collapsed,ui-accordion-header-icon,ui-accordion-icons,ui-accordion-tagging,ui-corner-all,ui-corner-bottom,ui-corner-top,ui-helper-reset,ui-icon,ui-state-default,ui-widget,ui-widget-content
investor-relations|https://www.astrazeneca.com/investor-relations/annual-reports.html|archive-link-popup,block-wrapper,download-tile,footer-component,generic-tabs,image-replace,jump-to-anchor,l-constrained,l-four-block,l-four-block-c0,l-four-block-c1,l-four-block-c2,l-four-block-c3,l-margin,l-one-block,l-two-block,l-two-block-c0,l-two-block-c1,main-section,modal-close,modal-content,modal-inner,modal-window,object-fit,pt-column-control-inverted,responsive-image,rich-header,rich-text,section-header,tablesaw-enhanced
investor-relations|https://www.astrazeneca.com/investor-relations/meet-the-management-event-at-asco-2025.html|archive-link-popup,block-wrapper,download-tile,footer-component,image-replace,jump-to-anchor,l-constrained,l-padded,main-section,modal-close,modal-content,modal-inner,modal-window,object-fit,pt-column-control-inverted,responsive-image,rich-header,rich-text,tablesaw-enhanced,ui-accordion,ui-accordion-content,ui-accordion-header,ui-accordion-header-collapsed,ui-accordion-header-icon,ui-accordion-icons,ui-corner-all,ui-corner-bottom,ui-corner-top,ui-helper-reset,ui-icon,ui-state-default,ui-widget,ui-widget-content,video-module,video-template
investor-relations|https://www.astrazeneca.com/investor-relations/Stock-exchange-announcements/2019/results-of-annual-general-meeting-held-on-26-april-2019.html#modal-historic-confirmation|archive-link-popup,block-wrapper,footer-component,hero-feature,l-constrained,l-margin,l-three-block-c0,l-three-block-c1,l-three-block-c2,main-section,modal-close,modal-content,modal-inner,modal-window,mode-stack,object-fit,pt-column-control-inverted,responsive-bg,rich-text,tablesaw-bar,tablesaw-enhanced,tablesaw-stack
investor-relations|https://www.astrazeneca.com/investor-relations/annual-reports/annual-report-2021.html|animated-header,archive-link-popup,block-wrapper,carousel-content,carousel-outer-wrapper,chapter-heading,chapter-navigation,chapter-outer-wrapper,download-tile,footer-component,image-panel-feature,image-replace,l-constrained,l-four-block-center,l-four-block-center-c0,l-margin,l-one-block,l-one-block-c0,l-three-block,l-three-block-c0,l-three-block-c1,l-three-block-c2,main-section,modal-close,modal-content,modal-inner,modal-window,nav-wrapper,object-fit,pt-column-control-inverted,pt-story,responsive-bg,responsive-image,rich-text,section-header,slick-active,slick-arrow,slick-current,slick-disabled,slick-initialized,slick-list,slick-next,slick-prev,slick-slide,slick-slider,slick-track,tablesaw-enhanced
investor-relations|https://www.astrazeneca.com/investor-relations/meet-the-management-at-esmo-2025.html|archive-link-popup,block-wrapper,download-tile,footer-component,image-replace,l-constrained,l-padded,main-section,modal-close,modal-content,modal-inner,modal-window,object-fit,pt-column-control-inverted,responsive-image,rich-header,rich-text,tablesaw-enhanced,ui-accordion,ui-accordion-content,ui-accordion-header,ui-accordion-header-collapsed,ui-accordion-header-icon,ui-accordion-icons,ui-corner-all,ui-corner-bottom,ui-corner-top,ui-helper-reset,ui-icon,ui-state-default,ui-widget,ui-widget-content,video-module,video-template
investor-relations|https://www.astrazeneca.com/investor-relations/full-year-and-q4-2025-results-event.html|archive-link-popup,block-wrapper,cmp-pdfviewer,footer-component,image-replace,l-constrained,l-margin,l-padded,l-three-block,l-three-block-c0,l-three-block-c1,l-three-block-c2,main-section,modal-close,modal-content,modal-inner,modal-window,object-fit,pt-column-control-inverted,responsive-image,rich-header,rich-text,section-header,tablesaw-enhanced,ui-accordion,ui-accordion-content,ui-accordion-header,ui-accordion-header-collapsed,ui-accordion-header-icon,ui-accordion-icons,ui-corner-all,ui-corner-bottom,ui-corner-top,ui-helper-reset,ui-icon,ui-state-default,ui-widget,ui-widget-content,video-module,video-template
investor-relations|https://www.astrazeneca.com/investor-relations/annual-reports/annual-report-2018.html|animated-header,archive-link-popup,block-wrapper,carousel-full-bleed,carousel-outer-wrapper,chapter-heading,chapter-navigation,chapter-outer-wrapper,custom-p,custom-price,download-tile,footer-component,generic-tabs,image-panel-feature,image-replace,l-constrained,l-eight-block-center,l-eight-block-center-c0,l-flex-three-block,l-flex-three-block-c0,l-flex-three-block-c1,l-flex-three-block-c2,l-flex-two-block,l-flex-two-block-c0,l-flex-two-block-c1,l-margin,l-one-block,l-one-block-c0,l-padded,l-three-block,l-three-block-c0,l-three-block-c1,l-three-block-c2,l-two-block,l-two-block-c0,l-two-block-c1,link-image-panel-v2,main-section,modal-close,modal-content,modal-inner,modal-window,nav-wrapper,object-fit,pt-column-control-inverted,pt-story,responsive-bg,responsive-image,rich-text,section-header,slick-active,slick-arrow,slick-current,slick-disabled,slick-initialized,slick-list,slick-next,slick-prev,slick-slide,slick-slider,slick-track,tablesaw-enhanced,ui-accordion,ui-accordion-content,ui-accordion-header,ui-accordion-header-collapsed,ui-accordion-header-icon,ui-accordion-icons,ui-corner-all,ui-corner-bottom,ui-corner-top,ui-helper-reset,ui-icon,ui-state-default,ui-widget,ui-widget-content
investor-relations|https://www.astrazeneca.com/investor-relations/debt-investors/emtn-programme.html|archive-link-popup,block-wrapper,download-tile,footer-component,generic-tabs,image-replace,l-constrained,l-one-block,l-three-block,l-three-block-c0,l-three-block-c1,l-three-block-c2,l-two-block,l-two-block-c0,l-two-block-c1,main-section,modal-close,modal-content,modal-inner,modal-window,object-fit,pt-column-control-inverted,responsive-image,rich-header,rich-text,tablesaw-enhanced
investor-relations|https://www.astrazeneca.com/investor-relations/annual-reports/annual-report-2019.html|animated-header,archive-link-popup,block-wrapper,carousel-full-bleed,carousel-outer-wrapper,chapter-heading,chapter-navigation,chapter-outer-wrapper,custom-p,custom-price,download-tile,footer-component,generic-tabs,image-panel-feature,image-replace,l-constrained,l-eight-block-center,l-eight-block-center-c0,l-flex-four-block,l-flex-four-block-c0,l-flex-four-block-c1,l-flex-four-block-c2,l-flex-four-block-c3,l-flex-two-block,l-flex-two-block-c0,l-flex-two-block-c1,l-margin,l-one-block,l-one-block-c0,l-padded,l-three-block,l-three-block-c0,l-three-block-c1,l-three-block-c2,link-image-panel-v2,main-section,modal-close,modal-content,modal-inner,modal-window,nav-wrapper,object-fit,pt-column-control-inverted,pt-story,responsive-bg,responsive-image,rich-text,section-header,slick-active,slick-arrow,slick-current,slick-disabled,slick-initialized,slick-list,slick-next,slick-prev,slick-slide,slick-slider,slick-track,tablesaw-enhanced,text-action-block,ui-accordion,ui-accordion-content,ui-accordion-header,ui-accordion-header-collapsed,ui-accordion-header-icon,ui-accordion-icons,ui-corner-all,ui-corner-bottom,ui-corner-top,ui-helper-reset,ui-icon,ui-state-default,ui-widget,ui-widget-content
investor-relations|https://www.astrazeneca.com/investor-relations/resources.html|archive-link-popup,block-wrapper,footer-component,hero-header,l-constrained,l-margin,l-two-block,l-two-block-c0,l-two-block-c1,link-image-panel-v2,main-section,modal-close,modal-content,modal-inner,modal-window,object-fit,pt-column-control-inverted,rich-text,shareholder-information,tablesaw-enhanced
investor-relations|https://www.astrazeneca.com/investor-relations/corporate-governance.html|archive-link-popup,block-wrapper,download-tile,footer-component,hero-header,image-replace,l-constrained,l-six-block-center,l-six-block-center-c0,l-two-block,l-two-block-c0,l-two-block-c1,main-section,media-text-link,media-text-link-list,media-text-link-list-item,modal-close,modal-content,modal-inner,modal-window,object-fit,pt-column-control-inverted,responsive-image,rich-text,tablesaw-enhanced,ui-accordion,ui-accordion-content,ui-accordion-header,ui-accordion-header-collapsed,ui-accordion-header-icon,ui-accordion-icons,ui-accordion-tagging,ui-corner-all,ui-corner-bottom,ui-corner-top,ui-helper-reset,ui-icon,ui-state-default,ui-widget,ui-widget-content
investor-relations|https://www.astrazeneca.com/investor-relations/astrazeneca-investor-day.html|archive-link-popup,block-wrapper,download-tile,footer-component,image-replace,jump-to-anchor,l-constrained,l-margin,l-padded,l-three-block,l-three-block-c0,l-three-block-c1,l-three-block-c2,main-section,modal-close,modal-content,modal-inner,modal-window,object-fit,pt-column-control-inverted,responsive-image,rich-header,rich-text,section-header,tablesaw-enhanced,video-module,video-template
legal-notice-and-terms-of-use|https://www.astrazeneca.com/legal-notice-and-terms-of-use/id.html|archive-link-popup,block-wrapper,footer-component,generic-tabs,hero-header,l-constrained,l-one-block,l-padded,l-six-block-center,l-six-block-center-c0,main-section,modal-close,modal-content,modal-inner,modal-window,object-fit,pt-column-control-inverted,rich-text,tablesaw-enhanced
media-centre|https://www.astrazeneca.com/media-centre/press-releases/2024/fixed-duration-calquence-plus-venetoclax-demonstrated-superior-pfs-vs-standard-care-previously-untreated-cll-with-77-of-patients-progression-free-3-years-amplify-phase-iii-trial.html|archive-link-popup,block-wrapper,footer-component,hero-feature,l-constrained,l-margin,l-three-block-c0,l-three-block-c1,l-three-block-c2,main-section,modal-close,modal-content,modal-inner,modal-window,mode-stack,object-fit,pt-column-control-inverted,responsive-bg,rich-text,tablesaw-bar,tablesaw-cell-content,tablesaw-cell-label,tablesaw-enhanced,tablesaw-stack,ui-accordion,ui-accordion-content,ui-accordion-header,ui-accordion-header-collapsed,ui-accordion-header-icon,ui-accordion-icons,ui-corner-all,ui-corner-bottom,ui-corner-top,ui-helper-reset,ui-icon,ui-state-default,ui-widget,ui-widget-content
media-centre|https://www.astrazeneca.com/media-centre/articles/2025/our-commitment-to-improving-lung-health-equity.html|archive-link-popup,block-wrapper,footer-component,hero-feature,image-replace,l-constrained,l-flex-three-block,l-flex-three-block-c0,l-flex-three-block-c1,l-flex-three-block-c2,l-margin,l-three-block-c0,l-three-block-c1,l-three-block-c2,l-two-block,l-two-block-c0,l-two-block-c1,main-section,modal-close,modal-content,modal-inner,modal-window,object-fit,pt-column-control-inverted,responsive-bg,responsive-image,rich-text,section-header,tablesaw-enhanced,wscd-split-feature-tile
media-centre|https://www.astrazeneca.com/media-centre/articles/2022/UK-partnerships-drive-emission-reductions.html#modal-historic-confirmation|archive-link-popup,block-wrapper,footer-component,hero-feature,l-constrained,l-margin,l-three-block-c0,l-three-block-c1,l-three-block-c2,main-section,modal-close,modal-content,modal-inner,modal-window,object-fit,pt-column-control-inverted,responsive-bg,rich-text,tablesaw-enhanced
media-centre|https://www.astrazeneca.com/media-centre/press-releases/2025/alexion-data-presented-at-2025-aanem-annual-meeting-and-mgfa-scientific-session-underscores-pioneering-c5-inhibition-leadership-in-gmg.html|archive-link-popup,block-wrapper,footer-component,hero-feature,l-constrained,l-margin,l-three-block-c0,l-three-block-c1,l-three-block-c2,main-section,modal-close,modal-content,modal-inner,modal-window,mode-stack,object-fit,pt-column-control-inverted,responsive-bg,rich-text,tablesaw-bar,tablesaw-cell-content,tablesaw-cell-label,tablesaw-enhanced,tablesaw-stack
media-centre|https://www.astrazeneca.com/media-centre/press-releases.html?filters=vaccines-and-immune-therapies,Vaccines%20and%20Immune%20Therapies#filter|archive-link-popup,az-filter-items,block-wrapper,cmp-form-recaptcha,email-signup,footer-component,g-recaptcha,g-recaptcha-response,grecaptcha-badge,grecaptcha-error,grecaptcha-logo,hero-header,image-panel-feature,l-constrained,l-four-block,l-four-block-c0,l-four-block-c1,l-four-block-c2,l-four-block-c3,l-margin,l-one-block,l-one-block-c0,main-section,modal-close,modal-content,modal-inner,modal-window,ng-scope,object-fit,promo-tiles-v2,pt-column-control-inverted,publications-list,responsive-bg,rich-text,signup-content,submit-captcha-btn,tablesaw-enhanced
media-centre|https://www.astrazeneca.com/media-centre/medical-releases/new-tezspire-data-at-ers-international-congress-2022-continue-to-strengthen-profile-for-a-broad-population-of-severe-asthma-patients.html#modal-historic-confirmation|archive-link-popup,block-wrapper,footer-component,hero-feature,l-constrained,l-margin,l-three-block-c0,l-three-block-c1,l-three-block-c2,main-section,modal-close,modal-content,modal-inner,modal-window,mode-stack,object-fit,pt-column-control-inverted,responsive-bg,rich-text,tablesaw-bar,tablesaw-cell-content,tablesaw-cell-label,tablesaw-enhanced,tablesaw-stack
media-centre|https://www.astrazeneca.com/media-centre/medical-releases/first-patients-dosed-in-phase-iii-trials-evaluating-fasenra.html#modal-historic-confirmation|archive-link-popup,block-wrapper,footer-component,hero-feature,l-constrained,l-margin,l-three-block-c0,l-three-block-c1,l-three-block-c2,main-section,modal-close,modal-content,modal-inner,modal-window,mode-stack,object-fit,pt-column-control-inverted,responsive-bg,rich-text,tablesaw-bar,tablesaw-enhanced,tablesaw-stack
media-centre|https://www.astrazeneca.com/media-centre/articles/pioneering-new-possibilities-for-the-rare-disease-community.html|archive-link-popup,block-wrapper,footer-component,hero-feature,image-replace,l-constrained,l-flex-three-block,l-flex-three-block-c0,l-flex-three-block-c1,l-flex-three-block-c2,l-margin,l-three-block-c0,l-three-block-c1,l-three-block-c2,main-section,modal-close,modal-content,modal-inner,modal-window,object-fit,pt-column-control-inverted,responsive-bg,responsive-image,rich-text,section-header,tablesaw-enhanced,wscd-split-feature-tile
media-centre|https://www.astrazeneca.com/media-centre/press-releases/2025/9m-and-q3-2025-results.html|archive-link-popup,block-wrapper,download-tile,footer-component,hero-feature,l-constrained,l-margin,l-three-block-c0,l-three-block-c1,l-three-block-c2,main-section,modal-close,modal-content,modal-inner,modal-window,object-fit,pt-column-control-inverted,responsive-bg,rich-text,tablesaw-enhanced
media-centre|https://www.astrazeneca.com/media-centre/articles/2025/COP30-acting-early-on-chronic-disease-can-support-climate-action.html|archive-link-popup,block-wrapper,footer-component,hero-feature,image-replace,l-constrained,l-eight-block-center,l-eight-block-center-c0,l-flex-three-block,l-flex-three-block-c0,l-flex-three-block-c1,l-flex-three-block-c2,l-margin,l-three-block-c0,l-three-block-c1,l-three-block-c2,main-section,modal-close,modal-content,modal-inner,modal-window,object-fit,pt-column-control-inverted,responsive-bg,responsive-image,rich-text,section-header,tablesaw-enhanced,video-module,video-template,wscd-split-feature-tile
media-centre|https://www.astrazeneca.com/media-centre/press-releases/2024/new-modelling-reveals-the-escalating-toll-of-chronic-kidney-disease-on-patients-planet-and-economies.html|archive-link-popup,block-wrapper,content-tile,footer-component,hero-feature,image-replace,l-constrained,l-margin,l-three-block-c0,l-three-block-c1,l-three-block-c2,main-section,modal-close,modal-content,modal-inner,modal-window,object-fit,pt-column-control-inverted,responsive-bg,responsive-image,rich-text,tablesaw-enhanced,video-module,video-template
media-centre|https://www.astrazeneca.com/media-centre/press-releases/2026/saphnelo-self-administration-tulip-sc-trial-demonstrates-statistically-significant-clinically-meaningful-reduction-sle-disease-activity.html|archive-link-popup,block-wrapper,footer-component,hero-feature,l-constrained,l-margin,l-three-block-c0,l-three-block-c1,l-three-block-c2,main-section,modal-close,modal-content,modal-inner,modal-window,mode-stack,object-fit,pt-column-control-inverted,responsive-bg,rich-text,tablesaw-bar,tablesaw-cell-content,tablesaw-cell-label,tablesaw-enhanced,tablesaw-stack
media-centre|https://www.astrazeneca.com/media-centre/press-releases/2025/positive-results-from-the-tezspire-phase-iii-waypoint-trial-highlight-rapid-and-sustained-effect-in-chronic-rhinosinusitis-with-nasal-polyps.html#:~:text=Full%20results%20from%20the%20positive,(CRSwNP)%20compared%20to%20placebo.|archive-link-popup,block-wrapper,footer-component,hero-feature,l-constrained,l-margin,l-three-block-c0,l-three-block-c1,l-three-block-c2,main-section,modal-close,modal-content,modal-inner,modal-window,mode-stack,object-fit,pt-column-control-inverted,responsive-bg,rich-text,tablesaw-bar,tablesaw-cell-content,tablesaw-cell-label,tablesaw-enhanced,tablesaw-stack,ui-accordion,ui-accordion-content,ui-accordion-header,ui-accordion-header-collapsed,ui-accordion-header-icon,ui-accordion-icons,ui-corner-all,ui-corner-bottom,ui-corner-top,ui-helper-reset,ui-icon,ui-state-default,ui-widget,ui-widget-content
media-centre|https://www.astrazeneca.com/media-centre/press-releases/2024/airsupra-positive-results-phase-iii-batura-trial.html|archive-link-popup,block-wrapper,footer-component,hero-feature,l-constrained,l-margin,l-three-block-c0,l-three-block-c1,l-three-block-c2,main-section,modal-close,modal-content,modal-inner,modal-window,object-fit,pt-column-control-inverted,responsive-bg,rich-text,tablesaw-enhanced
media-centre|https://www.astrazeneca.com/media-centre/articles/2024/oncology-trailblazers-building-path-progress.html|archive-link-popup,block-wrapper,footer-component,hero-feature,image-replace,img-circle,l-constrained,l-flex-three-block,l-flex-three-block-c0,l-flex-three-block-c1,l-flex-three-block-c2,l-margin,l-three-block-c0,l-three-block-c1,l-three-block-c2,main-section,modal-close,modal-content,modal-inner,modal-window,object-fit,pt-column-control-inverted,responsive-bg,responsive-image,rich-text,section-header,tablesaw-enhanced,ui-accordion,ui-accordion-content,ui-accordion-header,ui-accordion-header-collapsed,ui-accordion-header-icon,ui-accordion-icons,ui-corner-all,ui-corner-bottom,ui-corner-top,ui-helper-reset,ui-icon,ui-state-default,ui-widget,ui-widget-content,wscd-split-feature-tile
media-centre|https://www.astrazeneca.com/media-centre/press-releases/2024/calquence-combination-improved-pfs-in-1l-mcl.html|archive-link-popup,block-wrapper,footer-component,hero-feature,l-constrained,l-margin,l-three-block-c0,l-three-block-c1,l-three-block-c2,main-section,modal-close,modal-content,modal-inner,modal-window,object-fit,pt-column-control-inverted,responsive-bg,rich-text,tablesaw-enhanced
media-centre|https://www.astrazeneca.com/media-centre/press-releases/2021/tezepelumab-granted-orphan-drug-designation-in-the-us-for-eosinophilic-esophagitis.html.#modal-historic-confirmation|archive-link-popup,block-wrapper,footer-component,hero-feature,l-constrained,l-margin,l-three-block-c0,l-three-block-c1,l-three-block-c2,main-section,modal-close,modal-content,modal-inner,modal-window,object-fit,pt-column-control-inverted,responsive-bg,rich-text,tablesaw-enhanced,ui-accordion,ui-accordion-content,ui-accordion-header,ui-accordion-header-collapsed,ui-accordion-header-icon,ui-accordion-icons,ui-corner-all,ui-corner-bottom,ui-corner-top,ui-helper-reset,ui-icon,ui-state-default,ui-widget,ui-widget-content
media-centre|https://www.astrazeneca.com/media-centre/articles/2022/celebrating-the-life-and-legacy-of-jose-baselga.html#modal-historic-confirmation|archive-link-popup,block-wrapper,footer-component,hero-feature,l-constrained,l-margin,l-three-block-c0,l-three-block-c1,l-three-block-c2,main-section,modal-close,modal-content,modal-inner,modal-window,object-fit,pt-column-control-inverted,responsive-bg,rich-text,tablesaw-enhanced,ui-accordion,ui-accordion-content,ui-accordion-header,ui-accordion-header-collapsed,ui-accordion-header-icon,ui-accordion-icons,ui-corner-all,ui-corner-bottom,ui-corner-top,ui-helper-reset,ui-icon,ui-state-default,ui-widget,ui-widget-content
media-centre|https://www.astrazeneca.com/media-centre/articles/2022/cancer-therapy-value-assessment.html#modal-historic-confirmation|archive-link-popup,block-wrapper,footer-component,hero-feature,image-replace,l-constrained,l-flex-three-block,l-flex-three-block-c0,l-flex-three-block-c1,l-flex-three-block-c2,l-margin,l-three-block-c0,l-three-block-c1,l-three-block-c2,main-section,modal-close,modal-content,modal-inner,modal-window,object-fit,pt-column-control-inverted,responsive-bg,responsive-image,rich-text,section-header,tablesaw-enhanced,ui-accordion,ui-accordion-content,ui-accordion-header,ui-accordion-header-collapsed,ui-accordion-header-icon,ui-accordion-icons,ui-corner-all,ui-corner-bottom,ui-corner-top,ui-helper-reset,ui-icon,ui-state-default,ui-widget,ui-widget-content,wscd-split-feature-tile
media-centre|https://www.astrazeneca.com/media-centre/articles/2024/reducing-burden-viral-respiratory-infections-aging-adults.html#modal-historic-confirmation|archive-link-popup,block-wrapper,footer-component,hero-feature,image-replace,l-constrained,l-flex-three-block,l-flex-three-block-c0,l-flex-three-block-c1,l-flex-three-block-c2,l-margin,l-three-block-c0,l-three-block-c1,l-three-block-c2,main-section,modal-close,modal-content,modal-inner,modal-window,object-fit,pt-column-control-inverted,responsive-bg,responsive-image,rich-text,section-header,tablesaw-enhanced,ui-accordion,ui-accordion-content,ui-accordion-header,ui-accordion-header-collapsed,ui-accordion-header-icon,ui-accordion-icons,ui-corner-all,ui-corner-bottom,ui-corner-top,ui-helper-reset,ui-icon,ui-state-default,ui-widget,ui-widget-content,wscd-split-feature-tile
media-centre|https://www.astrazeneca.com/media-centre/medical-releases/farxiga-showed-cardiovascular-and-renal-benefit-in-patients-with-chronic-kidney-disease-irrespective-of-cardiovascular-disease-status.html#modal-historic-confirmation|archive-link-popup,block-wrapper,footer-component,hero-feature,image-replace,l-constrained,l-margin,l-three-block-c0,l-three-block-c1,l-three-block-c2,main-section,modal-close,modal-content,modal-inner,modal-window,object-fit,pt-column-control-inverted,responsive-bg,responsive-image,rich-text,tablesaw-enhanced
media-centre|https://www.astrazeneca.com/media-centre/medical-releases/new-analyses-in-real-world-setting-support-the-effectiveness-of-fasenra-in-severe-eosinophilic-asthma.html#modal-historic-confirmation|archive-link-popup,block-wrapper,footer-component,hero-feature,l-constrained,l-margin,l-three-block-c0,l-three-block-c1,l-three-block-c2,main-section,modal-close,modal-content,modal-inner,modal-window,object-fit,pt-column-control-inverted,responsive-bg,rich-text,tablesaw-enhanced
media-centre|https://www.astrazeneca.com/media-centre/press-releases/2023/imfinzi-plus-lynparza-reduced-risk-disease-progression-death-45-percent-vs-chemotherapy-advanced-recurrent-endometrial-cancer.html#modal-historic-confirmation|archive-link-popup,block-wrapper,footer-component,hero-feature,l-constrained,l-margin,l-three-block-c0,l-three-block-c1,l-three-block-c2,main-section,modal-close,modal-content,modal-inner,modal-window,object-fit,pt-column-control-inverted,responsive-bg,rich-text,tablesaw-enhanced
media-centre|https://www.astrazeneca.com/media-centre/press-releases/2024/dato-dxd-nsq-nsclc-application-withdrawn-in-eu.html|archive-link-popup,block-wrapper,footer-component,hero-feature,l-constrained,l-margin,l-three-block-c0,l-three-block-c1,l-three-block-c2,main-section,modal-close,modal-content,modal-inner,modal-window,object-fit,pt-column-control-inverted,responsive-bg,rich-text,tablesaw-enhanced,ui-accordion,ui-accordion-content,ui-accordion-header,ui-accordion-header-collapsed,ui-accordion-header-icon,ui-accordion-icons,ui-corner-all,ui-corner-bottom,ui-corner-top,ui-helper-reset,ui-icon,ui-state-default,ui-widget,ui-widget-content
media-centre|https://www.astrazeneca.com/media-centre/articles/2022/accessibility-workplace.html#modal-historic-confirmation|archive-link-popup,block-wrapper,footer-component,hero-feature,image-replace,img-circle,l-constrained,l-margin,l-three-block-c0,l-three-block-c1,l-three-block-c2,l-two-block,l-two-block-c0,l-two-block-c1,main-section,modal-close,modal-content,modal-inner,modal-window,object-fit,pt-column-control-inverted,responsive-bg,responsive-image,rich-text,section-header,tablesaw-enhanced,ui-accordion,ui-accordion-content,ui-accordion-header,ui-accordion-header-collapsed,ui-accordion-header-icon,ui-accordion-icons,ui-corner-all,ui-corner-bottom,ui-corner-top,ui-helper-reset,ui-icon,ui-state-default,ui-widget,ui-widget-content,wscd-split-feature-tile
media-centre|https://www.astrazeneca.com/media-centre/press-releases/2024/astrazeneca-china-president-currently-under-investigation.html|archive-link-popup,block-wrapper,footer-component,hero-feature,l-constrained,l-margin,l-three-block-c0,l-three-block-c1,l-three-block-c2,main-section,modal-close,modal-content,modal-inner,modal-window,object-fit,pt-column-control-inverted,responsive-bg,rich-text,tablesaw-enhanced,ui-accordion,ui-accordion-content,ui-accordion-header,ui-accordion-header-collapsed,ui-accordion-header-icon,ui-accordion-icons,ui-corner-all,ui-corner-bottom,ui-corner-top,ui-helper-reset,ui-icon,ui-state-default,ui-widget,ui-widget-content
media-centre|https://www.astrazeneca.com/media-centre/medical-releases/astrazeneca-unveils-latest-research-at-esc-congress-2024-showcasing-strength-of-its-cardiovascular-renal-and-metabolism-portfolio-and-pipeline.html|archive-link-popup,block-wrapper,footer-component,hero-feature,l-constrained,l-margin,l-three-block-c0,l-three-block-c1,l-three-block-c2,main-section,modal-close,modal-content,modal-inner,modal-window,mode-stack,object-fit,pt-column-control-inverted,responsive-bg,rich-text,tablesaw-bar,tablesaw-cell-content,tablesaw-cell-label,tablesaw-enhanced,tablesaw-stack,ui-accordion,ui-accordion-content,ui-accordion-header,ui-accordion-header-collapsed,ui-accordion-header-icon,ui-accordion-icons,ui-corner-all,ui-corner-bottom,ui-corner-top,ui-helper-reset,ui-icon,ui-state-default,ui-widget,ui-widget-content
media-centre|https://www.astrazeneca.com/media-centre/press-releases/2024/truqap-plus-faslodex-approved-in-japan-for-patients-with-advanced-hr-positive-breast-cancer.html#modal-historic-confirmation|archive-link-popup,block-wrapper,footer-component,hero-feature,l-constrained,l-margin,l-three-block-c0,l-three-block-c1,l-three-block-c2,main-section,modal-close,modal-content,modal-inner,modal-window,object-fit,pt-column-control-inverted,responsive-bg,rich-text,tablesaw-enhanced
media-centre|https://www.astrazeneca.com/media-centre/press-releases/2024/imfinzi-approved-in-us-for-resectable-lung-cancer.html|archive-link-popup,block-wrapper,footer-component,hero-feature,l-constrained,l-margin,l-three-block-c0,l-three-block-c1,l-three-block-c2,main-section,modal-close,modal-content,modal-inner,modal-window,object-fit,pt-column-control-inverted,responsive-bg,rich-text,tablesaw-enhanced,ui-accordion,ui-accordion-content,ui-accordion-header,ui-accordion-header-collapsed,ui-accordion-header-icon,ui-accordion-icons,ui-corner-all,ui-corner-bottom,ui-corner-top,ui-helper-reset,ui-icon,ui-state-default,ui-widget,ui-widget-content
media-centre|https://www.astrazeneca.com/media-centre/press-releases/2024/tagrisso-reduced-the-risk-of-disease-progression-or-death-by-84-percent-in-patients-with-unresectable-stage-iii-egfr-mutated-lung-cancer-vs-placebo.html|archive-link-popup,block-wrapper,footer-component,hero-feature,l-constrained,l-margin,l-three-block-c0,l-three-block-c1,l-three-block-c2,main-section,modal-close,modal-content,modal-inner,modal-window,mode-stack,object-fit,pt-column-control-inverted,responsive-bg,rich-text,tablesaw-bar,tablesaw-cell-content,tablesaw-cell-label,tablesaw-enhanced,tablesaw-stack
media-centre|https://www.astrazeneca.com/media-centre/press-releases/2026/azn-new-head-of-investor-relations-joris-silon.html|archive-link-popup,block-wrapper,footer-component,hero-feature,l-constrained,l-margin,l-three-block-c0,l-three-block-c1,l-three-block-c2,main-section,modal-close,modal-content,modal-inner,modal-window,object-fit,pt-column-control-inverted,responsive-bg,rich-text,tablesaw-enhanced
media-centre|https://www.astrazeneca.com/media-centre/press-releases/2021/tezepelumab-granted-fda-priority-review-for-asthma.html#modal-historic-confirmation|archive-link-popup,block-wrapper,footer-component,hero-feature,l-constrained,l-margin,l-three-block-c0,l-three-block-c1,l-three-block-c2,main-section,modal-close,modal-content,modal-inner,modal-window,object-fit,pt-column-control-inverted,responsive-bg,responsive-image,rich-text,tablesaw-enhanced
media-centre|https://www.astrazeneca.com/media-centre/medical-releases/fasenra-significantly-reduced-exacerbation-rate-for-severe-eosinophilic-asthma-patients-in-phase-iiib-andhi-trial.html#modal-historic-confirmation|archive-link-popup,block-wrapper,footer-component,hero-feature,l-constrained,l-margin,l-three-block-c0,l-three-block-c1,l-three-block-c2,main-section,modal-close,modal-content,modal-inner,modal-window,object-fit,pt-column-control-inverted,responsive-bg,rich-text,tablesaw-enhanced
media-centre|https://www.astrazeneca.com/media-centre/press-releases/2022/imfinzi-approved-in-us-for-biliary-tract-cancer.html#modal-historic-confirmation|archive-link-popup,block-wrapper,footer-component,hero-feature,l-constrained,l-margin,l-three-block-c0,l-three-block-c1,l-three-block-c2,main-section,modal-close,modal-content,modal-inner,modal-window,object-fit,pt-column-control-inverted,responsive-bg,rich-text,tablesaw-enhanced
media-centre|https://www.astrazeneca.com/media-centre/press-releases/2024/beyfortus-approved-in-japan-for-the-prevention-of-rsv-disease-in-infants.html#modal-historic-confirmation|archive-link-popup,block-wrapper,footer-component,hero-feature,l-constrained,l-margin,l-three-block-c0,l-three-block-c1,l-three-block-c2,main-section,modal-close,modal-content,modal-inner,modal-window,object-fit,pt-column-control-inverted,responsive-bg,rich-text,tablesaw-enhanced
media-centre|https://www.astrazeneca.com/media-centre/press-releases/2014/astrazeneca-board-rejects-pfizers-final-proposal-19052014.html#modal-historic-confirmation|archive-link-popup,block-wrapper,footer-component,hero-feature,l-constrained,l-margin,l-three-block-c0,l-three-block-c1,l-three-block-c2,main-section,modal-close,modal-content,modal-inner,modal-window,mode-stack,object-fit,pt-column-control-inverted,responsive-bg,rich-text,tablesaw-bar,tablesaw-cell-content,tablesaw-cell-label,tablesaw-enhanced,tablesaw-stack,ui-accordion,ui-accordion-content,ui-accordion-header,ui-accordion-header-collapsed,ui-accordion-header-icon,ui-accordion-icons,ui-corner-all,ui-corner-bottom,ui-corner-top,ui-helper-reset,ui-icon,ui-state-default,ui-widget,ui-widget-content
media-centre|https://www.astrazeneca.com/media-centre/press-releases/2025/datroway-improved-os-and-pfs-in-tropion-breast02.html|archive-link-popup,block-wrapper,footer-component,hero-feature,l-constrained,l-margin,l-three-block-c0,l-three-block-c1,l-three-block-c2,main-section,modal-close,modal-content,modal-inner,modal-window,object-fit,pt-column-control-inverted,responsive-bg,rich-text,tablesaw-enhanced
media-centre|https://www.astrazeneca.com/media-centre/press-releases/2025/imfinzi-recommended-for-eu-approval-for-ls-sclc.html|archive-link-popup,block-wrapper,footer-component,hero-feature,l-constrained,l-margin,l-three-block-c0,l-three-block-c1,l-three-block-c2,main-section,modal-close,modal-content,modal-inner,modal-window,object-fit,pt-column-control-inverted,responsive-bg,rich-text,tablesaw-enhanced
media-centre|https://www.astrazeneca.com/media-centre/archive.html?start=890|archive-link-popup,block-wrapper,cmp-form-recaptcha,content-tile,email-signup,footer-component,g-recaptcha,g-recaptcha-response,grecaptcha-badge,grecaptcha-error,grecaptcha-logo,hero-header,image-panel-feature,l-constrained,l-four-block,l-four-block-c0,l-four-block-c1,l-four-block-c2,l-four-block-c3,l-margin,l-one-block,l-one-block-c0,main-section,modal-close,modal-content,modal-inner,modal-window,object-fit,promo-tiles-v2,pt-column-control-inverted,responsive-bg,rich-text,signup-content,submit-captcha-btn,tablesaw-enhanced,ui-button,ui-corner-all,ui-corner-bottom,ui-front,ui-icon,ui-menu,ui-menu-disabled,ui-selectmenu-button,ui-selectmenu-button-closed,ui-selectmenu-disabled,ui-selectmenu-icon,ui-selectmenu-menu,ui-selectmenu-text,ui-state-disabled,ui-widget,ui-widget-content
media-centre|https://www.astrazeneca.com/media-centre/press-releases/2025/astrazeneca-invests-2-and-half-bn-in-beijing-r-and-d-and-manufacturing.html|archive-link-popup,block-wrapper,footer-component,hero-feature,l-constrained,l-margin,l-three-block-c0,l-three-block-c1,l-three-block-c2,main-section,modal-close,modal-content,modal-inner,modal-window,object-fit,pt-column-control-inverted,responsive-bg,rich-text,tablesaw-enhanced,ui-accordion,ui-accordion-content,ui-accordion-header,ui-accordion-header-collapsed,ui-accordion-header-icon,ui-accordion-icons,ui-corner-all,ui-corner-bottom,ui-corner-top,ui-helper-reset,ui-icon,ui-state-default,ui-widget,ui-widget-content
media-centre|https://www.astrazeneca.com/media-centre/press-releases/2025/datroway-approved-in-us-for-egfrm-lung-cancer.html|archive-link-popup,block-wrapper,footer-component,hero-feature,l-constrained,l-margin,l-three-block-c0,l-three-block-c1,l-three-block-c2,main-section,modal-close,modal-content,modal-inner,modal-window,object-fit,pt-column-control-inverted,responsive-bg,rich-text,tablesaw-enhanced
media-centre|https://www.astrazeneca.com/media-centre/image-and-broadcast-library.html?tags=az%3Aresearch-centre%2Fother-locations#|archive-link-popup,block-wrapper,cmp-form-recaptcha,content-tile,email-signup,footer-component,g-recaptcha,g-recaptcha-response,grecaptcha-badge,grecaptcha-error,grecaptcha-logo,hero-header,image-replace,l-constrained,l-four-block,l-four-block-c0,l-four-block-c1,l-four-block-c2,l-four-block-c3,l-margin,l-one-block,l-one-block-c0,l-padded,main-section,media-library,modal-close,modal-content,modal-inner,modal-window,object-fit,promo-tiles-v2,pt-column-control-inverted,quick-view,refine-results,responsive-image,rich-text,salvatorre-layout,show-more-wrapper,signup-content,slider-grid,submit-captcha-btn,tablesaw-enhanced,ui-accordion,ui-accordion-content,ui-accordion-header,ui-accordion-header-collapsed,ui-accordion-header-icon,ui-accordion-icons,ui-corner-all,ui-corner-bottom,ui-corner-top,ui-helper-reset,ui-icon,ui-state-default,ui-widget,ui-widget-content
media-centre|https://www.astrazeneca.com/media-centre/press-releases/2024/tagrisso-plus-chemo-recommended-for-approval-in-eu.html|archive-link-popup,block-wrapper,footer-component,hero-feature,l-constrained,l-margin,l-three-block-c0,l-three-block-c1,l-three-block-c2,main-section,modal-close,modal-content,modal-inner,modal-window,object-fit,pt-column-control-inverted,responsive-bg,rich-text,tablesaw-enhanced
media-centre|https://www.astrazeneca.com/media-centre/press-releases/2026/astrazeneca-begins-trading-on-NYSE.html|archive-link-popup,block-wrapper,footer-component,hero-feature,l-constrained,l-margin,l-three-block-c0,l-three-block-c1,l-three-block-c2,main-section,modal-close,modal-content,modal-inner,modal-window,object-fit,pt-column-control-inverted,responsive-bg,rich-text,tablesaw-enhanced
media-centre|https://www.astrazeneca.com/media-centre/press-releases/2019/fasenra-receives-positive-eu-chmp-opinion-for-self-administration-and-the-new-fasenra-pen-a-pre-filled-single-use-auto-injector-01072019.html#modal-historic-confirmation|archive-link-popup,block-wrapper,footer-component,hero-feature,l-constrained,l-margin,l-three-block-c0,l-three-block-c1,l-three-block-c2,main-section,modal-close,modal-content,modal-inner,modal-window,mode-stack,object-fit,pt-column-control-inverted,responsive-bg,rich-text,tablesaw-bar,tablesaw-enhanced,tablesaw-stack
media-centre|https://www.astrazeneca.com/media-centre/press-releases/2025/positive-results-from-the-tezspire-phase-iii-waypoint-trial-highlight-rapid-and-sustained-effect-in-chronic-rhinosinusitis-with-nasal-polyps.html|archive-link-popup,block-wrapper,footer-component,hero-feature,l-constrained,l-margin,l-three-block-c0,l-three-block-c1,l-three-block-c2,main-section,modal-close,modal-content,modal-inner,modal-window,mode-stack,object-fit,pt-column-control-inverted,responsive-bg,rich-text,tablesaw-bar,tablesaw-cell-content,tablesaw-cell-label,tablesaw-enhanced,tablesaw-stack,ui-accordion,ui-accordion-content,ui-accordion-header,ui-accordion-header-collapsed,ui-accordion-header-icon,ui-accordion-icons,ui-corner-all,ui-corner-bottom,ui-corner-top,ui-helper-reset,ui-icon,ui-state-default,ui-widget,ui-widget-content
media-centre|https://www.astrazeneca.com/media-centre/image-and-broadcast-library.html?tags=az%3Aresearch-centre#|archive-link-popup,block-wrapper,cmp-form-recaptcha,content-tile,email-signup,footer-component,g-recaptcha,g-recaptcha-response,grecaptcha-badge,grecaptcha-error,grecaptcha-logo,hero-header,image-replace,l-constrained,l-four-block,l-four-block-c0,l-four-block-c1,l-four-block-c2,l-four-block-c3,l-margin,l-one-block,l-one-block-c0,l-padded,main-section,media-library,modal-close,modal-content,modal-inner,modal-window,object-fit,promo-tiles-v2,pt-column-control-inverted,quick-view,refine-results,responsive-image,rich-text,salvatorre-layout,show-more-wrapper,signup-content,slider-grid,submit-captcha-btn,tablesaw-enhanced,ui-accordion,ui-accordion-content,ui-accordion-header,ui-accordion-header-collapsed,ui-accordion-header-icon,ui-accordion-icons,ui-corner-all,ui-corner-bottom,ui-corner-top,ui-helper-reset,ui-icon,ui-state-default,ui-widget,ui-widget-content
media-centre|https://www.astrazeneca.com/media-centre/medical-releases/farxiga-demonstrated-consistent-benefit-regardless-of-heart-failure-duration-and-across-the-full-spectrum-of-cardiorenal-disease.html#modal-historic-confirmation|archive-link-popup,block-wrapper,footer-component,hero-feature,l-constrained,l-margin,l-three-block-c0,l-three-block-c1,l-three-block-c2,main-section,modal-close,modal-content,modal-inner,modal-window,object-fit,pt-column-control-inverted,responsive-bg,rich-text,tablesaw-enhanced
media-centre|https://www.astrazeneca.com/media-centre/press-releases/2025/astrazeneca-plans-dollar2-billion-manufacturing-investment-in-maryland-supporting-2600-jobs-and-catalysing-economic-growth.html|archive-link-popup,block-wrapper,footer-component,hero-feature,l-constrained,l-margin,l-three-block-c0,l-three-block-c1,l-three-block-c2,main-section,modal-close,modal-content,modal-inner,modal-window,object-fit,pt-column-control-inverted,responsive-bg,rich-text,tablesaw-enhanced
media-centre|https://www.astrazeneca.com/media-centre/press-releases/2019/fasenra-approved-in-the-us-for-self-administration-in-a-new-pre-filled-auto-injector-the-fasenra-pen-04102019.html#modal-historic-confirmation|archive-link-popup,block-wrapper,footer-component,hero-feature,l-constrained,l-margin,l-three-block-c0,l-three-block-c1,l-three-block-c2,main-section,modal-close,modal-content,modal-inner,modal-window,mode-stack,object-fit,pt-column-control-inverted,responsive-bg,rich-text,tablesaw-bar,tablesaw-enhanced,tablesaw-stack
media-centre|https://www.astrazeneca.com/media-centre/press-releases/2026/fixed-duration-calquence-combo-approved-in-us.html|archive-link-popup,block-wrapper,footer-component,hero-feature,l-constrained,l-margin,l-three-block-c0,l-three-block-c1,l-three-block-c2,main-section,modal-close,modal-content,modal-inner,modal-window,object-fit,pt-column-control-inverted,responsive-bg,rich-text,tablesaw-enhanced
media-centre|https://www.astrazeneca.com/media-centre/press-releases/2025/update-on-resolute-phase-iii-trial.html|archive-link-popup,block-wrapper,footer-component,hero-feature,l-constrained,l-margin,l-three-block-c0,l-three-block-c1,l-three-block-c2,main-section,modal-close,modal-content,modal-inner,modal-window,object-fit,pt-column-control-inverted,responsive-bg,rich-text,tablesaw-enhanced
media-centre|https://www.astrazeneca.com/media-centre/press-releases/2020/farxiga-granted-breakthrough-therapy-designation-in-us-for-chronic-kidney-disease.html#modal-historic-confirmation|archive-link-popup,block-wrapper,footer-component,hero-feature,l-constrained,l-margin,l-three-block-c0,l-three-block-c1,l-three-block-c2,main-section,modal-close,modal-content,modal-inner,modal-window,object-fit,pt-column-control-inverted,responsive-bg,rich-text,tablesaw-enhanced,ui-accordion,ui-accordion-content,ui-accordion-header,ui-accordion-header-collapsed,ui-accordion-header-icon,ui-accordion-icons,ui-corner-all,ui-corner-bottom,ui-corner-top,ui-helper-reset,ui-icon,ui-state-default,ui-widget,ui-widget-content
media-centre|https://www.astrazeneca.com/media-centre/articles/2024/upskilling-AI.html|archive-link-popup,block-wrapper,footer-component,hero-feature,image-replace,img-circle,l-constrained,l-flex-three-block,l-flex-three-block-c0,l-flex-three-block-c1,l-flex-three-block-c2,l-margin,l-three-block-c0,l-three-block-c1,l-three-block-c2,l-two-block,l-two-block-c0,l-two-block-c1,main-section,modal-close,modal-content,modal-inner,modal-window,object-fit,pt-column-control-inverted,responsive-bg,responsive-image,rich-text,section-header,tablesaw-enhanced,ui-accordion,ui-accordion-content,ui-accordion-header,ui-accordion-header-collapsed,ui-accordion-header-icon,ui-accordion-icons,ui-corner-all,ui-corner-bottom,ui-corner-top,ui-helper-reset,ui-icon,ui-state-default,ui-widget,ui-widget-content,wscd-split-feature-tile
media-centre|https://www.astrazeneca.com/media-centre/press-releases/2020/astrazeneca-advances-the-science-of-cancer-medicine-with-practice-changing-data-at-the-asco20-virtual-scientific-program.html#modal-historic-confirmation|archive-link-popup,block-wrapper,footer-component,hero-feature,l-constrained,l-margin,l-three-block-c0,l-three-block-c1,l-three-block-c2,main-section,modal-close,modal-content,modal-inner,modal-window,mode-stack,object-fit,pt-column-control-inverted,responsive-bg,rich-text,tablesaw-bar,tablesaw-enhanced,tablesaw-stack,ui-accordion,ui-accordion-content,ui-accordion-header,ui-accordion-header-collapsed,ui-accordion-header-icon,ui-accordion-icons,ui-corner-all,ui-corner-bottom,ui-corner-top,ui-helper-reset,ui-icon,ui-state-default,ui-widget,ui-widget-content
media-centre|https://www.astrazeneca.com/media-centre/press-releases/2025/h1-and-q2-2025.html|archive-link-popup,block-wrapper,download-tile,footer-component,hero-feature,l-constrained,l-margin,l-three-block-c0,l-three-block-c1,l-three-block-c2,main-section,modal-close,modal-content,modal-inner,modal-window,object-fit,pt-column-control-inverted,responsive-bg,rich-text,tablesaw-enhanced,ui-accordion,ui-accordion-content,ui-accordion-header,ui-accordion-header-collapsed,ui-accordion-header-icon,ui-accordion-icons,ui-corner-all,ui-corner-bottom,ui-corner-top,ui-helper-reset,ui-icon,ui-state-default,ui-widget,ui-widget-content
media-centre|https://www.astrazeneca.com/media-centre/press-releases/2019/fda-grants-fast-track-designation-for-farxiga-in-heart-failure.html#modal-historic-confirmation|archive-link-popup,block-wrapper,footer-component,hero-feature,l-constrained,l-margin,l-three-block-c0,l-three-block-c1,l-three-block-c2,main-section,modal-close,modal-content,modal-inner,modal-window,mode-stack,object-fit,pt-column-control-inverted,responsive-bg,rich-text,tablesaw-bar,tablesaw-enhanced,tablesaw-stack,ui-accordion,ui-accordion-content,ui-accordion-header,ui-accordion-header-collapsed,ui-accordion-header-icon,ui-accordion-icons,ui-corner-all,ui-corner-bottom,ui-corner-top,ui-helper-reset,ui-icon,ui-state-default,ui-widget,ui-widget-content
media-centre|https://www.astrazeneca.com/media-centre/press-releases/2024/dato-dxd-showed-median-overall-survival-of-146-months-in-patients-with-advanced-nsclc-in-tropion-lung01-phase-iii-trial.html|archive-link-popup,block-wrapper,footer-component,hero-feature,l-constrained,l-margin,l-three-block-c0,l-three-block-c1,l-three-block-c2,main-section,modal-close,modal-content,modal-inner,modal-window,mode-stack,object-fit,pt-column-control-inverted,responsive-bg,rich-text,tablesaw-bar,tablesaw-enhanced,tablesaw-stack,ui-accordion,ui-accordion-content,ui-accordion-header,ui-accordion-header-collapsed,ui-accordion-header-icon,ui-accordion-icons,ui-corner-all,ui-corner-bottom,ui-corner-top,ui-helper-reset,ui-icon,ui-state-default,ui-widget,ui-widget-content
media-centre|https://www.astrazeneca.com/media-centre/medical-releases/vaxzevria-73-effective-at-preventing-omicron-related-infections-after-fourth-dose-according-to-real-world-evidence-study-in-thailand.html#modal-historic-confirmation|archive-link-popup,block-wrapper,footer-component,hero-feature,l-constrained,l-margin,l-three-block-c0,l-three-block-c1,l-three-block-c2,main-section,modal-close,modal-content,modal-inner,modal-window,object-fit,pt-column-control-inverted,responsive-bg,rich-text,tablesaw-enhanced
media-centre|https://www.astrazeneca.com/media-centre/press-releases/2025/datroway-demonstrated-an-unprecedented-median-overall-survival-improvement-of-five-months-vs-chemotherapy-as-1st-line-treatment-for-patients-with-metastatic-triple-negative-breast-cancer-for-whom-immunotherapy-was-not-an-option-in-tropion-breast02.html|archive-link-popup,block-wrapper,footer-component,hero-feature,l-constrained,l-margin,l-three-block-c0,l-three-block-c1,l-three-block-c2,main-section,modal-close,modal-content,modal-inner,modal-window,mode-stack,object-fit,pt-column-control-inverted,responsive-bg,rich-text,tablesaw-bar,tablesaw-cell-content,tablesaw-cell-label,tablesaw-enhanced,tablesaw-stack,ui-accordion,ui-accordion-content,ui-accordion-header,ui-accordion-header-collapsed,ui-accordion-header-icon,ui-accordion-icons,ui-corner-all,ui-corner-bottom,ui-corner-top,ui-helper-reset,ui-icon,ui-state-default,ui-widget,ui-widget-content
media-centre|https://www.astrazeneca.com/media-centre/articles/2022/seven-pharma-ceos-announce-new-joint-action-to-accelerate-net-zero-healthcare.html#modal-historic-confirmation|archive-link-popup,block-wrapper,footer-component,hero-feature,l-constrained,l-margin,l-three-block-c0,l-three-block-c1,l-three-block-c2,main-section,modal-close,modal-content,modal-inner,modal-window,object-fit,pt-column-control-inverted,responsive-bg,rich-text,tablesaw-enhanced,ui-accordion,ui-accordion-content,ui-accordion-header,ui-accordion-header-collapsed,ui-accordion-header-icon,ui-accordion-icons,ui-corner-all,ui-corner-bottom,ui-corner-top,ui-helper-reset,ui-icon,ui-state-default,ui-widget,ui-widget-content
media-centre|https://www.astrazeneca.com/media-centre/press-releases/2024/voydeya-approved-in-us.html#modal-historic-confirmation|archive-link-popup,block-wrapper,footer-component,hero-feature,l-constrained,l-margin,l-three-block-c0,l-three-block-c1,l-three-block-c2,main-section,modal-close,modal-content,modal-inner,modal-window,object-fit,pt-column-control-inverted,responsive-bg,rich-text,tablesaw-enhanced
media-centre|https://www.astrazeneca.com/media-centre/press-releases/2022/tagrisso-demonstrated-5-year-median-disease-free-survival-in-the-adjuvant-treatment-of-patients-with-egfr-mutated-lung-cancer.html#modal-historic-confirmation|archive-link-popup,block-wrapper,footer-component,hero-feature,l-constrained,l-margin,l-three-block-c0,l-three-block-c1,l-three-block-c2,main-section,modal-close,modal-content,modal-inner,modal-window,mode-stack,object-fit,pt-column-control-inverted,responsive-bg,rich-text,tablesaw-bar,tablesaw-cell-content,tablesaw-cell-label,tablesaw-enhanced,tablesaw-stack
media-centre|https://www.astrazeneca.com/media-centre/press-releases/2024/9m-and-q3-2024-results.html|archive-link-popup,block-wrapper,download-tile,footer-component,hero-feature,l-constrained,l-margin,l-three-block-c0,l-three-block-c1,l-three-block-c2,main-section,modal-close,modal-content,modal-inner,modal-window,object-fit,pt-column-control-inverted,responsive-bg,rich-text,tablesaw-enhanced
media-centre|https://www.astrazeneca.com/media-centre/articles/accelerating-transition-electric-vehicles.html|archive-link-popup,block-wrapper,footer-component,hero-feature,image-replace,img-circle,jump-to-anchor,l-constrained,l-flex-three-block,l-flex-three-block-c0,l-flex-three-block-c1,l-flex-three-block-c2,l-margin,l-three-block-c0,l-three-block-c1,l-three-block-c2,l-three-block-wide,l-three-block-wide-c0,l-three-block-wide-c1,l-three-block-wide-c2,main-section,modal-close,modal-content,modal-inner,modal-window,object-fit,pt-column-control-inverted,responsive-bg,responsive-image,rich-text,section-header,show-more-wrapper,tablesaw-enhanced,ui-accordion,ui-accordion-content,ui-accordion-header,ui-accordion-header-collapsed,ui-accordion-header-icon,ui-accordion-icons,ui-corner-all,ui-corner-bottom,ui-corner-top,ui-helper-reset,ui-icon,ui-state-default,ui-widget,ui-widget-content,video-module,video-template,wscd-split-feature-tile
media-centre|https://www.astrazeneca.com/media-centre/press-releases/2020/farxiga-demonstrated-reduction-in-the-risk-of-kidney-failure-and-cardiovascular-or-renal-death-in-patients-with-ckd-in-the-phase-iii-dapa-ckd-trial.html#modal-historic-confirmation|archive-link-popup,block-wrapper,footer-component,hero-feature,l-constrained,l-margin,l-three-block-c0,l-three-block-c1,l-three-block-c2,l-two-block,l-two-block-c0,l-two-block-c1,main-section,modal-close,modal-content,modal-inner,modal-window,object-fit,pt-column-control-inverted,responsive-bg,rich-text,tablesaw-enhanced,ui-accordion,ui-accordion-content,ui-accordion-header,ui-accordion-header-collapsed,ui-accordion-header-icon,ui-accordion-icons,ui-corner-all,ui-corner-bottom,ui-corner-top,ui-helper-reset,ui-icon,ui-state-default,ui-widget,ui-widget-content
media-centre|https://www.astrazeneca.com/media-centre/articles/2024/embedding-sustainability-across-r-d-centres.html|archive-link-popup,block-wrapper,footer-component,hero-feature,image-replace,l-constrained,l-flex-three-block,l-flex-three-block-c0,l-flex-three-block-c1,l-flex-three-block-c2,l-margin,l-three-block-c0,l-three-block-c1,l-three-block-c2,l-two-block,l-two-block-c0,l-two-block-c1,main-section,modal-close,modal-content,modal-inner,modal-window,object-fit,pt-column-control-inverted,responsive-bg,responsive-image,rich-text,section-header,tablesaw-enhanced,ui-accordion,ui-accordion-content,ui-accordion-header,ui-accordion-header-collapsed,ui-accordion-header-icon,ui-accordion-icons,ui-corner-all,ui-corner-bottom,ui-corner-top,ui-helper-reset,ui-icon,ui-state-default,ui-widget,ui-widget-content,video-module,video-template,wscd-split-feature-tile
media-centre|https://www.astrazeneca.com/media-centre/press-releases/2024/astrazeneca-advances-ambition-to-improve-standards-of-care-in-multiple-cancer-types-at-wclc-and-esmo-2024.html|archive-link-popup,block-wrapper,footer-component,hero-feature,l-constrained,l-margin,l-three-block-c0,l-three-block-c1,l-three-block-c2,main-section,modal-close,modal-content,modal-inner,modal-window,mode-stack,object-fit,pt-column-control-inverted,responsive-bg,rich-text,tablesaw-bar,tablesaw-cell-content,tablesaw-cell-label,tablesaw-enhanced,tablesaw-stack,ui-accordion,ui-accordion-content,ui-accordion-header,ui-accordion-header-collapsed,ui-accordion-header-icon,ui-accordion-icons,ui-corner-all,ui-corner-bottom,ui-corner-top,ui-helper-reset,ui-icon,ui-state-default,ui-widget,ui-widget-content
media-centre|https://www.astrazeneca.com/media-centre/press-releases/2014/astrazeneca-respiratory-data-ats-2014-international-conference-12052014.html#modal-historic-confirmation|archive-link-popup,block-wrapper,footer-component,hero-feature,l-constrained,l-margin,l-three-block-c0,l-three-block-c1,l-three-block-c2,main-section,modal-close,modal-content,modal-inner,modal-window,mode-stack,object-fit,pt-column-control-inverted,responsive-bg,rich-text,tablesaw-bar,tablesaw-cell-content,tablesaw-cell-label,tablesaw-enhanced,tablesaw-stack,ui-accordion,ui-accordion-content,ui-accordion-header,ui-accordion-header-collapsed,ui-accordion-header-icon,ui-accordion-icons,ui-corner-all,ui-corner-bottom,ui-corner-top,ui-helper-reset,ui-icon,ui-state-default,ui-widget,ui-widget-content
media-centre|https://www.astrazeneca.com/media-centre/press-releases/2024/farxiga-approved-in-the-us-for-the-treatment-of-paediatric-type-2-diabetes.html|archive-link-popup,block-wrapper,footer-component,hero-feature,l-constrained,l-margin,l-three-block-c0,l-three-block-c1,l-three-block-c2,main-section,modal-close,modal-content,modal-inner,modal-window,object-fit,pt-column-control-inverted,responsive-bg,rich-text,tablesaw-enhanced
media-centre|https://www.astrazeneca.com/media-centre/press-releases/2024/enhertu-approved-in-the-us-as-first-tumour-agnostic-her2-directed-therapy-for-previously-treated-patients-with-metastatic-her2-positive-solid-tumours.html#modal-historic-confirmation|archive-link-popup,block-wrapper,footer-component,hero-feature,l-constrained,l-margin,l-three-block-c0,l-three-block-c1,l-three-block-c2,main-section,modal-close,modal-content,modal-inner,modal-window,object-fit,pt-column-control-inverted,responsive-bg,rich-text,tablesaw-enhanced
media-centre|https://www.astrazeneca.com/media-centre/press-releases/2020/brilinta-approved-in-the-us-in-stroke.html#modal-historic-confirmation|archive-link-popup,block-wrapper,footer-component,hero-feature,l-constrained,l-margin,l-three-block-c0,l-three-block-c1,l-three-block-c2,main-section,modal-close,modal-content,modal-inner,modal-window,object-fit,pt-column-control-inverted,responsive-bg,rich-text,tablesaw-enhanced,ui-accordion,ui-accordion-content,ui-accordion-header,ui-accordion-header-collapsed,ui-accordion-header-icon,ui-accordion-icons,ui-corner-all,ui-corner-bottom,ui-corner-top,ui-helper-reset,ui-icon,ui-state-default,ui-widget,ui-widget-content
media-centre|https://www.astrazeneca.com/media-centre/press-releases/2024/astrazeneca-to-acquire-amolyt.html#modal-historic-confirmation|archive-link-popup,block-wrapper,footer-component,hcp-popup,hero-feature,l-constrained,l-margin,l-three-block-c0,l-three-block-c1,l-three-block-c2,main-section,modal-close,modal-content,modal-inner,modal-window,object-fit,pt-column-control-inverted,responsive-bg,rich-text,tablesaw-enhanced
media-centre|https://www.astrazeneca.com/media-centre/medical-releases/astrazeneca-establishes-new-world-class-functional-genomics-laboratory-with-medical-research-council-and-the-milner-therapeutics-institute-at-the-university-of-cambridge.html#modal-historic-confirmation|archive-link-popup,block-wrapper,footer-component,hero-feature,l-constrained,l-margin,l-three-block-c0,l-three-block-c1,l-three-block-c2,main-section,modal-close,modal-content,modal-inner,modal-window,object-fit,pt-column-control-inverted,responsive-bg,rich-text,tablesaw-enhanced
media-centre|https://www.astrazeneca.com/media-centre/press-releases/2024/tagrisso-the-addition-chemotherapy-showed-favourable-trend-overall-survival-egfr-mutated-advanced-lung-cancer-further-follow-flaura2-phase-iii-trial.html#modal-historic-confirmation|archive-link-popup,block-wrapper,footer-component,hero-feature,l-constrained,l-margin,l-three-block-c0,l-three-block-c1,l-three-block-c2,main-section,modal-close,modal-content,modal-inner,modal-window,mode-stack,object-fit,pt-column-control-inverted,responsive-bg,rich-text,tablesaw-bar,tablesaw-cell-content,tablesaw-cell-label,tablesaw-enhanced,tablesaw-stack,ui-accordion,ui-accordion-content,ui-accordion-header,ui-accordion-header-collapsed,ui-accordion-header-icon,ui-accordion-icons,ui-corner-all,ui-corner-bottom,ui-corner-top,ui-helper-reset,ui-icon,ui-state-default,ui-widget,ui-widget-content
media-centre|https://www.astrazeneca.com/media-centre/articles/2024/AI-solutions-healthcare-emerging-markets.html|archive-link-popup,block-wrapper,footer-component,hero-feature,image-replace,img-circle,l-constrained,l-flex-three-block,l-flex-three-block-c0,l-flex-three-block-c1,l-flex-three-block-c2,l-margin,l-three-block-c0,l-three-block-c1,l-three-block-c2,l-two-block,l-two-block-c0,l-two-block-c1,main-section,modal-close,modal-content,modal-inner,modal-window,object-fit,pt-column-control-inverted,responsive-bg,responsive-image,rich-text,section-header,tablesaw-enhanced,wscd-split-feature-tile
media-centre|https://www.astrazeneca.com/media-centre/articles/2022/supporting-early-talent-inclusive-diverse-future-workforce.html#modal-historic-confirmation|archive-link-popup,block-wrapper,footer-component,hero-feature,image-replace,l-constrained,l-eight-block-center,l-eight-block-center-c0,l-flex-three-block,l-flex-three-block-c0,l-flex-three-block-c1,l-flex-three-block-c2,l-margin,l-three-block-c0,l-three-block-c1,l-three-block-c2,main-section,modal-close,modal-content,modal-inner,modal-window,object-fit,pt-column-control-inverted,responsive-bg,responsive-image,rich-text,section-header,tablesaw-enhanced,ui-accordion,ui-accordion-content,ui-accordion-header,ui-accordion-header-collapsed,ui-accordion-header-icon,ui-accordion-icons,ui-corner-all,ui-corner-bottom,ui-corner-top,ui-helper-reset,ui-icon,ui-state-default,ui-widget,ui-widget-content,video-module,video-template,wscd-split-feature-tile
media-centre|https://www.astrazeneca.com/media-centre/press-releases/2024/imfinzi-perioperative-regimen-reduced-risk-recurrence-by-32-risk-death-by-25-vs-neoadjuvant-chemotherapy-alone-in-mibc-niagara-phase-iii-trial.html|archive-link-popup,block-wrapper,footer-component,hero-feature,l-constrained,l-margin,l-three-block-c0,l-three-block-c1,l-three-block-c2,main-section,modal-close,modal-content,modal-inner,modal-window,mode-stack,object-fit,pt-column-control-inverted,responsive-bg,rich-text,tablesaw-bar,tablesaw-cell-content,tablesaw-cell-label,tablesaw-enhanced,tablesaw-stack,ui-accordion,ui-accordion-content,ui-accordion-header,ui-accordion-header-collapsed,ui-accordion-header-icon,ui-accordion-icons,ui-corner-all,ui-corner-bottom,ui-corner-top,ui-helper-reset,ui-icon,ui-state-default,ui-widget,ui-widget-content
media-centre|https://www.astrazeneca.com/media-centre/medical-releases/large-real-world-evidence-studies-reveal-disproportionate-burden-of-covid-19-on-the-immunocompromised.html#modal-historic-confirmation|archive-link-popup,block-wrapper,footer-component,hero-feature,l-constrained,l-margin,l-three-block-c0,l-three-block-c1,l-three-block-c2,main-section,modal-close,modal-content,modal-inner,modal-window,object-fit,pt-column-control-inverted,responsive-bg,rich-text,tablesaw-enhanced
media-centre|https://www.astrazeneca.com/media-centre/press-releases/2025/astrazeneca-to-harmonise-its-listing-structure-across-the-london-stock-exchange-nasdaq-stockholm-and-new-york-stock-exchange.html|archive-link-popup,block-wrapper,footer-component,hero-feature,l-constrained,l-margin,l-three-block-c0,l-three-block-c1,l-three-block-c2,main-section,modal-close,modal-content,modal-inner,modal-window,object-fit,pt-column-control-inverted,responsive-bg,rich-text,tablesaw-enhanced
media-centre|https://www.astrazeneca.com/media-centre/press-releases/2014/astrazeneca-oncology-pipeline-acceleration-asco-2014-14052014.html#modal-historic-confirmation|archive-link-popup,block-wrapper,footer-component,hero-feature,l-constrained,l-margin,l-three-block-c0,l-three-block-c1,l-three-block-c2,main-section,modal-close,modal-content,modal-inner,modal-window,mode-stack,object-fit,pt-column-control-inverted,responsive-bg,rich-text,tablesaw-bar,tablesaw-cell-content,tablesaw-cell-label,tablesaw-enhanced,tablesaw-stack,ui-accordion,ui-accordion-content,ui-accordion-header,ui-accordion-header-collapsed,ui-accordion-header-icon,ui-accordion-icons,ui-corner-all,ui-corner-bottom,ui-corner-top,ui-helper-reset,ui-icon,ui-state-default,ui-widget,ui-widget-content
media-centre|https://www.astrazeneca.com/media-centre/press-releases/2025/enhertu-plus-pertuzumab-granted-priority-review-us-1st-line-treatment-patients-with-her2-positive-metastatic-breast-cancer.html|archive-link-popup,block-wrapper,footer-component,hero-feature,l-constrained,l-margin,l-three-block-c0,l-three-block-c1,l-three-block-c2,main-section,modal-close,modal-content,modal-inner,modal-window,object-fit,pt-column-control-inverted,responsive-bg,rich-text,tablesaw-enhanced
media-centre|https://www.astrazeneca.com/media-centre/press-releases/2025/update-on-capitello-280-phase-iii-trial.html|archive-link-popup,block-wrapper,footer-component,hero-feature,l-constrained,l-margin,l-three-block-c0,l-three-block-c1,l-three-block-c2,main-section,modal-close,modal-content,modal-inner,modal-window,object-fit,pt-column-control-inverted,responsive-bg,rich-text,tablesaw-enhanced
media-centre|https://www.astrazeneca.com/media-centre/articles/2024/world-environment-day-restoring-protecting-land-future.html|archive-link-popup,block-wrapper,footer-component,hero-feature,image-replace,l-constrained,l-flex-three-block,l-flex-three-block-c0,l-flex-three-block-c1,l-flex-three-block-c2,l-margin,l-three-block-c0,l-three-block-c1,l-three-block-c2,l-three-block-wide,l-three-block-wide-c0,l-three-block-wide-c1,l-three-block-wide-c2,l-two-block,l-two-block-c0,l-two-block-c1,main-section,modal-close,modal-content,modal-inner,modal-window,object-fit,pt-column-control-inverted,responsive-bg,responsive-image,rich-text,section-header,tablesaw-enhanced,ui-accordion,ui-accordion-content,ui-accordion-header,ui-accordion-header-collapsed,ui-accordion-header-icon,ui-accordion-icons,ui-corner-all,ui-corner-bottom,ui-corner-top,ui-helper-reset,ui-icon,ui-state-default,ui-widget,ui-widget-content,video-module,video-template,wscd-split-feature-tile
media-centre|https://www.astrazeneca.com/media-centre/press-releases/2025/imfinzi-approved-in-the-us-for-bladder-cancer.html|archive-link-popup,block-wrapper,footer-component,hero-feature,l-constrained,l-margin,l-three-block-c0,l-three-block-c1,l-three-block-c2,main-section,modal-close,modal-content,modal-inner,modal-window,object-fit,pt-column-control-inverted,responsive-bg,rich-text,tablesaw-enhanced,ui-accordion,ui-accordion-content,ui-accordion-header,ui-accordion-header-collapsed,ui-accordion-header-icon,ui-accordion-icons,ui-corner-all,ui-corner-bottom,ui-corner-top,ui-helper-reset,ui-icon,ui-state-default,ui-widget,ui-widget-content
media-centre|https://www.astrazeneca.com/media-centre/press-releases/2025/new-study-results-reinforce-tagrisso-as-the-backbone-therapy-for-egfr-mutated-lung-cancer-across-stages-and-settings.html|archive-link-popup,block-wrapper,footer-component,hero-feature,l-constrained,l-margin,l-three-block-c0,l-three-block-c1,l-three-block-c2,main-section,modal-close,modal-content,modal-inner,modal-window,object-fit,pt-column-control-inverted,responsive-bg,rich-text,tablesaw-enhanced
media-centre|https://www.astrazeneca.com/media-centre/press-releases/2022/imfinzi-plus-chemotherapy-reduced-risk-of-death-by-20-in-1st-line-advanced-biliary-tract-cancer.html#modal-historic-confirmation|archive-link-popup,block-wrapper,footer-component,hero-feature,l-constrained,l-margin,l-three-block-c0,l-three-block-c1,l-three-block-c2,main-section,modal-close,modal-content,modal-inner,modal-window,mode-stack,object-fit,pt-column-control-inverted,responsive-bg,rich-text,tablesaw-bar,tablesaw-enhanced,tablesaw-stack
media-centre|https://www.astrazeneca.com/media-centre/press-releases/2024/fasenra-recommended-for-eu-approval-in-egpa.html|archive-link-popup,block-wrapper,footer-component,hero-feature,l-constrained,l-margin,l-three-block-c0,l-three-block-c1,l-three-block-c2,main-section,modal-close,modal-content,modal-inner,modal-window,object-fit,pt-column-control-inverted,responsive-bg,rich-text,tablesaw-enhanced
media-centre|https://www.astrazeneca.com/media-centre/press-releases/2020/brilinta-approved-in-the-us-to-reduce-the-risk-of-a-first-heart-attack-or-stroke-in-high-risk-patients-with-coronary-artery-disease.html#modal-historic-confirmation|archive-link-popup,block-wrapper,footer-component,hero-feature,l-constrained,l-margin,l-three-block-c0,l-three-block-c1,l-three-block-c2,main-section,modal-close,modal-content,modal-inner,modal-window,object-fit,pt-column-control-inverted,responsive-bg,rich-text,tablesaw-enhanced,ui-accordion,ui-accordion-content,ui-accordion-header,ui-accordion-header-collapsed,ui-accordion-header-icon,ui-accordion-icons,ui-corner-all,ui-corner-bottom,ui-corner-top,ui-helper-reset,ui-icon,ui-state-default,ui-widget,ui-widget-content
media-centre|https://www.astrazeneca.com/media-centre/medical-releases.html|archive-link-popup,az-filter-items,block-wrapper,footer-component,hero-header,image-panel-feature,l-constrained,l-margin,l-one-block,l-one-block-c0,l-three-block,l-three-block-c0,l-three-block-c1,l-three-block-c2,main-section,modal-close,modal-content,modal-inner,modal-window,ng-scope,object-fit,promo-tiles-v2,pt-column-control-inverted,publications-list,responsive-bg,rich-text,tablesaw-enhanced
media-centre|https://www.astrazeneca.com/media-centre/press-releases/2020/brilinta-significantly-reduced-the-rate-of-the-composite-of-stroke-and-death-in-patients.html#modal-historic-confirmation|archive-link-popup,block-wrapper,footer-component,hero-feature,image-replace,l-constrained,l-margin,l-three-block-c0,l-three-block-c1,l-three-block-c2,l-three-block-wide,l-three-block-wide-c0,l-three-block-wide-c1,l-three-block-wide-c2,l-two-block,l-two-block-c0,l-two-block-c1,main-section,modal-close,modal-content,modal-inner,modal-window,object-fit,pt-column-control-inverted,responsive-bg,responsive-image,rich-text,tablesaw-enhanced,ui-accordion,ui-accordion-content,ui-accordion-header,ui-accordion-header-collapsed,ui-accordion-header-icon,ui-accordion-icons,ui-corner-all,ui-corner-bottom,ui-corner-top,ui-helper-reset,ui-icon,ui-state-default,ui-widget,ui-widget-content
media-centre|https://www.astrazeneca.com/media-centre/press-releases/2019/us-fda-grants-breakthrough-therapy-designation-for-potential-next-generation-rsv-medicine-medi8897.html#modal-historic-confirmation|archive-link-popup,block-wrapper,footer-component,hero-feature,l-constrained,l-margin,l-three-block-c0,l-three-block-c1,l-three-block-c2,main-section,modal-close,modal-content,modal-inner,modal-window,mode-stack,object-fit,pt-column-control-inverted,responsive-bg,rich-text,tablesaw-bar,tablesaw-enhanced,tablesaw-stack
media-centre|https://www.astrazeneca.com/media-centre/medical-releases/eplontersen-phase-iii-results-published-in-jama.html#modal-historic-confirmation|archive-link-popup,block-wrapper,footer-component,hero-feature,l-constrained,l-margin,l-three-block-c0,l-three-block-c1,l-three-block-c2,main-section,modal-close,modal-content,modal-inner,modal-window,object-fit,pt-column-control-inverted,responsive-bg,rich-text,tablesaw-enhanced
media-centre|https://www.astrazeneca.com/media-centre/press-releases/2024/lynparza-and-imfinzi-demonstrated-strong-clinical-benefit-and-more-than-doubled-median-duration-of-response-vs-chemotherapy.html#modal-historic-confirmation|archive-link-popup,block-wrapper,footer-component,hero-feature,l-constrained,l-margin,l-three-block-c0,l-three-block-c1,l-three-block-c2,main-section,modal-close,modal-content,modal-inner,modal-window,mode-stack,object-fit,pt-column-control-inverted,responsive-bg,rich-text,tablesaw-bar,tablesaw-cell-content,tablesaw-cell-label,tablesaw-enhanced,tablesaw-stack,ui-accordion,ui-accordion-content,ui-accordion-header,ui-accordion-header-collapsed,ui-accordion-header-icon,ui-accordion-icons,ui-corner-all,ui-corner-bottom,ui-corner-top,ui-helper-reset,ui-icon,ui-state-default,ui-widget,ui-widget-content
media-centre|https://www.astrazeneca.com/media-centre/medical-releases/vaxzevria-highly-effective-at-preventing-covid-19-severe-outcomes-and-death.html#modal-historic-confirmation|archive-link-popup,block-wrapper,footer-component,hero-feature,l-constrained,l-margin,l-three-block-c0,l-three-block-c1,l-three-block-c2,main-section,modal-close,modal-content,modal-inner,modal-window,object-fit,pt-column-control-inverted,responsive-bg,rich-text,tablesaw-enhanced
media-centre|https://www.astrazeneca.com/media-centre/press-releases/2025/statistically-significant-clinically-meaningful-batura-phase-iii-trial-provide-evidence-airsupra-standard-care-as-needed-rescue-treatment-asthma.html|archive-link-popup,block-wrapper,footer-component,hero-feature,l-constrained,l-margin,l-three-block-c0,l-three-block-c1,l-three-block-c2,main-section,modal-close,modal-content,modal-inner,modal-window,mode-stack,object-fit,pt-column-control-inverted,responsive-bg,rich-text,tablesaw-bar,tablesaw-enhanced,tablesaw-stack
media-centre|https://www.astrazeneca.com/media-centre/press-releases/2024/q1-2024-results.html|archive-link-popup,block-wrapper,download-tile,footer-component,hero-feature,l-constrained,l-margin,l-three-block-c0,l-three-block-c1,l-three-block-c2,main-section,modal-close,modal-content,modal-inner,modal-window,object-fit,pt-column-control-inverted,responsive-bg,rich-text,tablesaw-enhanced
media-centre|https://www.astrazeneca.com/media-centre/press-releases/2024/imfinzi-approved-in-us-for-limited-stage-sclc.html|archive-link-popup,block-wrapper,footer-component,hero-feature,l-constrained,l-margin,l-three-block-c0,l-three-block-c1,l-three-block-c2,main-section,modal-close,modal-content,modal-inner,modal-window,object-fit,pt-column-control-inverted,responsive-bg,rich-text,tablesaw-enhanced,ui-accordion,ui-accordion-content,ui-accordion-header,ui-accordion-header-collapsed,ui-accordion-header-icon,ui-accordion-icons,ui-corner-all,ui-corner-bottom,ui-corner-top,ui-helper-reset,ui-icon,ui-state-default,ui-widget,ui-widget-content
media-centre|https://www.astrazeneca.com/media-centre/articles/2024/accelerating-transition-renewables-decarbonise-medicines-manufacturing-china.html#modal-historic-confirmation|archive-link-popup,block-wrapper,footer-component,hero-feature,image-replace,l-constrained,l-flex-three-block,l-flex-three-block-c0,l-flex-three-block-c1,l-flex-three-block-c2,l-margin,l-three-block-c0,l-three-block-c1,l-three-block-c2,main-section,modal-close,modal-content,modal-inner,modal-window,object-fit,pt-column-control-inverted,responsive-bg,responsive-image,rich-text,section-header,tablesaw-enhanced,ui-accordion,ui-accordion-content,ui-accordion-header,ui-accordion-header-collapsed,ui-accordion-header-icon,ui-accordion-icons,ui-corner-all,ui-corner-bottom,ui-corner-top,ui-helper-reset,ui-icon,ui-state-default,ui-widget,ui-widget-content,wscd-split-feature-tile
media-centre|https://www.astrazeneca.com/media-centre/press-releases/2024/datopotamab-deruxtecan-granted-breakthrough-therapy-designation-us-patients-previously-treated-advanced-egfr-mutated-non-small-cell-lung-cancer.html|archive-link-popup,block-wrapper,footer-component,hero-feature,l-constrained,l-margin,l-three-block-c0,l-three-block-c1,l-three-block-c2,main-section,modal-close,modal-content,modal-inner,modal-window,object-fit,pt-column-control-inverted,responsive-bg,rich-text,tablesaw-enhanced,ui-accordion,ui-accordion-content,ui-accordion-header,ui-accordion-header-collapsed,ui-accordion-header-icon,ui-accordion-icons,ui-corner-all,ui-corner-bottom,ui-corner-top,ui-helper-reset,ui-icon,ui-state-default,ui-widget,ui-widget-content
media-centre|https://www.astrazeneca.com/media-centre/press-releases/2025/baxdrostat-new-drug-application-accepted-under-fda-priority-review-in-the-us-for-patients-with-hard-to-control-hypertension.html|archive-link-popup,block-wrapper,footer-component,hero-feature,l-constrained,l-margin,l-three-block-c0,l-three-block-c1,l-three-block-c2,main-section,modal-close,modal-content,modal-inner,modal-window,object-fit,pt-column-control-inverted,responsive-bg,rich-text,tablesaw-enhanced
media-centre|https://www.astrazeneca.com/media-centre/medical-releases/archive.html|archive-link-popup,block-wrapper,content-tile,footer-component,hero-header,image-panel-feature,l-constrained,l-one-block,l-one-block-c0,l-three-block,l-three-block-c0,l-three-block-c1,l-three-block-c2,main-section,modal-close,modal-content,modal-inner,modal-window,object-fit,promo-tiles-v2,pt-column-control-inverted,responsive-bg,rich-text,tablesaw-enhanced,ui-button,ui-corner-all,ui-corner-bottom,ui-front,ui-icon,ui-menu,ui-menu-disabled,ui-selectmenu-button,ui-selectmenu-button-closed,ui-selectmenu-disabled,ui-selectmenu-icon,ui-selectmenu-menu,ui-selectmenu-text,ui-state-disabled,ui-widget,ui-widget-content
media-centre|https://www.astrazeneca.com/media-centre/press-releases/2023/wainua-eplontersen-granted-first-ever-regulatory-approval-us-treatment-of-adults-with-polyneuropathy-hereditary-transthyretin-mediated-amyloidosis.html#modal-historic-confirmation|archive-link-popup,block-wrapper,footer-component,hero-feature,l-constrained,l-margin,l-three-block-c0,l-three-block-c1,l-three-block-c2,main-section,modal-close,modal-content,modal-inner,modal-window,object-fit,pt-column-control-inverted,responsive-bg,rich-text,tablesaw-enhanced
media-centre|https://www.astrazeneca.com/media-centre/press-releases/2025/fixed-duration-calquence-approved-in-eu-for-1l-cll.html#:~:text=The%20approval%20by%20the%20European,New%20England%20Journal%20of%20Medicine.|archive-link-popup,block-wrapper,footer-component,hero-feature,l-constrained,l-margin,l-three-block-c0,l-three-block-c1,l-three-block-c2,main-section,modal-close,modal-content,modal-inner,modal-window,object-fit,pt-column-control-inverted,responsive-bg,rich-text,tablesaw-enhanced,ui-accordion,ui-accordion-content,ui-accordion-header,ui-accordion-header-collapsed,ui-accordion-header-icon,ui-accordion-icons,ui-corner-all,ui-corner-bottom,ui-corner-top,ui-helper-reset,ui-icon,ui-state-default,ui-widget,ui-widget-content
media-centre|https://www.astrazeneca.com/media-centre/press-releases/2026/imfinzi-recommended-in-eu-for-early-gastric-cancer.html|archive-link-popup,block-wrapper,footer-component,hero-feature,l-constrained,l-margin,l-three-block-c0,l-three-block-c1,l-three-block-c2,main-section,modal-close,modal-content,modal-inner,modal-window,object-fit,pt-column-control-inverted,responsive-bg,rich-text,tablesaw-enhanced
media-centre|https://www.astrazeneca.com/media-centre/press-releases/2025/baxdrostat-met-primary-and-all-secondary-endpts-in-baxhtn-phiii-trial.html|archive-link-popup,block-wrapper,footer-component,hero-feature,l-constrained,l-margin,l-three-block-c0,l-three-block-c1,l-three-block-c2,main-section,modal-close,modal-content,modal-inner,modal-window,object-fit,pt-column-control-inverted,responsive-bg,rich-text,tablesaw-enhanced
media-centre|https://www.astrazeneca.com/media-centre/press-releases/2022/tagrisso-plus-savolitinib-demonstrated-49-objective-response-rate-in-lung-cancer-patients-in-savannah-phase-ii-trial.html#modal-historic-confirmation|archive-link-popup,block-wrapper,footer-component,hero-feature,l-constrained,l-margin,l-three-block-c0,l-three-block-c1,l-three-block-c2,main-section,modal-close,modal-content,modal-inner,modal-window,mode-stack,object-fit,pt-column-control-inverted,responsive-bg,rich-text,tablesaw-bar,tablesaw-cell-content,tablesaw-cell-label,tablesaw-enhanced,tablesaw-stack
media-centre|https://www.astrazeneca.com/media-centre/press-releases/2025/calquence-combination-approved-in-us-for-1l-mcl.html|archive-link-popup,block-wrapper,footer-component,hero-feature,l-constrained,l-margin,l-three-block-c0,l-three-block-c1,l-three-block-c2,main-section,modal-close,modal-content,modal-inner,modal-window,object-fit,pt-column-control-inverted,responsive-bg,rich-text,tablesaw-enhanced,ui-accordion,ui-accordion-content,ui-accordion-header,ui-accordion-header-collapsed,ui-accordion-header-icon,ui-accordion-icons,ui-corner-all,ui-corner-bottom,ui-corner-top,ui-helper-reset,ui-icon,ui-state-default,ui-widget,ui-widget-content
media-centre|https://www.astrazeneca.com/media-centre/press-releases.html|archive-link-popup,az-filter-items,block-wrapper,cmp-form-recaptcha,email-signup,footer-component,g-recaptcha,g-recaptcha-response,grecaptcha-badge,grecaptcha-error,grecaptcha-logo,hero-header,image-panel-feature,l-constrained,l-four-block,l-four-block-c0,l-four-block-c1,l-four-block-c2,l-four-block-c3,l-margin,l-one-block,l-one-block-c0,main-section,modal-close,modal-content,modal-inner,modal-window,ng-scope,object-fit,promo-tiles-v2,pt-column-control-inverted,publications-list,responsive-bg,rich-text,signup-content,submit-captcha-btn,tablesaw-enhanced
media-centre|https://www.astrazeneca.com/media-centre/social-media-community-guidelines.html|archive-link-popup,block-wrapper,footer-component,image-replace,img-circle,l-constrained,l-eight-block-center,l-eight-block-center-c0,l-flex-three-block,l-flex-three-block-c0,l-flex-three-block-c1,l-flex-three-block-c2,l-flex-two-block,l-flex-two-block-c0,l-flex-two-block-c1,l-margin,main-section,modal-close,modal-content,modal-inner,modal-window,object-fit,promo-tiles,pt-column-control-inverted,responsive-image,rich-header,rich-text,tablesaw-enhanced,ui-accordion,ui-accordion-content,ui-accordion-header,ui-accordion-header-collapsed,ui-accordion-header-icon,ui-accordion-icons,ui-corner-all,ui-corner-bottom,ui-corner-top,ui-helper-reset,ui-icon,ui-state-default,ui-widget,ui-widget-content
media-centre|https://www.astrazeneca.com/media-centre/press-releases/2024/tagrisso-addition-chemotherapy-approved-japan-new-first-line-treatment-patients-egfr-mutated-advanced-lung-cancer.html|archive-link-popup,block-wrapper,footer-component,hero-feature,l-constrained,l-margin,l-three-block-c0,l-three-block-c1,l-three-block-c2,main-section,modal-close,modal-content,modal-inner,modal-window,object-fit,pt-column-control-inverted,responsive-bg,rich-text,tablesaw-enhanced
media-centre|https://www.astrazeneca.com/media-centre/press-releases/2024/astrazeneca-announces-the-completion-of-the-clinical-programme-to-support-the-transition-of-breztri-to-next-generation-propellant-with-near-zero-global-warming-potential.html|archive-link-popup,block-wrapper,footer-component,hero-feature,l-constrained,l-margin,l-three-block-c0,l-three-block-c1,l-three-block-c2,main-section,modal-close,modal-content,modal-inner,modal-window,object-fit,pt-column-control-inverted,responsive-bg,rich-text,tablesaw-enhanced,ui-accordion,ui-accordion-content,ui-accordion-header,ui-accordion-header-collapsed,ui-accordion-header-icon,ui-accordion-icons,ui-corner-all,ui-corner-bottom,ui-corner-top,ui-helper-reset,ui-icon,ui-state-default,ui-widget,ui-widget-content
media-centre|https://www.astrazeneca.com/media-centre/press-releases/2025/saphnelo-approved-in-the-eu-for-subcutaneous-self-administration-as-a-new-pre-filled-pen-for-systemic-lupus-erythematosus.html|archive-link-popup,block-wrapper,footer-component,hero-feature,l-constrained,l-margin,l-three-block-c0,l-three-block-c1,l-three-block-c2,main-section,modal-close,modal-content,modal-inner,modal-window,object-fit,pt-column-control-inverted,responsive-bg,rich-text,tablesaw-enhanced
media-centre|https://www.astrazeneca.com/media-centre/press-releases/2024/sipavibart-ema-regulatory-submission-accepted-under-accelerated-assessment-for-covid-19-prevention.html|archive-link-popup,block-wrapper,footer-component,hero-feature,l-constrained,l-margin,l-three-block-c0,l-three-block-c1,l-three-block-c2,main-section,modal-close,modal-content,modal-inner,modal-window,object-fit,pt-column-control-inverted,responsive-bg,rich-text,tablesaw-enhanced
media-centre|https://www.astrazeneca.com/media-centre/press-releases/2019/anifrolumab-demonstrated-superiority-across-multiple-efficacy-endpoints-in-patients-with-systemic-lupus-erythematosus-in-phase-iii-tulip-2-trial.html#modal-historic-confirmation|archive-link-popup,block-wrapper,footer-component,hero-feature,l-constrained,l-margin,l-three-block-c0,l-three-block-c1,l-three-block-c2,main-section,modal-close,modal-content,modal-inner,modal-window,mode-stack,object-fit,pt-column-control-inverted,responsive-bg,rich-text,tablesaw-bar,tablesaw-enhanced,tablesaw-stack,ui-accordion,ui-accordion-content,ui-accordion-header,ui-accordion-header-collapsed,ui-accordion-header-icon,ui-accordion-icons,ui-corner-all,ui-corner-bottom,ui-corner-top,ui-helper-reset,ui-icon,ui-state-default,ui-widget,ui-widget-content
media-centre|https://www.astrazeneca.com/media-centre/articles/2023/global-healthcare-leaders-advance-sector-decarbonisation-cop28.html#modal-historic-confirmation|archive-link-popup,block-wrapper,content-tile,footer-component,hero-feature,image-replace,l-constrained,l-margin,l-three-block-c0,l-three-block-c1,l-three-block-c2,main-section,modal-close,modal-content,modal-inner,modal-window,object-fit,pt-column-control-inverted,responsive-bg,responsive-image,rich-text,section-header,tablesaw-enhanced,ui-accordion,ui-accordion-content,ui-accordion-header,ui-accordion-header-collapsed,ui-accordion-header-icon,ui-accordion-icons,ui-corner-all,ui-corner-bottom,ui-corner-top,ui-helper-reset,ui-icon,ui-state-default,ui-widget,ui-widget-content,video-module,video-template
media-centre|https://www.astrazeneca.com/media-centre/medical-releases/lokelma-label-update-approved-in-china-for-patients-with-hyperka.html#modal-historic-confirmation|archive-link-popup,block-wrapper,footer-component,hero-feature,l-constrained,l-margin,l-three-block-c0,l-three-block-c1,l-three-block-c2,main-section,modal-close,modal-content,modal-inner,modal-window,object-fit,pt-column-control-inverted,responsive-bg,rich-text,tablesaw-enhanced
media-centre|https://www.astrazeneca.com/media-centre/press-releases/2026/astrazeneca-agrees-obesity-and-t2d-deal-with-cspc.html|archive-link-popup,block-wrapper,footer-component,hero-feature,l-constrained,l-margin,l-three-block-c0,l-three-block-c1,l-three-block-c2,main-section,modal-close,modal-content,modal-inner,modal-window,object-fit,pt-column-control-inverted,responsive-bg,rich-text,tablesaw-enhanced
media-centre|https://www.astrazeneca.com/media-centre/press-releases/2018/astrazeneca-to-divest-us-synagis-rights-to-sobi131120180.html#modal-historic-confirmation|archive-link-popup,block-wrapper,footer-component,hero-feature,l-constrained,l-margin,l-three-block-c0,l-three-block-c1,l-three-block-c2,main-section,modal-close,modal-content,modal-inner,modal-window,mode-stack,object-fit,pt-column-control-inverted,responsive-bg,rich-text,tablesaw-bar,tablesaw-enhanced,tablesaw-stack
media-centre|https://www.astrazeneca.com/media-centre/press-releases/2021/azd7442-prophylaxis-trial-met-primary-endpoint.html#modal-historic-confirmation|archive-link-popup,block-wrapper,footer-component,hero-feature,l-constrained,l-margin,l-three-block-c0,l-three-block-c1,l-three-block-c2,main-section,modal-close,modal-content,modal-inner,modal-window,object-fit,pt-column-control-inverted,responsive-bg,rich-text,tablesaw-enhanced,ui-accordion,ui-accordion-content,ui-accordion-header,ui-accordion-header-collapsed,ui-accordion-header-icon,ui-accordion-icons,ui-corner-all,ui-corner-bottom,ui-corner-top,ui-helper-reset,ui-icon,ui-state-default,ui-widget,ui-widget-content
media-centre|https://www.astrazeneca.com/media-centre/medical-releases/vaxzevria-shown-in-expert-review-to-provide-equally-effective-protection-against-covid-19.html#modal-historic-confirmation|archive-link-popup,block-wrapper,footer-component,hero-feature,l-constrained,l-margin,l-three-block-c0,l-three-block-c1,l-three-block-c2,main-section,modal-close,modal-content,modal-inner,modal-window,object-fit,pt-column-control-inverted,responsive-bg,rich-text,tablesaw-enhanced,ui-accordion,ui-accordion-content,ui-accordion-header,ui-accordion-header-collapsed,ui-accordion-header-icon,ui-accordion-icons,ui-corner-all,ui-corner-bottom,ui-corner-top,ui-helper-reset,ui-icon,ui-state-default,ui-widget,ui-widget-content
media-centre|https://www.astrazeneca.com/media-centre/articles/2023/putting-health-at-the-heart-of-cop28.html#modal-historic-confirmation|archive-link-popup,block-wrapper,footer-component,hero-feature,image-replace,l-constrained,l-eight-block-center,l-eight-block-center-c0,l-flex-three-block,l-flex-three-block-c0,l-flex-three-block-c1,l-flex-three-block-c2,l-margin,l-three-block-c0,l-three-block-c1,l-three-block-c2,main-section,modal-close,modal-content,modal-inner,modal-window,object-fit,pt-column-control-inverted,responsive-bg,responsive-image,rich-text,section-header,tablesaw-enhanced,video-module,video-template,wscd-split-feature-tile
media-centre|https://www.astrazeneca.com/media-centre/medical-releases/evusheld-long-acting-antibody-combination-retains-neutralising-activity-against-omicron-variants-including-ba2-in-new-independent-studies.html#modal-historic-confirmation|archive-link-popup,block-wrapper,footer-component,hero-feature,l-constrained,l-margin,l-three-block-c0,l-three-block-c1,l-three-block-c2,main-section,modal-close,modal-content,modal-inner,modal-window,object-fit,pt-column-control-inverted,responsive-bg,rich-text,tablesaw-enhanced,ui-accordion,ui-accordion-content,ui-accordion-header,ui-accordion-header-collapsed,ui-accordion-header-icon,ui-accordion-icons,ui-corner-all,ui-corner-bottom,ui-corner-top,ui-helper-reset,ui-icon,ui-state-default,ui-widget,ui-widget-content
our-company|https://www.astrazeneca.com/our-company/our-people/qing-dong-wang.html|archive-link-popup,block-wrapper,footer-component,image-panel-feature,image-replace,img-circle,l-constrained,l-eight-block-center,l-eight-block-center-c0,l-flex-three-block,l-flex-three-block-c0,l-flex-three-block-c1,l-flex-three-block-c2,l-margin,l-one-block,l-one-block-c0,l-padded,l-three-block,l-three-block-c0,l-three-block-c1,l-three-block-c2,main-section,media-text-link,media-text-link-list,media-text-link-list-item,modal-close,modal-content,modal-inner,modal-window,object-fit,pt-column-control-inverted,responsive-bg,responsive-image,rich-header,rich-text,show-more-wrapper,social-title,tablesaw-enhanced,ui-accordion,ui-accordion-content,ui-accordion-header,ui-accordion-header-collapsed,ui-accordion-header-icon,ui-accordion-icons,ui-accordion-tagging,ui-corner-all,ui-corner-bottom,ui-corner-top,ui-helper-reset,ui-icon,ui-state-default,ui-widget,ui-widget-content
our-company|https://www.astrazeneca.com/our-company/our-locations/gothenburg.html|archive-link-popup,block-wrapper,carousel-full-bleed,carousel-outer-wrapper,footer-component,image-replace,l-constrained,l-flex-three-block,l-flex-three-block-c0,l-flex-three-block-c1,l-flex-three-block-c2,l-margin,l-one-block,l-one-block-c0,link-image-panel-v2,main-section,modal-close,modal-content,modal-inner,modal-window,object-fit,pt-column-control-inverted,responsive-image,rich-header,rich-text,section-header,slick-active,slick-arrow,slick-current,slick-disabled,slick-initialized,slick-list,slick-next,slick-prev,slick-slide,slick-slider,slick-track,tablesaw-enhanced,video-module,video-template
our-company|https://www.astrazeneca.com/our-company/contact-us.html|archive-link-popup,block-wrapper,contact-tile,footer-component,generic-tabs,hero-header,l-constrained,l-one-block,l-padded,l-three-block,l-three-block-c0,l-three-block-c1,l-three-block-c2,main-section,modal-close,modal-content,modal-inner,modal-window,object-fit,pt-column-control-inverted,rich-text,tablesaw-enhanced
our-company|https://www.astrazeneca.com/our-company/our-people/slave-petrovski.html|archive-link-popup,block-wrapper,footer-component,image-replace,img-circle,l-constrained,l-eight-block-center,l-eight-block-center-c0,l-flex-two-block,l-flex-two-block-c0,l-flex-two-block-c1,l-margin,main-section,modal-close,modal-content,modal-inner,modal-window,object-fit,pt-column-control-inverted,responsive-bg,responsive-image,rich-text,show-more-wrapper,social-title,tablesaw-enhanced,ui-accordion,ui-accordion-content,ui-accordion-header,ui-accordion-header-collapsed,ui-accordion-header-icon,ui-accordion-icons,ui-accordion-tagging,ui-corner-all,ui-corner-bottom,ui-corner-top,ui-helper-reset,ui-icon,ui-state-default,ui-widget,ui-widget-content
our-company|https://www.astrazeneca.com/our-company/our-people/biopharmaceuticals.html|archive-link-popup,block-wrapper,footer-component,image-panel-feature,image-replace,img-circle,l-constrained,l-eight-block-center,l-eight-block-center-c0,l-flex-four-block,l-flex-four-block-c0,l-flex-four-block-c1,l-flex-four-block-c2,l-flex-four-block-c3,l-margin,l-one-block,l-one-block-c0,l-padded,l-three-block-wide,l-three-block-wide-c0,l-three-block-wide-c1,l-three-block-wide-c2,main-section,media-text-link,media-text-link-list,media-text-link-list-item,modal-close,modal-content,modal-inner,modal-window,object-fit,pt-column-control-inverted,responsive-bg,responsive-image,rich-header,rich-text,show-more-wrapper,social-title,tablesaw-enhanced,ui-accordion,ui-accordion-content,ui-accordion-header,ui-accordion-header-collapsed,ui-accordion-header-icon,ui-accordion-icons,ui-accordion-tagging,ui-corner-all,ui-corner-bottom,ui-corner-top,ui-helper-reset,ui-icon,ui-state-default,ui-widget,ui-widget-content
our-company|https://www.astrazeneca.com/our-company/our-people/annette-bak.html|archive-link-popup,block-wrapper,footer-component,image-replace,img-circle,l-constrained,l-eight-block-center,l-eight-block-center-c0,l-margin,main-section,media-text-link-container,modal-close,modal-content,modal-inner,modal-window,object-fit,pt-column-control-inverted,responsive-bg,responsive-image,rich-header,rich-text,show-more-wrapper,social-title,tablesaw-enhanced,ui-accordion,ui-accordion-content,ui-accordion-header,ui-accordion-header-collapsed,ui-accordion-header-icon,ui-accordion-icons,ui-accordion-tagging,ui-corner-all,ui-corner-bottom,ui-corner-top,ui-helper-reset,ui-icon,ui-state-default,ui-widget,ui-widget-content
our-company|https://www.astrazeneca.com/our-company/our-people/anas-younes.html|archive-link-popup,block-wrapper,footer-component,image-replace,img-circle,l-constrained,l-eight-block-center,l-eight-block-center-c0,l-four-block-center,l-four-block-center-c0,l-margin,main-section,modal-close,modal-content,modal-inner,modal-window,object-fit,pt-column-control-inverted,responsive-bg,responsive-image,rich-text,show-more-wrapper,social-title,tablesaw-enhanced,ui-accordion,ui-accordion-content,ui-accordion-header,ui-accordion-header-collapsed,ui-accordion-header-icon,ui-accordion-icons,ui-accordion-tagging,ui-corner-all,ui-corner-bottom,ui-corner-top,ui-helper-reset,ui-icon,ui-state-default,ui-widget,ui-widget-content
our-company|https://www.astrazeneca.com/our-company/our-people.html|archive-link-popup,block-wrapper,footer-component,image-panel-feature,image-replace,l-constrained,l-one-block,l-one-block-c0,l-three-block,l-three-block-c0,l-three-block-c1,l-three-block-c2,link-image-panel-v2,main-section,modal-close,modal-content,modal-inner,modal-window,object-fit,pt-column-control-inverted,responsive-bg,responsive-image,rich-header,rich-text,tablesaw-enhanced,wscd-split-feature-tile
our-company|https://www.astrazeneca.com/our-company/our-locations/gaithersburg.html|archive-link-popup,block-wrapper,carousel-content,carousel-full-bleed,carousel-outer-wrapper,footer-component,image-replace,l-constrained,l-eight-block-center,l-eight-block-center-c0,l-flex-three-block,l-flex-three-block-c0,l-flex-three-block-c1,l-flex-three-block-c2,l-margin,l-one-block,l-one-block-c0,l-padded,l-three-block,l-three-block-c0,l-three-block-c1,l-three-block-c2,link-image-panel-v2,main-section,media-text-link,modal-close,modal-content,modal-inner,modal-window,object-fit,pt-column-control-inverted,responsive-image,rich-header,rich-text,section-header,slick-active,slick-arrow,slick-current,slick-disabled,slick-initialized,slick-list,slick-next,slick-prev,slick-slide,slick-slider,slick-track,tablesaw-enhanced,video-module,video-template
our-company|https://www.astrazeneca.com/our-company/our-people/michele-sample.html|archive-link-popup,block-wrapper,footer-component,image-replace,img-circle,l-constrained,l-eight-block-center,l-eight-block-center-c0,l-margin,main-section,modal-close,modal-content,modal-inner,modal-window,object-fit,pt-column-control-inverted,responsive-bg,responsive-image,rich-text,show-more-wrapper,social-title,tablesaw-enhanced
our-company|https://www.astrazeneca.com/our-company/our-locations/cambridge.html|archive-link-popup,block-wrapper,footer-component,image-replace,jump-to-anchor,l-constrained,l-three-block,l-three-block-c0,l-three-block-c1,l-three-block-c2,link-image-panel-v2,main-section,modal-close,modal-content,modal-inner,modal-window,object-fit,pt-column-control-inverted,responsive-image,rich-header,rich-text,tablesaw-enhanced
our-company|https://www.astrazeneca.com/our-company/our-people/operations.html|archive-link-popup,block-wrapper,footer-component,image-replace,img-circle,l-constrained,l-eight-block-center,l-eight-block-center-c0,l-six-block-center,l-six-block-center-c0,main-section,modal-close,modal-content,modal-inner,modal-window,object-fit,pt-column-control-inverted,responsive-bg,responsive-image,rich-text,show-more-wrapper,social-title,tablesaw-enhanced
our-company|https://www.astrazeneca.com/our-company/our-people/marianne-ashford.html|archive-link-popup,block-wrapper,footer-component,image-replace,img-circle,l-constrained,l-eight-block-center,l-eight-block-center-c0,l-margin,main-section,media-text-link-container,modal-close,modal-content,modal-inner,modal-window,object-fit,pt-column-control-inverted,responsive-bg,responsive-image,rich-header,rich-text,show-more-wrapper,social-title,tablesaw-enhanced,ui-accordion,ui-accordion-content,ui-accordion-header,ui-accordion-header-collapsed,ui-accordion-header-icon,ui-accordion-icons,ui-accordion-tagging,ui-corner-all,ui-corner-bottom,ui-corner-top,ui-helper-reset,ui-icon,ui-state-default,ui-widget,ui-widget-content
our-company|https://www.astrazeneca.com/our-company/history.html|archive-link-popup,block-wrapper,content-tile,footer-component,image-replace,img-circle,l-constrained,l-padded,l-three-block,l-three-block-c0,l-three-block-c1,l-three-block-c2,main-section,modal-close,modal-content,modal-inner,modal-window,object-fit,pt-column-control-inverted,responsive-bg,responsive-image,rich-header,rich-text,show-more-wrapper,tablesaw-enhanced
our-company|https://www.astrazeneca.com/our-company/our-people/sunil-verma.html|archive-link-popup,block-wrapper,footer-component,image-replace,img-circle,l-constrained,l-eight-block-center,l-eight-block-center-c0,l-flex-three-block,l-flex-three-block-c0,l-flex-three-block-c1,l-flex-three-block-c2,l-four-block-center,l-four-block-center-c0,main-section,modal-close,modal-content,modal-inner,modal-window,object-fit,pt-column-control-inverted,responsive-bg,responsive-image,rich-text,show-more-wrapper,social-title,tablesaw-enhanced,ui-accordion,ui-accordion-content,ui-accordion-header,ui-accordion-header-collapsed,ui-accordion-header-icon,ui-accordion-icons,ui-accordion-tagging,ui-corner-all,ui-corner-bottom,ui-corner-top,ui-helper-reset,ui-icon,ui-state-default,ui-widget,ui-widget-content
our-company|https://www.astrazeneca.com/our-company/our-people/ti-hwei-how.html|archive-link-popup,block-wrapper,footer-component,image-replace,img-circle,l-constrained,l-eight-block-center,l-eight-block-center-c0,l-margin,l-six-block-center,l-six-block-center-c0,main-section,modal-close,modal-content,modal-inner,modal-window,object-fit,pt-column-control-inverted,responsive-bg,responsive-image,rich-text,show-more-wrapper,social-title,tablesaw-enhanced,ui-accordion,ui-accordion-content,ui-accordion-header,ui-accordion-header-collapsed,ui-accordion-header-icon,ui-accordion-icons,ui-accordion-tagging,ui-corner-all,ui-corner-bottom,ui-corner-top,ui-helper-reset,ui-icon,ui-state-default,ui-widget,ui-widget-content
our-company|https://www.astrazeneca.com/our-company/our-people/adam-platt.html|archive-link-popup,block-wrapper,footer-component,image-replace,img-circle,l-constrained,l-eight-block-center,l-eight-block-center-c0,l-flex-four-block,l-flex-four-block-c0,l-flex-four-block-c1,l-flex-four-block-c2,l-flex-four-block-c3,l-margin,main-section,modal-close,modal-content,modal-inner,modal-window,object-fit,pt-column-control-inverted,responsive-bg,responsive-image,rich-header,rich-text,show-more-wrapper,social-title,tablesaw-enhanced,ui-accordion,ui-accordion-content,ui-accordion-header,ui-accordion-header-collapsed,ui-accordion-header-icon,ui-accordion-icons,ui-accordion-tagging,ui-corner-all,ui-corner-bottom,ui-corner-top,ui-helper-reset,ui-icon,ui-state-default,ui-widget,ui-widget-content
our-company|https://www.astrazeneca.com/our-company/our-people/serban-ghiorghiu.html|archive-link-popup,block-wrapper,footer-component,image-replace,img-circle,l-constrained,l-eight-block-center,l-eight-block-center-c0,l-flex-four-block,l-flex-four-block-c0,l-margin,l-three-block,l-three-block-c0,l-three-block-c1,l-three-block-c2,main-section,modal-close,modal-content,modal-inner,modal-window,object-fit,pt-column-control-inverted,responsive-bg,responsive-image,rich-header,rich-text,show-more-wrapper,social-title,tablesaw-enhanced,ui-accordion,ui-accordion-content,ui-accordion-header,ui-accordion-header-collapsed,ui-accordion-header-icon,ui-accordion-icons,ui-accordion-tagging,ui-corner-all,ui-corner-bottom,ui-corner-top,ui-helper-reset,ui-icon,ui-state-default,ui-widget,ui-widget-content
our-company|https://www.astrazeneca.com/our-company/our-people/matt-hellmann.html|archive-link-popup,block-wrapper,footer-component,image-replace,img-circle,l-constrained,l-eight-block-center,l-eight-block-center-c0,l-margin,main-section,modal-close,modal-content,modal-inner,modal-window,object-fit,pt-column-control-inverted,responsive-bg,responsive-image,rich-text,show-more-wrapper,social-title,tablesaw-enhanced,ui-accordion,ui-accordion-content,ui-accordion-header,ui-accordion-header-collapsed,ui-accordion-header-icon,ui-accordion-icons,ui-accordion-tagging,ui-corner-all,ui-corner-bottom,ui-corner-top,ui-helper-reset,ui-icon,ui-state-default,ui-widget,ui-widget-content
our-company|https://www.astrazeneca.com/our-company/our-people/oncology.html|archive-link-popup,block-wrapper,footer-component,image-replace,img-circle,l-constrained,l-eight-block-center,l-eight-block-center-c0,l-margin,main-section,modal-close,modal-content,modal-inner,modal-window,object-fit,pt-column-control-inverted,responsive-bg,responsive-image,rich-header,rich-text,show-more-wrapper,social-title,tablesaw-enhanced
our-company|https://www.astrazeneca.com/our-company/our-people/shin-morita.html|archive-link-popup,block-wrapper,footer-component,image-replace,img-circle,l-constrained,l-eight-block-center,l-eight-block-center-c0,l-six-block-center,l-six-block-center-c0,main-section,modal-close,modal-content,modal-inner,modal-window,object-fit,pt-column-control-inverted,responsive-bg,responsive-image,rich-text,show-more-wrapper,social-title,tablesaw-enhanced
our-company|https://www.astrazeneca.com/our-company/our-people/research-and-development.html|archive-link-popup,block-wrapper,footer-component,image-replace,img-circle,l-constrained,l-eight-block-center,l-eight-block-center-c0,l-margin,main-section,modal-close,modal-content,modal-inner,modal-window,object-fit,pt-column-control-inverted,responsive-bg,responsive-image,rich-header,rich-text,show-more-wrapper,social-title,tablesaw-enhanced,ui-accordion,ui-accordion-content,ui-accordion-header,ui-accordion-header-collapsed,ui-accordion-header-icon,ui-accordion-icons,ui-accordion-tagging,ui-corner-all,ui-corner-bottom,ui-corner-top,ui-helper-reset,ui-icon,ui-state-default,ui-widget,ui-widget-content
our-company|https://www.astrazeneca.com/our-company/our-people/enabling-functions.html|archive-link-popup,block-wrapper,footer-component,image-panel-feature,image-replace,l-constrained,l-eight-block-center,l-eight-block-center-c0,l-margin,l-one-block,l-one-block-c0,l-padded,main-section,media-text-link,media-text-link-list,media-text-link-list-item,modal-close,modal-content,modal-inner,modal-window,object-fit,pt-column-control-inverted,responsive-bg,responsive-image,rich-header,rich-text,social-title,tablesaw-enhanced
our-company|https://www.astrazeneca.com/our-company/our-people/cristina-duran.html|archive-link-popup,block-wrapper,footer-component,image-replace,img-circle,l-constrained,l-eight-block-center,l-eight-block-center-c0,l-flex-three-block,l-flex-three-block-c0,l-flex-three-block-c1,l-flex-three-block-c2,l-margin,main-section,modal-close,modal-content,modal-inner,modal-window,object-fit,pt-column-control-inverted,responsive-bg,responsive-image,rich-text,show-more-wrapper,social-title,tablesaw-enhanced,ui-accordion,ui-accordion-content,ui-accordion-header,ui-accordion-header-collapsed,ui-accordion-header-icon,ui-accordion-icons,ui-accordion-tagging,ui-corner-all,ui-corner-bottom,ui-corner-top,ui-helper-reset,ui-icon,ui-state-default,ui-widget,ui-widget-content
our-company|https://www.astrazeneca.com/our-company/our-people/mark-cobbold.html|archive-link-popup,block-wrapper,footer-component,image-replace,img-circle,l-constrained,l-eight-block-center,l-eight-block-center-c0,l-flex-four-block,l-flex-four-block-c0,l-margin,l-three-block,l-three-block-c0,l-three-block-c1,l-three-block-c2,main-section,media-text-link-container,modal-close,modal-content,modal-inner,modal-window,object-fit,pt-column-control-inverted,responsive-bg,responsive-image,rich-text,show-more-wrapper,social-title,tablesaw-enhanced,ui-accordion,ui-accordion-content,ui-accordion-header,ui-accordion-header-collapsed,ui-accordion-header-icon,ui-accordion-icons,ui-accordion-tagging,ui-corner-all,ui-corner-bottom,ui-corner-top,ui-helper-reset,ui-icon,ui-state-default,ui-widget,ui-widget-content
our-company|https://www.astrazeneca.com/our-company/our-people/martin-cowie.html|archive-link-popup,block-wrapper,footer-component,image-replace,img-circle,l-constrained,l-eight-block-center,l-eight-block-center-c0,l-flex-four-block,l-flex-four-block-c0,l-flex-four-block-c1,l-flex-four-block-c2,l-flex-four-block-c3,l-margin,main-section,modal-close,modal-content,modal-inner,modal-window,object-fit,pt-column-control-inverted,responsive-bg,responsive-image,rich-text,show-more-wrapper,social-title,tablesaw-enhanced,ui-accordion,ui-accordion-content,ui-accordion-header,ui-accordion-header-collapsed,ui-accordion-header-icon,ui-accordion-icons,ui-accordion-tagging,ui-corner-all,ui-corner-bottom,ui-corner-top,ui-helper-reset,ui-icon,ui-state-default,ui-widget,ui-widget-content
our-company|https://www.astrazeneca.com/our-company/our-people/regina-fritsche-danielson.html|archive-link-popup,block-wrapper,footer-component,image-panel-feature,image-replace,img-circle,l-constrained,l-eight-block-center,l-eight-block-center-c0,l-margin,l-one-block,l-one-block-c0,l-padded,l-six-block-center,l-six-block-center-c0,main-section,media-text-link,media-text-link-container,media-text-link-list,media-text-link-list-item,modal-close,modal-content,modal-inner,modal-window,object-fit,pt-column-control-inverted,responsive-bg,responsive-image,rich-header,rich-text,show-more-wrapper,social-title,tablesaw-enhanced,ui-accordion,ui-accordion-content,ui-accordion-header,ui-accordion-header-collapsed,ui-accordion-header-icon,ui-accordion-icons,ui-accordion-tagging,ui-corner-all,ui-corner-bottom,ui-corner-top,ui-helper-reset,ui-icon,ui-state-default,ui-widget,ui-widget-content,video-module,video-template
our-company|https://www.astrazeneca.com/our-company/our-people/teresa-klinowska.html|archive-link-popup,block-wrapper,footer-component,image-replace,img-circle,l-constrained,l-eight-block-center,l-eight-block-center-c0,l-flex-four-block,l-flex-four-block-c0,l-four-block-center,l-four-block-center-c0,l-margin,l-three-block,l-three-block-c0,l-three-block-c1,l-three-block-c2,main-section,modal-close,modal-content,modal-inner,modal-window,object-fit,pt-column-control-inverted,responsive-bg,responsive-image,rich-text,show-more-wrapper,social-title,tablesaw-enhanced,ui-accordion,ui-accordion-content,ui-accordion-header,ui-accordion-header-collapsed,ui-accordion-header-icon,ui-accordion-icons,ui-accordion-tagging,ui-corner-all,ui-corner-bottom,ui-corner-top,ui-helper-reset,ui-icon,ui-state-default,ui-widget,ui-widget-content
our-company|https://www.astrazeneca.com/our-company/our-people/maurizio-scaltriti.html|archive-link-popup,block-wrapper,footer-component,image-replace,img-circle,l-constrained,l-eight-block-center,l-eight-block-center-c0,l-flex-three-block,l-flex-three-block-c0,l-flex-three-block-c1,l-flex-three-block-c2,l-margin,main-section,modal-close,modal-content,modal-inner,modal-window,object-fit,pt-column-control-inverted,responsive-bg,responsive-image,rich-text,show-more-wrapper,social-title,tablesaw-enhanced,ui-accordion,ui-accordion-content,ui-accordion-header,ui-accordion-header-collapsed,ui-accordion-header-icon,ui-accordion-icons,ui-accordion-tagging,ui-corner-all,ui-corner-bottom,ui-corner-top,ui-helper-reset,ui-icon,ui-state-default,ui-widget,ui-widget-content
our-company|https://www.astrazeneca.com/our-company/our-people/caterina-brindicci.html|archive-link-popup,block-wrapper,footer-component,image-replace,img-circle,l-constrained,l-eight-block-center,l-eight-block-center-c0,l-margin,l-six-block-center,l-six-block-center-c0,main-section,modal-close,modal-content,modal-inner,modal-window,object-fit,pt-column-control-inverted,responsive-bg,responsive-image,rich-header,rich-text,show-more-wrapper,social-title,tablesaw-enhanced,ui-accordion,ui-accordion-content,ui-accordion-header,ui-accordion-header-collapsed,ui-accordion-header-icon,ui-accordion-icons,ui-accordion-tagging,ui-corner-all,ui-corner-bottom,ui-corner-top,ui-helper-reset,ui-icon,ui-state-default,ui-widget,ui-widget-content
our-company|https://www.astrazeneca.com/our-company/our-people/ruth-march.html|archive-link-popup,block-wrapper,footer-component,image-panel-feature,image-replace,img-circle,l-constrained,l-eight-block-center,l-eight-block-center-c0,l-margin,l-one-block,l-one-block-c0,l-padded,l-six-block-center,l-six-block-center-c0,l-three-block,l-three-block-c0,l-three-block-c1,l-three-block-c2,main-section,media-text-link,media-text-link-container,media-text-link-list,media-text-link-list-item,modal-close,modal-content,modal-inner,modal-window,object-fit,pt-column-control-inverted,responsive-bg,responsive-image,rich-header,rich-text,show-more-wrapper,social-title,tablesaw-enhanced,ui-accordion,ui-accordion-content,ui-accordion-header,ui-accordion-header-collapsed,ui-accordion-header-icon,ui-accordion-icons,ui-accordion-tagging,ui-corner-all,ui-corner-bottom,ui-corner-top,ui-helper-reset,ui-icon,ui-state-default,ui-widget,ui-widget-content,video-module,video-template
our-company|https://www.astrazeneca.com/our-company/Contact-us.html|archive-link-popup,block-wrapper,contact-tile,footer-component,generic-tabs,hero-header,l-constrained,l-one-block,l-padded,l-three-block,l-three-block-c0,l-three-block-c1,l-three-block-c2,main-section,modal-close,modal-content,modal-inner,modal-window,object-fit,pt-column-control-inverted,rich-text,tablesaw-enhanced
our-company|https://www.astrazeneca.com/our-company/our-people/mikhail-kosiborod.html|archive-link-popup,block-wrapper,footer-component,image-replace,img-circle,l-constrained,l-eight-block-center,l-eight-block-center-c0,l-flex-three-block,l-flex-three-block-c0,l-flex-three-block-c1,l-flex-three-block-c2,l-margin,main-section,modal-close,modal-content,modal-inner,modal-window,object-fit,pt-column-control-inverted,responsive-bg,responsive-image,rich-text,show-more-wrapper,social-title,tablesaw-enhanced,ui-accordion,ui-accordion-content,ui-accordion-header,ui-accordion-header-collapsed,ui-accordion-header-icon,ui-accordion-icons,ui-accordion-tagging,ui-corner-all,ui-corner-bottom,ui-corner-top,ui-helper-reset,ui-icon,ui-state-default,ui-widget,ui-widget-content
our-company|https://www.astrazeneca.com/our-company/our-people/jim-weatherall.html|archive-link-popup,block-wrapper,footer-component,image-replace,img-circle,l-constrained,l-eight-block-center,l-eight-block-center-c0,l-margin,main-section,modal-close,modal-content,modal-inner,modal-window,object-fit,pt-column-control-inverted,responsive-bg,responsive-image,rich-header,rich-text,show-more-wrapper,social-title,tablesaw-enhanced,ui-accordion,ui-accordion-content,ui-accordion-header,ui-accordion-header-collapsed,ui-accordion-header-icon,ui-accordion-icons,ui-accordion-tagging,ui-corner-all,ui-corner-bottom,ui-corner-top,ui-helper-reset,ui-icon,ui-state-default,ui-widget,ui-widget-content
our-company|https://www.astrazeneca.com/our-company/our-people/Lutz-Jermutus.html|archive-link-popup,block-wrapper,footer-component,image-panel-feature,image-replace,img-circle,l-constrained,l-eight-block-center,l-eight-block-center-c0,l-flex-three-block,l-flex-three-block-c0,l-flex-three-block-c1,l-flex-three-block-c2,l-margin,l-one-block,l-one-block-c0,l-padded,main-section,media-text-link,media-text-link-list,media-text-link-list-item,modal-close,modal-content,modal-inner,modal-window,object-fit,pt-column-control-inverted,responsive-bg,responsive-image,rich-header,rich-text,show-more-wrapper,social-title,tablesaw-enhanced,ui-accordion,ui-accordion-content,ui-accordion-header,ui-accordion-header-collapsed,ui-accordion-header-icon,ui-accordion-icons,ui-accordion-tagging,ui-corner-all,ui-corner-bottom,ui-corner-top,ui-helper-reset,ui-icon,ui-state-default,ui-widget,ui-widget-content
our-company|https://www.astrazeneca.com/our-company/our-people/pablo-panella.html|archive-link-popup,block-wrapper,footer-component,image-panel-feature,image-replace,img-circle,l-constrained,l-eight-block-center,l-eight-block-center-c0,l-one-block,l-one-block-c0,main-section,modal-close,modal-content,modal-inner,modal-window,object-fit,pt-column-control-inverted,responsive-bg,responsive-image,rich-header,rich-text,show-more-wrapper,social-title,tablesaw-enhanced
our-company|https://www.astrazeneca.com/our-company/our-people/puja-sapra.html|archive-link-popup,block-wrapper,footer-component,image-replace,img-circle,l-constrained,l-eight-block-center,l-eight-block-center-c0,l-flex-three-block,l-flex-three-block-c0,l-flex-three-block-c1,l-flex-three-block-c2,l-margin,main-section,modal-close,modal-content,modal-inner,modal-window,object-fit,pt-column-control-inverted,responsive-bg,responsive-image,rich-text,show-more-wrapper,social-title,tablesaw-enhanced,ui-accordion,ui-accordion-content,ui-accordion-header,ui-accordion-header-collapsed,ui-accordion-header-icon,ui-accordion-icons,ui-accordion-tagging,ui-corner-all,ui-corner-bottom,ui-corner-top,ui-helper-reset,ui-icon,ui-state-default,ui-widget,ui-widget-content
our-company|https://www.astrazeneca.com/our-company/leadership.html|archive-link-popup,block-wrapper,footer-component,hero-header,jump-to,jump-to-anchor,l-constrained,l-four-block,l-four-block-c0,l-four-block-c1,l-four-block-c2,l-four-block-c3,l-margin,main-section,modal-close,modal-content,modal-inner,modal-window,object-fit,pt-column-control-inverted,rich-text,section-header,tablesaw-enhanced
our-company|https://www.astrazeneca.com/our-company/our-people/Steve-rees.html|archive-link-popup,block-wrapper,footer-component,image-replace,img-circle,l-constrained,l-eight-block-center,l-eight-block-center-c0,l-margin,l-six-block-center,l-six-block-center-c0,main-section,modal-close,modal-content,modal-inner,modal-window,object-fit,pt-column-control-inverted,responsive-bg,responsive-image,rich-text,show-more-wrapper,social-title,tablesaw-enhanced,ui-accordion,ui-accordion-content,ui-accordion-header,ui-accordion-header-collapsed,ui-accordion-header-icon,ui-accordion-icons,ui-accordion-tagging,ui-corner-all,ui-corner-bottom,ui-corner-top,ui-helper-reset,ui-icon,ui-state-default,ui-widget,ui-widget-content
our-company|https://www.astrazeneca.com/our-company/our-people/david-brocklehurst.html|archive-link-popup,block-wrapper,footer-component,image-replace,img-circle,l-constrained,l-eight-block-center,l-eight-block-center-c0,l-margin,main-section,modal-close,modal-content,modal-inner,modal-window,object-fit,pt-column-control-inverted,responsive-bg,responsive-image,rich-text,show-more-wrapper,social-title,tablesaw-enhanced,ui-accordion,ui-accordion-content,ui-accordion-header,ui-accordion-header-collapsed,ui-accordion-header-icon,ui-accordion-icons,ui-corner-all,ui-corner-bottom,ui-corner-top,ui-helper-reset,ui-icon,ui-state-default,ui-widget,ui-widget-content
our-company|https://www.astrazeneca.com/our-company/our-people/matt-bonam.html|archive-link-popup,block-wrapper,footer-component,image-replace,img-circle,l-constrained,l-eight-block-center,l-eight-block-center-c0,l-flex-two-block,l-flex-two-block-c0,l-flex-two-block-c1,l-margin,main-section,modal-close,modal-content,modal-inner,modal-window,object-fit,pt-column-control-inverted,responsive-bg,responsive-image,rich-text,show-more-wrapper,social-title,tablesaw-enhanced
our-company|https://www.astrazeneca.com/our-company/our-people/ben-challis.html|archive-link-popup,block-wrapper,footer-component,image-replace,img-circle,l-constrained,l-eight-block-center,l-eight-block-center-c0,l-margin,main-section,modal-close,modal-content,modal-inner,modal-window,object-fit,pt-column-control-inverted,responsive-bg,responsive-image,rich-header,rich-text,show-more-wrapper,social-title,tablesaw-enhanced,ui-accordion,ui-accordion-content,ui-accordion-header,ui-accordion-header-collapsed,ui-accordion-header-icon,ui-accordion-icons,ui-accordion-tagging,ui-corner-all,ui-corner-bottom,ui-corner-top,ui-helper-reset,ui-icon,ui-state-default,ui-widget,ui-widget-content
our-company|https://www.astrazeneca.com/our-company/our-people/mark-o-connor.html|archive-link-popup,block-wrapper,footer-component,image-replace,img-circle,l-constrained,l-eight-block-center,l-eight-block-center-c0,l-flex-three-block,l-flex-three-block-c0,l-flex-three-block-c1,l-flex-three-block-c2,l-margin,main-section,media-text-link-container,modal-close,modal-content,modal-inner,modal-window,object-fit,pt-column-control-inverted,responsive-bg,responsive-image,rich-text,show-more-wrapper,social-title,tablesaw-enhanced,ui-accordion,ui-accordion-content,ui-accordion-header,ui-accordion-header-collapsed,ui-accordion-header-icon,ui-accordion-icons,ui-accordion-tagging,ui-corner-all,ui-corner-bottom,ui-corner-top,ui-helper-reset,ui-icon,ui-state-default,ui-widget,ui-widget-content
our-company|https://www.astrazeneca.com/our-company/our-people/Lennart-lindfors.html|archive-link-popup,block-wrapper,footer-component,image-replace,img-circle,l-constrained,l-eight-block-center,l-eight-block-center-c0,l-margin,main-section,media-text-link-container,modal-close,modal-content,modal-inner,modal-window,object-fit,pt-column-control-inverted,responsive-bg,responsive-image,rich-header,rich-text,show-more-wrapper,social-title,tablesaw-enhanced,ui-accordion,ui-accordion-content,ui-accordion-header,ui-accordion-header-collapsed,ui-accordion-header-icon,ui-accordion-icons,ui-accordion-tagging,ui-corner-all,ui-corner-bottom,ui-corner-top,ui-helper-reset,ui-icon,ui-state-default,ui-widget,ui-widget-content
our-company|https://www.astrazeneca.com/our-company/our-people/malin-lemurell.html|archive-link-popup,block-wrapper,footer-component,image-replace,img-circle,l-constrained,l-eight-block-center,l-eight-block-center-c0,l-margin,main-section,modal-close,modal-content,modal-inner,modal-window,object-fit,pt-column-control-inverted,responsive-bg,responsive-image,rich-text,show-more-wrapper,social-title,tablesaw-enhanced,ui-accordion,ui-accordion-content,ui-accordion-header,ui-accordion-header-collapsed,ui-accordion-header-icon,ui-accordion-icons,ui-accordion-tagging,ui-corner-all,ui-corner-bottom,ui-corner-top,ui-helper-reset,ui-icon,ui-state-default,ui-widget,ui-widget-content
our-company|https://www.astrazeneca.com/our-company/our-people/shalini-andersson.html|archive-link-popup,block-wrapper,footer-component,image-replace,img-circle,l-constrained,l-eight-block-center,l-eight-block-center-c0,l-margin,main-section,modal-close,modal-content,modal-inner,modal-window,object-fit,pt-column-control-inverted,responsive-bg,responsive-image,rich-header,rich-text,show-more-wrapper,social-title,tablesaw-enhanced,ui-accordion,ui-accordion-content,ui-accordion-header,ui-accordion-header-collapsed,ui-accordion-header-icon,ui-accordion-icons,ui-accordion-tagging,ui-corner-all,ui-corner-bottom,ui-corner-top,ui-helper-reset,ui-icon,ui-state-default,ui-widget,ui-widget-content
our-company|https://www.astrazeneca.com/our-company/leadership/susan-galbraith.html|archive-link-popup,block-wrapper,content-tile,footer-component,image-replace,l-constrained,l-flex-four-block,l-flex-four-block-c0,l-flex-four-block-c1,l-flex-four-block-c2,l-flex-four-block-c3,l-four-block,l-four-block-c0,l-four-block-c1,l-four-block-c2,l-four-block-c3,l-margin,l-three-block,l-three-block-c0,l-three-block-c1,l-three-block-c2,main-section,media-text-link-container,modal-close,modal-content,modal-inner,modal-window,object-fit,pt-column-control-inverted,responsive-image,rich-text,show-more-wrapper,social-title,tablesaw-enhanced,ui-accordion,ui-accordion-content,ui-accordion-header,ui-accordion-header-collapsed,ui-accordion-header-icon,ui-accordion-icons,ui-accordion-tagging,ui-corner-all,ui-corner-bottom,ui-corner-top,ui-helper-reset,ui-icon,ui-state-default,ui-widget,ui-widget-content,video-module,video-template
our-company|https://www.astrazeneca.com/our-company/our-people/Mina-Makar.html|archive-link-popup,block-wrapper,footer-component,image-replace,img-circle,l-constrained,l-eight-block-center,l-eight-block-center-c0,l-margin,l-padded,l-six-block-center,l-six-block-center-c0,main-section,modal-close,modal-content,modal-inner,modal-window,object-fit,pt-column-control-inverted,responsive-bg,responsive-image,rich-header,rich-text,show-more-wrapper,social-title,tablesaw-enhanced,ui-accordion,ui-accordion-content,ui-accordion-header,ui-accordion-header-collapsed,ui-accordion-header-icon,ui-accordion-icons,ui-accordion-tagging,ui-corner-all,ui-corner-bottom,ui-corner-top,ui-helper-reset,ui-icon,ui-state-default,ui-widget,ui-widget-content
our-company|https://www.astrazeneca.com/our-company/our-people/christopher-j-rhodes.html|archive-link-popup,block-wrapper,footer-component,image-panel-feature,image-replace,img-circle,l-constrained,l-eight-block-center,l-eight-block-center-c0,l-flex-four-block,l-flex-four-block-c0,l-flex-four-block-c1,l-flex-four-block-c2,l-flex-four-block-c3,l-margin,l-one-block,l-one-block-c0,l-padded,l-three-block-wide,l-three-block-wide-c0,l-three-block-wide-c1,l-three-block-wide-c2,main-section,media-text-link,media-text-link-list,media-text-link-list-item,modal-close,modal-content,modal-inner,modal-window,object-fit,pt-column-control-inverted,responsive-bg,responsive-image,rich-header,rich-text,show-more-wrapper,social-title,tablesaw-enhanced,ui-accordion,ui-accordion-content,ui-accordion-header,ui-accordion-header-collapsed,ui-accordion-header-icon,ui-accordion-icons,ui-accordion-tagging,ui-corner-all,ui-corner-bottom,ui-corner-top,ui-helper-reset,ui-icon,ui-state-default,ui-widget,ui-widget-content
our-company|https://www.astrazeneca.com/our-company/our-people/international.html|archive-link-popup,block-wrapper,content-tile,footer-component,image-replace,l-constrained,l-padded,l-three-block,l-three-block-c0,l-three-block-c1,l-three-block-c2,main-section,modal-close,modal-content,modal-inner,modal-window,object-fit,pt-column-control-inverted,responsive-image,rich-header,rich-text,show-more-wrapper,tablesaw-enhanced,wscd-split-feature-tile
our-company|https://www.astrazeneca.com/our-company/our-people/leora-horn.html|archive-link-popup,block-wrapper,footer-component,image-replace,img-circle,l-constrained,l-eight-block-center,l-eight-block-center-c0,l-margin,l-six-block-center,l-six-block-center-c0,main-section,modal-close,modal-content,modal-inner,modal-window,object-fit,pt-column-control-inverted,responsive-bg,responsive-image,rich-text,show-more-wrapper,social-title,tablesaw-enhanced,ui-accordion,ui-accordion-content,ui-accordion-header,ui-accordion-header-collapsed,ui-accordion-header-icon,ui-accordion-icons,ui-accordion-tagging,ui-corner-all,ui-corner-bottom,ui-corner-top,ui-helper-reset,ui-icon,ui-state-default,ui-widget,ui-widget-content
our-therapy-areas|https://www.astrazeneca.com/our-therapy-areas/oncology/patient-experience.html|archive-link-popup,block-wrapper,footer-component,image-replace,l-constrained,l-margin,l-three-block,l-three-block-c0,l-three-block-c1,l-three-block-c2,link-image-panel-v2,main-section,modal-close,modal-content,modal-inner,modal-window,object-fit,pt-column-control-inverted,responsive-image,rich-header,rich-text,section-header,tablesaw-enhanced,ui-accordion,ui-accordion-content,ui-accordion-header,ui-accordion-header-collapsed,ui-accordion-header-icon,ui-accordion-icons,ui-corner-all,ui-corner-bottom,ui-corner-top,ui-helper-reset,ui-icon,ui-state-default,ui-widget,ui-widget-content
our-therapy-areas|https://www.astrazeneca.com/our-therapy-areas/cardiovascular-renal-and-metabolism/heart-failure.html|archive-link-popup,block-wrapper,carousel-full-bleed,carousel-outer-wrapper,footer-component,generic-tabs,homepage-hero,homepage-hero-story-wrapper,image-replace,jump-to,jump-to-anchor,l-constrained,l-one-block,l-one-block-c0,l-padded,main-section,modal-close,modal-content,modal-inner,modal-window,object-fit,pt-column-control-inverted,responsive-image,rich-header,rich-text,slick-active,slick-arrow,slick-current,slick-disabled,slick-initialized,slick-list,slick-next,slick-prev,slick-slide,slick-slider,slick-track,tablesaw-enhanced,treding-story-content,ui-accordion,ui-accordion-content,ui-accordion-header,ui-accordion-header-collapsed,ui-accordion-header-icon,ui-accordion-icons,ui-corner-all,ui-corner-bottom,ui-corner-top,ui-helper-reset,ui-icon,ui-state-default,ui-widget,ui-widget-content
our-therapy-areas|https://www.astrazeneca.com/our-therapy-areas/biopharmaceuticals.html|archive-link-popup,block-wrapper,carousel-full-bleed,carousel-outer-wrapper,footer-component,image-replace,l-constrained,l-margin,l-one-block,l-one-block-c0,l-three-block,l-three-block-c0,l-three-block-c1,l-three-block-c2,l-two-block-small-med-stacked-large-eight-four,l-two-block-small-med-stacked-large-eight-four-c0,l-two-block-small-med-stacked-large-eight-four-c1,link-image-panel-v2,main-section,modal-close,modal-content,modal-inner,modal-window,object-fit,pt-column-control-inverted,responsive-image,rich-header,rich-text,slick-active,slick-current,slick-initialized,slick-list,slick-slide,slick-slider,slick-track,tablesaw-enhanced,video-module,video-template
our-therapy-areas|https://www.astrazeneca.com/our-therapy-areas/rare-disease.html|archive-link-popup,block-wrapper,content-tile,footer-component,icon-link-panel,image-replace,jump-to,jump-to-anchor,l-constrained,l-flex-three-block,l-flex-three-block-c0,l-flex-three-block-c1,l-flex-three-block-c2,l-margin,l-two-block-small-med-stacked-large-eight-four,l-two-block-small-med-stacked-large-eight-four-c0,l-two-block-small-med-stacked-large-eight-four-c1,main-section,modal-close,modal-content,modal-inner,modal-window,object-fit,pt-column-control-inverted,responsive-image,rich-header,rich-text,section-header,tablesaw-enhanced
our-therapy-areas|https://www.astrazeneca.com/our-therapy-areas/oncology.html|archive-link-popup,block-wrapper,carousel-full-bleed,carousel-outer-wrapper,content-tile,footer-component,image-panel-feature,image-replace,jump-to-anchor,l-constrained,l-eight-block-center,l-eight-block-center-c0,l-four-block,l-four-block-c0,l-four-block-c1,l-four-block-c2,l-four-block-c3,l-margin,l-one-block,l-one-block-c0,l-padded,latest-news,link-image-panel-v2,main-section,media-text-link,media-text-link-list,media-text-link-list-item,modal-close,modal-content,modal-inner,modal-window,object-fit,pt-column-control-inverted,responsive-bg,responsive-image,rich-header,rich-text,section-header,slick-active,slick-arrow,slick-current,slick-disabled,slick-initialized,slick-list,slick-next,slick-prev,slick-slide,slick-slider,slick-track,tablesaw-enhanced,video-module,video-template,wscd-split-feature,wscd-split-feature-tile
our-therapy-areas|https://www.astrazeneca.com/our-therapy-areas/medicines.html|archive-link-popup,block-wrapper,footer-component,hero-header,icon-link-panel,image-replace,jump-to-anchor,l-constrained,l-four-block,l-four-block-c0,l-four-block-c1,l-four-block-c2,l-four-block-c3,l-margin,l-two-block,l-two-block-c0,l-two-block-c1,l-two-block-offset-left,l-two-block-offset-left-c0,l-two-block-offset-left-c1,main-section,modal-close,modal-content,modal-inner,modal-window,object-fit,pt-column-control-inverted,responsive-image,rich-text,tablesaw-enhanced,ui-accordion,ui-accordion-content,ui-accordion-header,ui-accordion-header-collapsed,ui-accordion-header-icon,ui-accordion-icons,ui-accordion-tagging,ui-corner-all,ui-corner-bottom,ui-corner-top,ui-helper-reset,ui-icon,ui-state-default,ui-widget,ui-widget-content
our-therapy-areas|https://www.astrazeneca.com/our-therapy-areas/respiratory-and-immunology.html|archive-link-popup,block-wrapper,content-tile,footer-component,homepage-hero,homepage-hero-story-wrapper,icon-link-panel,image-replace,jump-to,jump-to-anchor,l-constrained,l-eight-medium-six-large-block-center,l-eight-medium-six-large-block-center-c0,l-four-block,l-four-block-c0,l-four-block-c1,l-four-block-c2,l-four-block-c3,l-margin,l-padded,l-three-block,l-three-block-c0,l-three-block-c1,l-three-block-c2,latest-news,link-image-panel-v2,main-section,modal-close,modal-content,modal-inner,modal-window,object-fit,pt-column-control-inverted,responsive-image,rich-header,rich-text,section-header,tablesaw-enhanced,treding-story-content,video-module,video-template,wscd-split-feature,wscd-split-feature-tile
our-therapy-areas|https://www.astrazeneca.com/our-therapy-areas/cardiovascular-renal-and-metabolism/metabolism.html|archive-link-popup,block-wrapper,footer-component,homepage-hero,homepage-hero-story-wrapper,image-replace,jump-to,jump-to-anchor,l-constrained,l-eight-block-center,l-eight-block-center-c0,l-padded,l-three-block,l-three-block-c0,l-three-block-c1,l-three-block-c2,main-section,modal-close,modal-content,modal-inner,modal-window,object-fit,pt-column-control-inverted,responsive-image,rich-header,rich-text,tablesaw-enhanced,treding-story-content,ui-accordion,ui-accordion-content,ui-accordion-header,ui-accordion-header-collapsed,ui-accordion-header-icon,ui-accordion-icons,ui-corner-all,ui-corner-bottom,ui-corner-top,ui-helper-reset,ui-icon,ui-state-default,ui-widget,ui-widget-content,video-module,video-template
our-therapy-areas|https://www.astrazeneca.com/our-therapy-areas/vaccines-and-immune-therapies.html|archive-link-popup,block-wrapper,footer-component,icon-link-panel,image-replace,jump-to,jump-to-anchor,l-constrained,l-three-block,l-three-block-c0,l-three-block-c1,l-three-block-c2,link-image-panel-v2,main-section,modal-close,modal-content,modal-inner,modal-window,object-fit,pt-column-control-inverted,responsive-image,rich-header,rich-text,tablesaw-enhanced,ui-accordion,ui-accordion-content,ui-accordion-header,ui-accordion-header-collapsed,ui-accordion-header-icon,ui-accordion-icons,ui-accordion-tagging,ui-corner-all,ui-corner-bottom,ui-corner-top,ui-helper-reset,ui-icon,ui-state-default,ui-widget,ui-widget-content,wscd-split-feature-tile
our-therapy-areas|https://www.astrazeneca.com/our-therapy-areas/oncology/medicines-portfolio-and-pipeline.html|archive-link-popup,block-wrapper,content-set-curator,footer-component,image-replace,l-constrained,l-four-block,l-four-block-c0,l-four-block-c1,l-four-block-c2,l-four-block-c3,l-margin,l-three-block,l-three-block-c0,l-three-block-c1,l-three-block-c2,link-image-panel-v2,main-section,modal-close,modal-content,modal-inner,modal-window,object-fit,pt-column-control-inverted,responsive-image,rich-header,rich-text,section-header,tablesaw-enhanced,ui-accordion,ui-accordion-content,ui-accordion-header,ui-accordion-header-collapsed,ui-accordion-header-icon,ui-accordion-icons,ui-corner-all,ui-corner-bottom,ui-corner-top,ui-helper-reset,ui-icon,ui-state-default,ui-widget,ui-widget-content
our-therapy-areas|https://www.astrazeneca.com/our-therapy-areas/cardiovascular-renal-and-metabolism/cardiovascular-disease.html|archive-link-popup,block-wrapper,carousel-full-bleed,carousel-outer-wrapper,footer-component,icon-link-panel,image-replace,jump-to,jump-to-anchor,l-constrained,l-eight-block-center,l-eight-block-center-c0,l-one-block,l-one-block-c0,l-three-block,l-three-block-c0,l-three-block-c1,l-three-block-c2,main-section,modal-close,modal-content,modal-inner,modal-window,object-fit,pt-column-control-inverted,responsive-image,rich-header,rich-text,slick-active,slick-arrow,slick-current,slick-disabled,slick-initialized,slick-list,slick-next,slick-prev,slick-slide,slick-slider,slick-track,tablesaw-enhanced,ui-accordion,ui-accordion-content,ui-accordion-header,ui-accordion-header-collapsed,ui-accordion-header-icon,ui-accordion-icons,ui-corner-all,ui-corner-bottom,ui-corner-top,ui-helper-reset,ui-icon,ui-state-default,ui-widget,ui-widget-content,wscd-split-feature-tile
our-therapy-areas|https://www.astrazeneca.com/our-therapy-areas/oncology/our-people-and-culture.html|archive-link-popup,block-wrapper,footer-component,image-panel-feature,image-replace,l-constrained,l-margin,l-one-block,l-one-block-c0,l-three-block,l-three-block-c0,l-three-block-c1,l-three-block-c2,link-image-panel-v2,main-section,modal-close,modal-content,modal-inner,modal-window,object-fit,pt-column-control-inverted,responsive-bg,responsive-image,rich-header,rich-text,section-header,tablesaw-enhanced,ui-accordion,ui-accordion-content,ui-accordion-header,ui-accordion-header-collapsed,ui-accordion-header-icon,ui-accordion-icons,ui-corner-all,ui-corner-bottom,ui-corner-top,ui-helper-reset,ui-icon,ui-state-default,ui-widget,ui-widget-content,wscd-split-feature,wscd-split-feature-tile
our-therapy-areas|https://www.astrazeneca.com/our-therapy-areas/oncology/dna-damage-response.html|archive-link-popup,block-wrapper,footer-component,generic-tabs,image-panel-feature,image-replace,l-constrained,l-eight-block-center,l-eight-block-center-c0,l-one-block,l-one-block-c0,l-three-block,l-three-block-c0,l-three-block-c1,l-three-block-c2,main-section,modal-close,modal-content,modal-inner,modal-window,object-fit,pt-column-control-inverted,responsive-bg,responsive-image,rich-header,rich-text,tablesaw-enhanced,text-action-block,ui-accordion,ui-accordion-content,ui-accordion-header,ui-accordion-header-collapsed,ui-accordion-header-icon,ui-accordion-icons,ui-corner-all,ui-corner-bottom,ui-corner-top,ui-helper-reset,ui-icon,ui-state-default,ui-widget,ui-widget-content,video-module,video-template,wscd-split-feature-tile
our-therapy-areas|https://www.astrazeneca.com/our-therapy-areas/cardiovascular-renal-and-metabolism.html|archive-link-popup,block-wrapper,footer-component,homepage-hero,homepage-hero-story-wrapper,icon-link-panel,image-replace,jump-to,jump-to-anchor,l-constrained,l-four-block,l-four-block-c0,l-four-block-c1,l-four-block-c2,l-four-block-c3,l-margin,l-padded,l-two-block-small-med-stacked-large-eight-four,l-two-block-small-med-stacked-large-eight-four-c0,l-two-block-small-med-stacked-large-eight-four-c1,link-image-panel-v2,main-section,modal-close,modal-content,modal-inner,modal-window,object-fit,pt-column-control-inverted,responsive-image,rich-header,rich-text,section-header,tablesaw-enhanced,treding-story-content,video-module,video-template,wscd-split-feature,wscd-split-feature-tile
our-therapy-areas|https://www.astrazeneca.com/our-therapy-areas/respiratory-and-immunology/lupus.html|archive-link-popup,block-wrapper,carousel-full-bleed,carousel-outer-wrapper,content-tile,footer-component,icon-link-panel,image-replace,jump-to,jump-to-anchor,l-constrained,l-margin,l-one-block,l-one-block-c0,l-padded,l-three-block,l-three-block-c0,l-three-block-c1,l-three-block-c2,main-section,modal-close,modal-content,modal-inner,modal-window,object-fit,pt-column-control-inverted,responsive-image,rich-header,rich-text,slick-active,slick-arrow,slick-current,slick-disabled,slick-initialized,slick-list,slick-next,slick-prev,slick-slide,slick-slider,slick-track,tablesaw-enhanced,ui-accordion,ui-accordion-content,ui-accordion-header,ui-accordion-header-collapsed,ui-accordion-header-icon,ui-accordion-icons,ui-corner-all,ui-corner-bottom,ui-corner-top,ui-helper-reset,ui-icon,ui-state-default,ui-widget,ui-widget-content,video-module,video-template
our-therapy-areas|https://www.astrazeneca.com/our-therapy-areas/oncology/leading-the-revolution-in-pancreatic-cancer.html|archive-link-popup,block-wrapper,footer-component,image-replace,l-constrained,l-eight-block-center,l-eight-block-center-c0,main-section,modal-close,modal-content,modal-inner,modal-window,object-fit,pt-column-control-inverted,responsive-image,rich-header,rich-text,tablesaw-enhanced
our-therapy-areas|https://www.astrazeneca.com/our-therapy-areas/oncology/prostate-cancer.html|archive-link-popup,block-wrapper,footer-component,image-replace,l-constrained,l-eight-block-center,l-eight-block-center-c0,l-three-block-wide,l-three-block-wide-c0,l-three-block-wide-c1,l-three-block-wide-c2,main-section,modal-close,modal-content,modal-inner,modal-window,object-fit,pt-column-control-inverted,responsive-image,rich-header,rich-text,tablesaw-enhanced
our-therapy-areas|https://www.astrazeneca.com/our-therapy-areas/vaccines-and-immune-therapies/covid-19.html|archive-link-popup,block-wrapper,footer-component,homepage-hero,homepage-hero-story-wrapper,image-replace,jump-to,jump-to-anchor,l-constrained,l-margin,l-padded,l-three-block,l-three-block-c0,l-three-block-c1,l-three-block-c2,l-two-block,l-two-block-c0,l-two-block-c1,main-section,modal-close,modal-content,modal-inner,modal-window,object-fit,pt-column-control-inverted,responsive-image,rich-header,rich-text,tablesaw-enhanced,treding-story-content,ui-accordion,ui-accordion-content,ui-accordion-header,ui-accordion-header-collapsed,ui-accordion-header-icon,ui-accordion-icons,ui-accordion-tagging,ui-corner-all,ui-corner-bottom,ui-corner-top,ui-helper-reset,ui-icon,ui-state-default,ui-widget,ui-widget-content,video-module,video-template
our-therapy-areas|https://www.astrazeneca.com/our-therapy-areas/respiratory-and-immunology/epithelial-science.html|archive-link-popup,block-wrapper,footer-component,image-replace,l-constrained,l-margin,link-image-panel-v2,main-section,modal-close,modal-content,modal-inner,modal-window,object-fit,pt-column-control-inverted,responsive-image,rich-header,rich-text,tablesaw-enhanced,ui-accordion,ui-accordion-content,ui-accordion-header,ui-accordion-header-collapsed,ui-accordion-header-icon,ui-accordion-icons,ui-accordion-tagging,ui-corner-all,ui-corner-bottom,ui-corner-top,ui-helper-reset,ui-icon,ui-state-default,ui-widget,ui-widget-content
our-therapy-areas|https://www.astrazeneca.com/our-therapy-areas/oncology/Liver-cancer.html|archive-link-popup,block-wrapper,carousel-full-bleed,carousel-outer-wrapper,content-set-curator,footer-component,image-panel-feature,image-replace,jump-to-anchor,l-constrained,l-one-block,l-one-block-c0,l-padded,l-three-block,l-three-block-c0,l-three-block-c1,l-three-block-c2,main-section,modal-close,modal-content,modal-inner,modal-window,object-fit,pt-column-control-inverted,responsive-bg,responsive-image,rich-header,rich-text,slick-active,slick-current,slick-initialized,slick-list,slick-slide,slick-slider,slick-track,tablesaw-enhanced,video-module,video-template,wscd-split-feature-tile
our-therapy-areas|https://www.astrazeneca.com/our-therapy-areas/oncology/immuno-oncology.html|archive-link-popup,block-wrapper,footer-component,image-panel-feature,image-replace,jump-to,jump-to-anchor,l-constrained,l-one-block,l-one-block-c0,l-three-block,l-three-block-c0,l-three-block-c1,l-three-block-c2,l-three-block-wide,l-three-block-wide-c0,l-three-block-wide-c1,l-three-block-wide-c2,main-section,modal-close,modal-content,modal-inner,modal-window,object-fit,pt-column-control-inverted,responsive-bg,responsive-image,rich-header,rich-text,tablesaw-enhanced,ui-accordion,ui-accordion-content,ui-accordion-header,ui-accordion-header-collapsed,ui-accordion-header-icon,ui-accordion-icons,ui-corner-all,ui-corner-bottom,ui-corner-top,ui-helper-reset,ui-icon,ui-state-default,ui-widget,ui-widget-content,video-module,video-template,wscd-split-feature-tile
our-therapy-areas|https://www.astrazeneca.com/our-therapy-areas/oncology/breast-cancer.html|archive-link-popup,block-wrapper,footer-component,image-replace,l-constrained,l-eight-block-center,l-eight-block-center-c0,l-four-block,l-four-block-c0,l-four-block-c1,l-four-block-c2,l-four-block-c3,l-three-block,l-three-block-c0,l-three-block-c1,l-three-block-c2,l-two-block-small-stacked-large-nine-three,l-two-block-small-stacked-large-nine-three-c0,l-two-block-small-stacked-large-nine-three-c1,link-image-panel-v2,main-section,modal-close,modal-content,modal-inner,modal-window,object-fit,pt-column-control-inverted,responsive-image,rich-header,rich-text,tablesaw-enhanced
our-therapy-areas|https://www.astrazeneca.com/our-therapy-areas/oncology/clinical-strategy.html|archive-link-popup,block-wrapper,content-tile,footer-component,homepage-hero,homepage-hero-story-wrapper,image-replace,l-constrained,l-margin,l-padded,l-three-block,l-three-block-c0,l-three-block-c1,l-three-block-c2,latest-news,link-image-panel-v2,main-section,modal-close,modal-content,modal-inner,modal-window,object-fit,pt-column-control-inverted,responsive-image,rich-header,rich-text,section-header,tablesaw-enhanced,treding-story-content,ui-accordion,ui-accordion-content,ui-accordion-header,ui-accordion-header-collapsed,ui-accordion-header-icon,ui-accordion-icons,ui-corner-all,ui-corner-bottom,ui-corner-top,ui-helper-reset,ui-icon,ui-state-default,ui-widget,ui-widget-content,video-module,video-template
our-therapy-areas|https://www.astrazeneca.com/our-therapy-areas/cardiovascular-renal-and-metabolism/renal.html|archive-link-popup,block-wrapper,footer-component,homepage-hero,homepage-hero-story-wrapper,image-replace,jump-to,jump-to-anchor,l-constrained,l-eight-block-center,l-eight-block-center-c0,l-padded,main-section,modal-close,modal-content,modal-inner,modal-window,object-fit,pt-column-control-inverted,responsive-image,rich-header,rich-text,tablesaw-enhanced,treding-story-content,video-module,video-template
our-therapy-areas|https://www.astrazeneca.com/our-therapy-areas/eosinophilic-inflammation.html|archive-link-popup,block-wrapper,footer-component,image-replace,jump-to-anchor,l-constrained,l-margin,l-padded,l-six-block-center,l-six-block-center-c0,l-three-block,l-three-block-c0,l-three-block-c1,l-three-block-c2,main-section,modal-close,modal-content,modal-inner,modal-window,object-fit,pt-column-control-inverted,responsive-image,rich-header,rich-text,tablesaw-enhanced,ui-accordion,ui-accordion-content,ui-accordion-header,ui-accordion-header-collapsed,ui-accordion-header-icon,ui-accordion-icons,ui-accordion-tagging,ui-corner-all,ui-corner-bottom,ui-corner-top,ui-helper-reset,ui-icon,ui-state-default,ui-widget,ui-widget-content,video-module,video-template
our-therapy-areas|https://www.astrazeneca.com/our-therapy-areas/pipeline.html|archive-link-popup,block-wrapper,footer-component,image-replace,jump-to,jump-to-anchor,l-constrained,l-flex-four-block,l-flex-four-block-c0,l-flex-four-block-c1,l-flex-four-block-c2,l-flex-four-block-c3,l-margin,main-section,modal-close,modal-content,modal-inner,modal-window,object-fit,pt-column-control-inverted,responsive-image,rich-header,rich-text,tablesaw-enhanced,ui-accordion,ui-accordion-content,ui-accordion-header,ui-accordion-header-collapsed,ui-accordion-header-icon,ui-accordion-icons,ui-corner-all,ui-corner-bottom,ui-corner-top,ui-helper-reset,ui-icon,ui-state-default,ui-widget,ui-widget-content
our-therapy-areas|https://www.astrazeneca.com/our-therapy-areas/respiratory-and-immunology/immunology.html|archive-link-popup,block-wrapper,content-tile,footer-component,icon-link-panel,image-replace,jump-to,jump-to-anchor,l-constrained,l-four-block,l-four-block-c0,l-four-block-c1,l-four-block-c2,l-four-block-c3,l-margin,l-padded,l-six-block-center,l-six-block-center-c0,l-three-block,l-three-block-c0,l-three-block-c1,l-three-block-c2,main-section,modal-close,modal-content,modal-inner,modal-window,object-fit,pt-column-control-inverted,responsive-image,rich-header,rich-text,tablesaw-enhanced,video-module,video-template
our-therapy-areas|https://www.astrazeneca.com/our-therapy-areas/oncology/at-the-forefront-of-lung-cancer-treatment.html|archive-link-popup,block-wrapper,carousel-full-bleed,carousel-outer-wrapper,content-set-curator,footer-component,image-panel-feature,image-replace,jump-to-anchor,l-constrained,l-margin,l-one-block,l-one-block-c0,l-three-block,l-three-block-c0,l-three-block-c1,l-three-block-c2,main-section,modal-close,modal-content,modal-inner,modal-window,object-fit,pt-column-control-inverted,responsive-bg,responsive-image,rich-header,rich-text,section-header,slick-active,slick-arrow,slick-current,slick-disabled,slick-initialized,slick-list,slick-next,slick-prev,slick-slide,slick-slider,slick-track,tablesaw-enhanced,video-module,video-template,wscd-split-feature-tile
our-therapy-areas|https://www.astrazeneca.com/our-therapy-areas/oncology/haematology.html|archive-link-popup,block-wrapper,content-set-curator,footer-component,image-replace,l-constrained,l-eight-block-center,l-eight-block-center-c0,l-margin,main-section,modal-close,modal-content,modal-inner,modal-window,object-fit,pt-column-control-inverted,responsive-image,rich-header,rich-text,tablesaw-enhanced
our-therapy-areas|https://www.astrazeneca.com/our-therapy-areas/oncology/ovarian-cancer.html|archive-link-popup,block-wrapper,footer-component,image-replace,l-constrained,l-eight-block-center,l-eight-block-center-c0,l-three-block,l-three-block-c0,l-three-block-c1,l-three-block-c2,l-two-block,l-two-block-c0,l-two-block-c1,main-section,modal-close,modal-content,modal-inner,modal-window,object-fit,pt-column-control-inverted,responsive-image,rich-header,rich-text,tablesaw-enhanced,video-module,video-template
partnering|https://www.astrazeneca.com/partnering/sustainable-procurement.html|archive-link-popup,block-wrapper,footer-component,image-replace,l-constrained,l-flex-three-block,l-flex-three-block-c0,l-flex-three-block-c1,l-flex-three-block-c2,l-margin,l-three-block,l-three-block-c0,l-three-block-c1,l-three-block-c2,main-section,modal-close,modal-content,modal-inner,modal-window,object-fit,pt-column-control-inverted,responsive-image,rich-header,rich-text,section-header,tablesaw-enhanced,ui-accordion,ui-accordion-content,ui-accordion-header,ui-accordion-header-collapsed,ui-accordion-header-icon,ui-accordion-icons,ui-corner-all,ui-corner-bottom,ui-corner-top,ui-helper-reset,ui-icon,ui-state-default,ui-widget,ui-widget-content
partnering|https://www.astrazeneca.com/partnering/az-suppliers.html|archive-link-popup,block-wrapper,download-tile,footer-component,image-replace,l-constrained,l-margin,l-three-block,l-three-block-c0,l-three-block-c1,l-three-block-c2,l-three-block-wide,l-three-block-wide-c0,l-three-block-wide-c1,l-three-block-wide-c2,link-image-panel-v2,main-section,modal-close,modal-content,modal-inner,modal-window,object-fit,pt-column-control-inverted,responsive-image,rich-header,rich-text,section-header,tablesaw-enhanced,ui-accordion,ui-accordion-content,ui-accordion-header,ui-accordion-header-collapsed,ui-accordion-header-icon,ui-accordion-icons,ui-accordion-tagging,ui-corner-all,ui-corner-bottom,ui-corner-top,ui-helper-reset,ui-icon,ui-state-default,ui-widget,ui-widget-content,video-module,video-template,wscd-split-feature-tile
partnering|https://www.astrazeneca.com/partnering/a-catalyst-network.html|archive-link-popup,block-wrapper,content-tile,content-wrapper,footer-component,generic-tabs,image-replace,isolated-news-component,jump-to,jump-to-anchor,l-constrained,l-one-block,l-one-block-c0,l-padded,l-three-block,l-three-block-c0,l-three-block-c1,l-three-block-c2,l-two-block,l-two-block-c0,l-two-block-c1,main-section,modal-close,modal-content,modal-inner,modal-window,news-component,object-fit,pt-column-control-inverted,quick-view,responsive-image,rich-header,rich-text,tablesaw-enhanced,video-module,video-template
partnering|https://www.astrazeneca.com/partnering/externally-sponsored-scientific-research-partner-portal.html|archive-link-popup,article-container,article-cta,article-cta-align,block-wrapper,btn-outline-mulberry,content-tile,footer-component,image-replace,l-constrained,l-margin,l-padded,link-image-panel-v2,main-section,modal-close,modal-content,modal-inner,modal-window,object-fit,pt-column-control-inverted,responsive-image,rich-header,rich-text,tablesaw-enhanced
partnering|https://www.astrazeneca.com/partnering/external-funding.html|archive-link-popup,block-wrapper,footer-component,image-replace,l-constrained,l-padded,l-three-block,l-three-block-c0,l-three-block-c1,l-three-block-c2,main-section,modal-close,modal-content,modal-inner,modal-window,object-fit,pt-column-control-inverted,responsive-image,rich-header,rich-text,tablesaw-enhanced,ui-accordion,ui-accordion-content,ui-accordion-header,ui-accordion-header-collapsed,ui-accordion-header-icon,ui-accordion-icons,ui-accordion-tagging,ui-corner-all,ui-corner-bottom,ui-corner-top,ui-helper-reset,ui-icon,ui-state-default,ui-widget,ui-widget-content
partnering|https://www.astrazeneca.com/partnering/why-partner-with-astrazeneca.html|archive-link-popup,block-wrapper,carousel-full-bleed,carousel-outer-wrapper,footer-component,image-replace,l-constrained,l-flex-three-block,l-flex-three-block-c0,l-flex-three-block-c1,l-flex-three-block-c2,l-margin,l-one-block,l-one-block-c0,l-two-block,l-two-block-c0,l-two-block-c1,main-section,media-text-link,media-text-link-list,media-text-link-list-item,modal-close,modal-content,modal-inner,modal-window,object-fit,pt-column-control-inverted,responsive-image,rich-header,rich-text,section-header,slick-active,slick-arrow,slick-current,slick-disabled,slick-initialized,slick-list,slick-next,slick-prev,slick-slide,slick-slider,slick-track,tablesaw-enhanced
partnering|https://www.astrazeneca.com/partnering/externally-sponsored-scientific-research.html|archive-link-popup,block-wrapper,footer-component,l-constrained,l-eight-block-center,l-eight-block-center-c0,l-margin,l-three-block,l-three-block-c0,l-three-block-c1,l-three-block-c2,l-three-block-wide,l-three-block-wide-c0,l-three-block-wide-c1,l-three-block-wide-c2,link-image-panel-v2,main-section,modal-close,modal-content,modal-inner,modal-window,object-fit,pt-column-control-inverted,responsive-image,rich-header,rich-text,ui-accordion-tagging
partnering|https://www.astrazeneca.com/partnering/supplier-sustainability-hub.html|archive-link-popup,block-wrapper,cmp-pdfviewer,content-set-curator,download-lockup,footer-component,image-replace,img-circle,jump-to-anchor,l-constrained,l-margin,link-image-panel-v2,main-section,modal-close,modal-content,modal-inner,modal-window,object-fit,pt-column-control-inverted,responsive-image,rich-header,rich-text,tablesaw-enhanced,ui-accordion,ui-accordion-content,ui-accordion-header,ui-accordion-header-collapsed,ui-accordion-header-icon,ui-accordion-icons,ui-accordion-tagging,ui-corner-all,ui-corner-bottom,ui-corner-top,ui-helper-reset,ui-icon,ui-state-default,ui-widget,ui-widget-content
partnering|https://www.astrazeneca.com/partnering/our-partnering-teams.html|archive-link-popup,block-wrapper,footer-component,generic-tabs,image-replace,l-constrained,l-four-block,l-four-block-c0,l-four-block-c1,l-four-block-c2,l-four-block-c3,l-margin,l-one-block,l-padded,l-three-block,l-three-block-c0,l-three-block-c1,l-three-block-c2,main-section,modal-close,modal-content,modal-inner,modal-window,object-fit,pt-column-control-inverted,responsive-image,rich-header,rich-text,section-header,tablesaw-enhanced,wscd-split-feature-tile
partnering|https://www.astrazeneca.com/partnering/az-suppliers/supplier-contact-form.html|archive-link-popup,block-wrapper,cmp-form-recaptcha,footer-component,form-consent,g-recaptcha,g-recaptcha-bubble-arrow,g-recaptcha-response,l-constrained,l-padded,main-section,modal-close,modal-content,modal-inner,modal-window,object-fit,pt-column-control-inverted,rich-text,submit-captcha-btn,tablesaw-enhanced,ui-button,ui-corner-all,ui-corner-bottom,ui-front,ui-icon,ui-menu,ui-selectmenu-button,ui-selectmenu-button-closed,ui-selectmenu-icon,ui-selectmenu-menu,ui-selectmenu-text,ui-widget,ui-widget-content
partnering|https://www.astrazeneca.com/partnering/externally-sponsored-scientific-research-partner-portal/training-centre.html|archive-link-popup,block-wrapper,footer-component,image-replace,l-constrained,l-margin,l-two-block,l-two-block-c0,l-two-block-c1,link-image-panel-v2,main-section,modal-close,modal-content,modal-inner,modal-window,object-fit,pt-column-control-inverted,responsive-image,rich-header,rich-text,tablesaw-enhanced,video-module,video-template,wscd-split-feature-tile
partnering|https://www.astrazeneca.com/partnering/our-areas-of-partnering-interest.html|archive-link-popup,block-wrapper,carousel-full-bleed,carousel-outer-wrapper,footer-component,image-replace,img-circle,l-constrained,l-eight-block-center,l-eight-block-center-c0,l-flex-three-block,l-flex-three-block-c0,l-flex-three-block-c1,l-flex-three-block-c2,l-margin,l-one-block,l-one-block-c0,l-padded,l-two-block,l-two-block-c0,l-two-block-c1,main-section,modal-close,modal-content,modal-inner,modal-window,object-fit,promo-tiles,pt-column-control-inverted,responsive-image,rich-header,rich-text,section-header,slick-active,slick-arrow,slick-current,slick-disabled,slick-initialized,slick-list,slick-next,slick-prev,slick-slide,slick-slider,slick-track,tablesaw-enhanced
r-d|https://www.astrazeneca.com/r-d/next-generation-therapeutics/bispecific-antibody.html|archive-link-popup,block-wrapper,content-tile,footer-component,image-replace,l-constrained,l-eight-block-center,l-eight-block-center-c0,l-padded,l-three-block,l-three-block-c0,l-three-block-c1,l-three-block-c2,l-two-block,l-two-block-c0,l-two-block-c1,main-section,modal-close,modal-content,modal-inner,modal-window,object-fit,pt-column-control-inverted,responsive-image,rich-header,rich-text,tablesaw-enhanced,text-action-block,ui-accordion,ui-accordion-content,ui-accordion-header,ui-accordion-header-collapsed,ui-accordion-header-icon,ui-accordion-icons,ui-corner-all,ui-corner-bottom,ui-corner-top,ui-helper-reset,ui-icon,ui-state-default,ui-widget,ui-widget-content,video-module,video-template
r-d|https://www.astrazeneca.com/r-d/data-science-and-ai.html|archive-link-popup,block-wrapper,col-left,col-right,content-tile,email-first-name,email-last-name,email-signup,footer-component,hero-header,image-panel-feature,image-replace,jump-to,jump-to-anchor,l-constrained,l-eight-block-center,l-eight-block-center-c0,l-margin,l-one-block,l-one-block-c0,l-padded,l-three-block,l-three-block-c0,l-three-block-c1,l-three-block-c2,l-two-block,l-two-block-c0,l-two-block-c1,link-image-panel-v2,main-section,modal-close,modal-content,modal-inner,modal-window,newsletter-sign-up,object-fit,pt-column-control-inverted,responsive-bg,responsive-image,rich-header,rich-text,row-container,signup-container,signup-content,tablesaw-enhanced,text-action-block,vertical-align
r-d|https://www.astrazeneca.com/r-d/our-technologies/acoustic-tube-sample-management.html|archive-link-popup,block-wrapper,content-tile,footer-component,image-replace,l-constrained,l-eight-block-center,l-eight-block-center-c0,l-three-block,l-three-block-c0,l-three-block-c1,l-three-block-c2,l-two-block,l-two-block-c0,l-two-block-c1,main-section,modal-close,modal-content,modal-inner,modal-window,object-fit,pt-column-control-inverted,responsive-image,rich-header,rich-text,tablesaw-enhanced,text-action-block,ui-accordion,ui-accordion-content,ui-accordion-header,ui-accordion-header-collapsed,ui-accordion-header-icon,ui-accordion-icons,ui-corner-all,ui-corner-bottom,ui-corner-top,ui-helper-reset,ui-icon,ui-state-default,ui-widget,ui-widget-content,video-module,video-template
r-d|https://www.astrazeneca.com/r-d/next-generation-therapeutics/cell-therapies.html|
r-d|https://www.astrazeneca.com/r-d/transformative-science.html|archive-link-popup,block-wrapper,col-left,col-right,content-tile,email-first-name,email-last-name,email-signup,footer-component,image-panel-feature,image-replace,jump-to-anchor,l-constrained,l-margin,l-one-block,l-one-block-c0,l-padded,l-three-block,l-three-block-c0,l-three-block-c1,l-three-block-c2,l-two-block,l-two-block-c0,l-two-block-c1,main-section,modal-close,modal-content,modal-inner,modal-window,newsletter-sign-up,object-fit,pt-column-control-inverted,responsive-bg,responsive-image,rich-header,rich-text,row-container,signup-container,signup-content,tablesaw-enhanced,vertical-align
r-d|https://www.astrazeneca.com/r-d/our-technologies/ilab.html|archive-link-popup,block-wrapper,content-tile,footer-component,image-replace,l-constrained,l-eight-block-center,l-eight-block-center-c0,l-three-block,l-three-block-c0,l-three-block-c1,l-three-block-c2,l-two-block,l-two-block-c0,l-two-block-c1,main-section,modal-close,modal-content,modal-inner,modal-window,object-fit,pt-column-control-inverted,responsive-image,rich-header,rich-text,tablesaw-enhanced,text-action-block,ui-accordion,ui-accordion-content,ui-accordion-header,ui-accordion-header-collapsed,ui-accordion-header-icon,ui-accordion-icons,ui-corner-all,ui-corner-bottom,ui-corner-top,ui-helper-reset,ui-icon,ui-state-default,ui-widget,ui-widget-content
r-d|https://www.astrazeneca.com/r-d/next-generation-therapeutics.html|archive-link-popup,block-wrapper,col-left,col-right,content-tile,email-first-name,email-last-name,email-signup,footer-component,generic-tabs,image-replace,l-constrained,l-flex-three-block,l-flex-three-block-c0,l-flex-three-block-c1,l-flex-three-block-c2,l-four-block,l-four-block-c0,l-four-block-c1,l-four-block-c2,l-four-block-c3,l-margin,l-one-block,l-padded,l-three-block,l-three-block-c0,l-three-block-c1,l-three-block-c2,l-three-block-wide,l-three-block-wide-c0,l-three-block-wide-c1,l-three-block-wide-c2,l-two-block,l-two-block-c0,l-two-block-c1,link-image-panel-v2,main-section,modal-close,modal-content,modal-inner,modal-window,newsletter-sign-up,object-fit,pt-column-control-inverted,responsive-image,rich-header,rich-text,row-container,signup-container,signup-content,tablesaw-enhanced,text-action-block,vertical-align,wscd-split-feature-tile
r-d|https://www.astrazeneca.com/r-d/our-technologies/multi-omics.html|archive-link-popup,block-wrapper,content-tile,footer-component,image-replace,l-constrained,l-eight-block-center,l-eight-block-center-c0,l-three-block,l-three-block-c0,l-three-block-c1,l-three-block-c2,l-two-block,l-two-block-c0,l-two-block-c1,main-section,modal-close,modal-content,modal-inner,modal-window,object-fit,pt-column-control-inverted,responsive-image,rich-header,rich-text,tablesaw-enhanced,text-action-block
r-d|https://www.astrazeneca.com/r-d/glossary.html|archive-link-popup,block-wrapper,footer-component,generic-tabs,image-replace,l-constrained,l-one-block,l-padded,main-section,modal-close,modal-content,modal-inner,modal-window,mode-stack,object-fit,pt-column-control-inverted,responsive-image,rich-header,rich-text,tablesaw-bar,tablesaw-cell-content,tablesaw-cell-label,tablesaw-enhanced,tablesaw-stack
r-d|https://www.astrazeneca.com/r-d/our-strategic-r-d-centres.html|archive-link-popup,block-wrapper,footer-component,image-panel-feature,image-replace,jump-to,jump-to-anchor,l-constrained,l-flex-three-block,l-flex-three-block-c0,l-flex-three-block-c1,l-flex-three-block-c2,l-margin,l-one-block,l-one-block-c0,main-section,modal-close,modal-content,modal-inner,modal-window,object-fit,pt-column-control-inverted,responsive-bg,responsive-image,rich-header,rich-text,tablesaw-enhanced
r-d|https://www.astrazeneca.com/r-d/next-generation-therapeutics/small-molecule.html|archive-link-popup,block-wrapper,content-tile,footer-component,image-replace,l-constrained,l-eight-block-center,l-eight-block-center-c0,l-three-block,l-three-block-c0,l-three-block-c1,l-three-block-c2,l-two-block,l-two-block-c0,l-two-block-c1,main-section,modal-close,modal-content,modal-inner,modal-window,object-fit,pt-column-control-inverted,responsive-image,rich-header,rich-text,tablesaw-enhanced,text-action-block,ui-accordion,ui-accordion-content,ui-accordion-header,ui-accordion-header-collapsed,ui-accordion-header-icon,ui-accordion-icons,ui-corner-all,ui-corner-bottom,ui-corner-top,ui-helper-reset,ui-icon,ui-state-default,ui-widget,ui-widget-content,video-module,video-template
r-d|https://www.astrazeneca.com/r-d/digital-health-revolutionising-healthcare-for-patients.html|archive-link-popup,block-wrapper,footer-component,image-replace,jump-to,jump-to-anchor,l-constrained,l-four-block-center,l-four-block-center-c0,l-margin,l-three-block,l-three-block-c0,l-three-block-c1,l-three-block-c2,l-two-block,l-two-block-c0,l-two-block-c1,main-section,modal-close,modal-content,modal-inner,modal-window,object-fit,pt-column-control-inverted,responsive-image,rich-header,rich-text,tablesaw-enhanced,ui-accordion,ui-accordion-content,ui-accordion-header,ui-accordion-header-collapsed,ui-accordion-header-icon,ui-accordion-icons,ui-corner-all,ui-corner-bottom,ui-corner-top,ui-helper-reset,ui-icon,ui-state-default,ui-widget,ui-widget-content,video-module,video-template,wscd-split-feature-tile
r-d|https://www.astrazeneca.com/r-d/next-generation-therapeutics/therapeutic-proteins.html|archive-link-popup,block-wrapper,content-tile,footer-component,image-replace,l-constrained,l-eight-block-center,l-eight-block-center-c0,l-three-block,l-three-block-c0,l-three-block-c1,l-three-block-c2,l-two-block,l-two-block-c0,l-two-block-c1,main-section,modal-close,modal-content,modal-inner,modal-window,object-fit,pt-column-control-inverted,responsive-image,rich-header,rich-text,tablesaw-enhanced,text-action-block,ui-accordion,ui-accordion-content,ui-accordion-header,ui-accordion-header-collapsed,ui-accordion-header-icon,ui-accordion-icons,ui-corner-all,ui-corner-bottom,ui-corner-top,ui-helper-reset,ui-icon,ui-state-default,ui-widget,ui-widget-content
r-d|https://www.astrazeneca.com/r-d/next-generation-therapeutics/multispecifics.html|archive-link-popup,block-wrapper,content-tile,footer-component,hero-feature,image-replace,l-constrained,l-eight-block-center,l-eight-block-center-c0,l-four-block,l-four-block-c0,l-four-block-c1,l-four-block-c2,l-four-block-c3,l-padded,l-three-block,l-three-block-c0,l-three-block-c1,l-three-block-c2,l-two-block,l-two-block-c0,l-two-block-c1,main-section,modal-close,modal-content,modal-inner,modal-window,object-fit,pt-column-control-inverted,responsive-bg,responsive-image,rich-text,tablesaw-enhanced,text-action-block,ui-accordion,ui-accordion-content,ui-accordion-header,ui-accordion-header-collapsed,ui-accordion-header-icon,ui-accordion-icons,ui-accordion-tagging,ui-corner-all,ui-corner-bottom,ui-corner-top,ui-helper-reset,ui-icon,ui-state-default,ui-widget,ui-widget-content
r-d|https://www.astrazeneca.com/r-d/precision-medicine.html|archive-link-popup,block-wrapper,carousel-full-bleed,carousel-outer-wrapper,content-tile,footer-component,generic-tabs,icon-link-panel,image-replace,jump-to,jump-to-anchor,l-constrained,l-one-block,l-one-block-c0,l-padded,l-three-block,l-three-block-c0,l-three-block-c1,l-three-block-c2,l-two-block,l-two-block-c0,l-two-block-c1,main-section,modal-close,modal-content,modal-inner,modal-window,object-fit,pt-column-control-inverted,responsive-image,rich-header,rich-text,slick-active,slick-arrow,slick-current,slick-disabled,slick-initialized,slick-list,slick-next,slick-prev,slick-slide,slick-slider,slick-track,tablesaw-enhanced,ui-accordion,ui-accordion-content,ui-accordion-header,ui-accordion-header-collapsed,ui-accordion-header-icon,ui-accordion-icons,ui-accordion-tagging,ui-corner-all,ui-corner-bottom,ui-corner-top,ui-helper-reset,ui-icon,ui-state-default,ui-widget,ui-widget-content,video-module,video-template
r-d|https://www.astrazeneca.com/r-d/clinical-innovation.html|archive-link-popup,az-filter-items,block-wrapper,carousel-full-bleed,carousel-outer-wrapper,content-tile,footer-component,icon-link-panel,image-replace,jump-to,jump-to-anchor,l-constrained,l-one-block,l-one-block-c0,l-padded,l-three-block,l-three-block-c0,l-three-block-c1,l-three-block-c2,main-section,modal-close,modal-content,modal-inner,modal-window,ng-scope,object-fit,pt-column-control-inverted,publications-list,responsive-image,rich-header,rich-text,slick-active,slick-arrow,slick-current,slick-disabled,slick-initialized,slick-list,slick-next,slick-prev,slick-slide,slick-slider,slick-track,tablesaw-enhanced,video-module,video-template
r-d|https://www.astrazeneca.com/r-d/our-technologies/cryo-em.html|archive-link-popup,block-wrapper,content-tile,footer-component,image-replace,l-constrained,l-eight-block-center,l-eight-block-center-c0,l-three-block,l-three-block-c0,l-three-block-c1,l-three-block-c2,l-two-block,l-two-block-c0,l-two-block-c1,main-section,modal-close,modal-content,modal-inner,modal-window,object-fit,pt-column-control-inverted,responsive-image,rich-header,rich-text,tablesaw-enhanced,text-action-block,ui-accordion,ui-accordion-content,ui-accordion-header,ui-accordion-header-collapsed,ui-accordion-header-icon,ui-accordion-icons,ui-corner-all,ui-corner-bottom,ui-corner-top,ui-helper-reset,ui-icon,ui-state-default,ui-widget,ui-widget-content
r-d|https://www.astrazeneca.com/r-d/next-generation-therapeutics/antibody-drug-conjugate.html|archive-link-popup,block-wrapper,content-tile,footer-component,hero-feature,image-replace,l-constrained,l-padded,l-three-block,l-three-block-c0,l-three-block-c1,l-three-block-c2,l-three-block-wide,l-three-block-wide-c0,l-three-block-wide-c1,l-three-block-wide-c2,l-two-block,l-two-block-c0,l-two-block-c1,main-section,modal-close,modal-content,modal-inner,modal-window,object-fit,pt-column-control-inverted,responsive-bg,responsive-image,rich-text,tablesaw-enhanced,text-action-block,ui-accordion,ui-accordion-content,ui-accordion-header,ui-accordion-header-collapsed,ui-accordion-header-icon,ui-accordion-icons,ui-accordion-tagging,ui-corner-all,ui-corner-bottom,ui-corner-top,ui-helper-reset,ui-icon,ui-state-default,ui-widget,ui-widget-content,video-module,video-template
r-d|https://www.astrazeneca.com/r-d/our-technologies/advanced-molecular-imaging.html|archive-link-popup,block-wrapper,content-tile,footer-component,image-replace,l-constrained,l-eight-block-center,l-eight-block-center-c0,l-three-block,l-three-block-c0,l-three-block-c1,l-three-block-c2,l-two-block,l-two-block-c0,l-two-block-c1,main-section,modal-close,modal-content,modal-inner,modal-window,object-fit,pt-column-control-inverted,responsive-image,rich-header,rich-text,tablesaw-enhanced,text-action-block,video-module,video-template
r-d|https://www.astrazeneca.com/r-d/our-technologies/machine-learning-drug-discovery.html|archive-link-popup,block-wrapper,content-tile,footer-component,image-replace,l-constrained,l-eight-block-center,l-eight-block-center-c0,l-padded,l-three-block,l-three-block-c0,l-three-block-c1,l-three-block-c2,main-section,modal-close,modal-content,modal-inner,modal-window,object-fit,pt-column-control-inverted,responsive-image,rich-header,rich-text,tablesaw-enhanced,text-action-block,ui-accordion,ui-accordion-content,ui-accordion-header,ui-accordion-header-collapsed,ui-accordion-header-icon,ui-accordion-icons,ui-corner-all,ui-corner-bottom,ui-corner-top,ui-helper-reset,ui-icon,ui-state-default,ui-widget,ui-widget-content
r-d|https://www.astrazeneca.com/r-d/next-generation-therapeutics/fragment-antibody.html|archive-link-popup,block-wrapper,content-tile,footer-component,image-replace,l-constrained,l-eight-block-center,l-eight-block-center-c0,l-three-block,l-three-block-c0,l-three-block-c1,l-three-block-c2,l-two-block,l-two-block-c0,l-two-block-c1,main-section,modal-close,modal-content,modal-inner,modal-window,object-fit,pt-column-control-inverted,responsive-image,rich-header,rich-text,tablesaw-enhanced,text-action-block
r-d|https://www.astrazeneca.com/r-d/our-technologies.html|archive-link-popup,block-wrapper,col-left,col-right,content-tile,email-first-name,email-last-name,email-signup,footer-component,image-replace,l-constrained,l-four-block,l-four-block-c0,l-four-block-c1,l-four-block-c2,l-four-block-c3,l-margin,l-padded,l-three-block,l-three-block-c0,l-three-block-c1,l-three-block-c2,l-two-block,l-two-block-c0,l-two-block-c1,link-image-panel-v2,main-section,modal-close,modal-content,modal-inner,modal-window,newsletter-sign-up,object-fit,pt-column-control-inverted,responsive-image,rich-header,rich-text,row-container,signup-container,signup-content,tablesaw-enhanced,text-action-block,vertical-align
r-d|https://www.astrazeneca.com/r-d/our-approach.html|archive-link-popup,block-wrapper,content-tile,cq-colctrl-default,cq-colctrl-default-c0,download-tile,footer-component,image-panel-feature,image-replace,jump-to,jump-to-anchor,l-constrained,l-eight-block-center,l-eight-block-center-c0,l-margin,l-one-block,l-one-block-c0,l-padded,l-three-block,l-three-block-c0,l-three-block-c1,l-three-block-c2,l-two-block,l-two-block-c0,l-two-block-c1,link-image-panel-v2,main-section,modal-close,modal-content,modal-inner,modal-window,object-fit,pt-column-control-inverted,responsive-bg,responsive-image,rich-header,rich-text,tablesaw-enhanced,text-action-block,video-module,video-template
r-d|https://www.astrazeneca.com/r-d/next-generation-therapeutics/nucleotide-based-therapeutics.html|archive-link-popup,block-wrapper,cmp-form-recaptcha,col-left,col-right,content-tile,email-first-name,email-last-name,email-signup,footer-component,g-recaptcha,g-recaptcha-response,grecaptcha-badge,grecaptcha-error,grecaptcha-logo,hero-feature,image-replace,jump-to,jump-to-anchor,l-constrained,l-eight-block-center,l-eight-block-center-c0,l-margin,l-padded,l-three-block,l-three-block-c0,l-three-block-c1,l-three-block-c2,l-two-block,l-two-block-c0,l-two-block-c1,main-section,modal-close,modal-content,modal-inner,modal-window,newsletter-sign-up,object-fit,pt-column-control-inverted,responsive-bg,responsive-image,rich-text,row-container,signup-container,signup-content,submit-captcha-btn,tablesaw-enhanced,ui-accordion,ui-accordion-content,ui-accordion-header,ui-accordion-header-collapsed,ui-accordion-header-icon,ui-accordion-icons,ui-corner-all,ui-corner-bottom,ui-corner-top,ui-helper-reset,ui-icon,ui-state-default,ui-widget,ui-widget-content,vertical-align,video-module,video-template
r-d|https://www.astrazeneca.com/r-d/next-generation-therapeutics/gene-therapy.html|archive-link-popup,block-wrapper,cq-colctrl-default,cq-colctrl-default-c0,footer-component,image-replace,img-circle,jump-to,jump-to-anchor,l-constrained,l-eight-block-center,l-eight-block-center-c0,l-margin,l-three-block,l-three-block-c0,l-three-block-c1,l-three-block-c2,l-two-block-small-med-stacked-large-eight-four,l-two-block-small-med-stacked-large-eight-four-c0,l-two-block-small-med-stacked-large-eight-four-c1,l-two-block-small-stacked-large-nine-three,l-two-block-small-stacked-large-nine-three-c0,l-two-block-small-stacked-large-nine-three-c1,main-section,modal-close,modal-content,modal-inner,modal-window,object-fit,pt-column-control-inverted,responsive-image,rich-header,rich-text,simple-show-more,tablesaw-enhanced,video-module,video-template
r-d|https://www.astrazeneca.com/r-d/next-generation-therapeutics/protacs.html|archive-link-popup,block-wrapper,content-tile,footer-component,image-replace,l-constrained,l-eight-block-center,l-eight-block-center-c0,l-three-block,l-three-block-c0,l-three-block-c1,l-three-block-c2,l-two-block,l-two-block-c0,l-two-block-c1,main-section,modal-close,modal-content,modal-inner,modal-window,object-fit,pt-column-control-inverted,responsive-image,rich-header,rich-text,tablesaw-enhanced,text-action-block,ui-accordion,ui-accordion-content,ui-accordion-header,ui-accordion-header-collapsed,ui-accordion-header-icon,ui-accordion-icons,ui-corner-all,ui-corner-bottom,ui-corner-top,ui-helper-reset,ui-icon,ui-state-default,ui-widget,ui-widget-content,video-module,video-template
r-d|https://www.astrazeneca.com/r-d/our-approach/stem-at-astrazeneca.html|archive-link-popup,block-wrapper,footer-component,image-replace,jump-to-anchor,l-constrained,l-eight-block-center,l-eight-block-center-c0,l-margin,l-three-block,l-three-block-c0,l-three-block-c1,l-three-block-c2,main-section,modal-close,modal-content,modal-inner,modal-window,object-fit,pt-column-control-inverted,responsive-image,rich-header,rich-text,tablesaw-enhanced,ui-accordion,ui-accordion-content,ui-accordion-header,ui-accordion-header-collapsed,ui-accordion-header-icon,ui-accordion-icons,ui-accordion-tagging,ui-corner-all,ui-corner-bottom,ui-corner-top,ui-helper-reset,ui-icon,ui-state-default,ui-widget,ui-widget-content,video-module,video-template
r-d|https://www.astrazeneca.com/r-d/next-generation-therapeutics/monoclonal-antibodies.html|archive-link-popup,block-wrapper,content-tile,footer-component,image-replace,l-constrained,l-eight-block-center,l-eight-block-center-c0,l-three-block,l-three-block-c0,l-three-block-c1,l-three-block-c2,l-two-block,l-two-block-c0,l-two-block-c1,main-section,modal-close,modal-content,modal-inner,modal-window,object-fit,pt-column-control-inverted,responsive-image,rich-header,rich-text,tablesaw-enhanced,text-action-block,ui-accordion,ui-accordion-content,ui-accordion-header,ui-accordion-header-collapsed,ui-accordion-header-icon,ui-accordion-icons,ui-corner-all,ui-corner-bottom,ui-corner-top,ui-helper-reset,ui-icon,ui-state-default,ui-widget,ui-widget-content
r-d|https://www.astrazeneca.com/r-d/our-technologies/functional-genomics.html|archive-link-popup,block-wrapper,carousel-full-bleed,carousel-outer-wrapper,content-tile,footer-component,image-replace,jump-to,jump-to-anchor,l-constrained,l-eight-block-center,l-eight-block-center-c0,l-margin,l-one-block,l-one-block-c0,l-six-block-center,l-six-block-center-c0,l-three-block,l-three-block-c0,l-three-block-c1,l-three-block-c2,link-image-panel-v2,main-section,modal-close,modal-content,modal-inner,modal-window,object-fit,pt-column-control-inverted,responsive-image,rich-header,rich-text,slick-active,slick-arrow,slick-current,slick-disabled,slick-initialized,slick-list,slick-next,slick-prev,slick-slide,slick-slider,slick-track,tablesaw-enhanced,ui-accordion,ui-accordion-content,ui-accordion-header,ui-accordion-header-collapsed,ui-accordion-header-icon,ui-accordion-icons,ui-accordion-tagging,ui-corner-all,ui-corner-bottom,ui-corner-top,ui-helper-reset,ui-icon,ui-state-default,ui-widget,ui-widget-content,video-module,video-template
r-d|https://www.astrazeneca.com/r-d/next-generation-therapeutics/radioconjugates.html|archive-link-popup,block-wrapper,content-tile,footer-component,hero-feature,image-replace,l-constrained,l-eight-block-center,l-eight-block-center-c0,l-four-block,l-four-block-c0,l-four-block-c1,l-four-block-c2,l-four-block-c3,l-padded,l-three-block,l-three-block-c0,l-three-block-c1,l-three-block-c2,l-two-block,l-two-block-c0,l-two-block-c1,main-section,modal-close,modal-content,modal-inner,modal-window,object-fit,pt-column-control-inverted,responsive-bg,responsive-image,rich-text,tablesaw-enhanced,text-action-block,ui-accordion,ui-accordion-content,ui-accordion-header,ui-accordion-header-collapsed,ui-accordion-header-icon,ui-accordion-icons,ui-accordion-tagging,ui-corner-all,ui-corner-bottom,ui-corner-top,ui-helper-reset,ui-icon,ui-state-default,ui-widget,ui-widget-content
r-d|https://www.astrazeneca.com/r-d/next-generation-therapeutics/in-vivo-expressed-biologics.html|archive-link-popup,block-wrapper,content-tile,footer-component,image-replace,l-constrained,l-eight-block-center,l-eight-block-center-c0,l-three-block,l-three-block-c0,l-three-block-c1,l-three-block-c2,l-two-block,l-two-block-c0,l-two-block-c1,main-section,modal-close,modal-content,modal-inner,modal-window,object-fit,pt-column-control-inverted,responsive-image,rich-header,rich-text,tablesaw-enhanced,text-action-block,ui-accordion,ui-accordion-content,ui-accordion-header,ui-accordion-header-collapsed,ui-accordion-header-icon,ui-accordion-icons,ui-corner-all,ui-corner-bottom,ui-corner-top,ui-helper-reset,ui-icon,ui-state-default,ui-widget,ui-widget-content
r-d|https://www.astrazeneca.com/r-d/next-generation-therapeutics/T-cell-engager.html|archive-link-popup,block-wrapper,content-tile,footer-component,image-replace,l-constrained,l-eight-block-center,l-eight-block-center-c0,l-three-block,l-three-block-c0,l-three-block-c1,l-three-block-c2,l-two-block,l-two-block-c0,l-two-block-c1,main-section,modal-close,modal-content,modal-inner,modal-window,object-fit,pt-column-control-inverted,responsive-image,rich-header,rich-text,tablesaw-enhanced,text-action-block,ui-accordion,ui-accordion-content,ui-accordion-header,ui-accordion-header-collapsed,ui-accordion-header-icon,ui-accordion-icons,ui-corner-all,ui-corner-bottom,ui-corner-top,ui-helper-reset,ui-icon,ui-state-default,ui-widget,ui-widget-content,video-module,video-template
r-d|https://www.astrazeneca.com/r-d/our-technologies/genomics.html|archive-link-popup,block-wrapper,carousel-full-bleed,carousel-outer-wrapper,content-tile,footer-component,icon-link-panel,image-replace,jump-to-anchor,l-constrained,l-flex-three-block,l-flex-three-block-c0,l-flex-three-block-c1,l-flex-three-block-c2,l-four-block,l-four-block-c0,l-four-block-c1,l-four-block-c2,l-four-block-c3,l-margin,l-one-block,l-one-block-c0,l-six-block-center,l-six-block-center-c0,l-three-block,l-three-block-c0,l-three-block-c1,l-three-block-c2,link-image-panel-v2,main-section,modal-close,modal-content,modal-inner,modal-window,object-fit,pt-column-control-inverted,responsive-image,rich-header,rich-text,section-header,slick-active,slick-arrow,slick-current,slick-disabled,slick-initialized,slick-list,slick-next,slick-prev,slick-slide,slick-slider,slick-track,tablesaw-enhanced,ui-accordion,ui-accordion-content,ui-accordion-header,ui-accordion-header-collapsed,ui-accordion-header-icon,ui-accordion-icons,ui-corner-all,ui-corner-bottom,ui-corner-top,ui-helper-reset,ui-icon,ui-state-default,ui-widget,ui-widget-content,video-module,video-template,wscd-split-feature,wscd-split-feature-tile
root|https://www.astrazeneca.com/what-science-can-do.html?filters=Topics/next-generation-therapeutics,Next%20generation%20therapeutics#filter|archive-link-popup,az-filter-items,block-wrapper,cmp-form-recaptcha,col-left,col-right,content-set-curator,email-first-name,email-last-name,email-signup,footer-component,g-recaptcha,g-recaptcha-response,grecaptcha-badge,grecaptcha-error,grecaptcha-logo,hero-header,homepage-hero,homepage-hero-story-wrapper,jump-to-anchor,l-constrained,l-one-block,l-one-block-c0,l-padded,main-section,modal-close,modal-content,modal-inner,modal-window,newsletter-sign-up,ng-scope,object-fit,pt-column-control-inverted,publications-list,rich-text,row-container,signup-container,signup-content,submit-captcha-btn,tablesaw-enhanced,treding-story-content,ui-accordion,ui-accordion-content,ui-accordion-header,ui-accordion-header-collapsed,ui-accordion-header-icon,ui-accordion-icons,ui-corner-all,ui-corner-bottom,ui-corner-top,ui-helper-reset,ui-icon,ui-state-default,ui-widget,ui-widget-content,vertical-align
root|https://www.astrazeneca.com/astrazeneca-exchange.html|archive-link-popup,block-wrapper,footer-component,image-replace,l-constrained,l-eight-block-center,l-eight-block-center-c0,l-margin,label-one,main-section,modal-close,modal-content,modal-inner,modal-window,object-fit,pt-column-control-inverted,responsive-image,rich-header,rich-text,tablesaw-enhanced
root|https://www.astrazeneca.com/|archive-link-popup,block-wrapper,footer-component,homepage-content-set,homepage-hero,homepage-hero-story-wrapper,image-panel-feature,image-replace,l-constrained,l-one-block,l-one-block-c0,l-padded,link-image-panel-v2,main-section,modal-close,modal-content,modal-inner,modal-window,object-fit,pt-column-control-inverted,responsive-bg,responsive-image,rich-header,rich-text,single-content-item,tablesaw-enhanced,text-action-block,treding-story-content,video-module,video-template
root|https://www.astrazeneca.com/our-therapy-areas.html|archive-link-popup,block-wrapper,footer-component,image-panel-feature,image-replace,jump-to,jump-to-anchor,l-constrained,l-flex-four-block,l-flex-four-block-c0,l-flex-four-block-c1,l-flex-four-block-c2,l-flex-four-block-c3,l-margin,l-one-block,l-one-block-c0,l-three-block,l-three-block-c0,l-three-block-c1,l-three-block-c2,main-section,modal-close,modal-content,modal-inner,modal-window,object-fit,pt-column-control-inverted,responsive-bg,responsive-image,rich-header,rich-text,section-header,tablesaw-enhanced
root|https://www.astrazeneca.com/our-company.html|archive-link-popup,block-wrapper,carousel-content,carousel-outer-wrapper,footer-component,homepage-hero,homepage-hero-story-wrapper,image-panel-feature,image-replace,jump-to,jump-to-anchor,l-constrained,l-margin,l-one-block,l-one-block-c0,l-padded,l-three-block,l-three-block-c0,l-three-block-c1,l-three-block-c2,link-image-panel-v2,main-section,modal-close,modal-content,modal-inner,modal-window,object-fit,pt-column-control-inverted,responsive-bg,responsive-image,rich-header,rich-text,slick-active,slick-arrow,slick-current,slick-disabled,slick-initialized,slick-list,slick-next,slick-prev,slick-slide,slick-slider,slick-track,tablesaw-enhanced,treding-story-content,video-module,video-template
root|https://www.astrazeneca.com/what-science-can-do.html?filters=Topics/predicting-clinical-success,Predicting%20clinical%20success#filter|archive-link-popup,az-filter-items,block-wrapper,cmp-form-recaptcha,col-left,col-right,content-set-curator,email-first-name,email-last-name,email-signup,footer-component,g-recaptcha,g-recaptcha-response,grecaptcha-badge,grecaptcha-error,grecaptcha-logo,hero-header,homepage-hero,homepage-hero-story-wrapper,jump-to-anchor,l-constrained,l-one-block,l-one-block-c0,l-padded,main-section,modal-close,modal-content,modal-inner,modal-window,newsletter-sign-up,ng-scope,object-fit,pt-column-control-inverted,publications-list,rich-text,row-container,signup-container,signup-content,submit-captcha-btn,tablesaw-enhanced,treding-story-content,ui-accordion,ui-accordion-content,ui-accordion-header,ui-accordion-header-collapsed,ui-accordion-header-icon,ui-accordion-icons,ui-corner-all,ui-corner-bottom,ui-corner-top,ui-helper-reset,ui-icon,ui-state-default,ui-widget,ui-widget-content,vertical-align
root|https://www.astrazeneca.com/investor-relations.html|archive-link-popup,block-wrapper,download-tile,event-card,event-listing-cards,footer-component,generic-tabs,image-replace,img-circle,jump-to,jump-to-anchor,l-constrained,l-flex-four-block,l-flex-four-block-c0,l-flex-four-block-c1,l-flex-four-block-c2,l-flex-four-block-c3,l-four-block,l-four-block-c0,l-four-block-c1,l-four-block-c2,l-four-block-c3,l-margin,l-one-block,l-two-block,l-two-block-c0,l-two-block-c1,link-image-panel-v2,main-section,modal-close,modal-content,modal-inner,modal-window,object-fit,promo-tiles,pt-column-control-inverted,responsive-image,rich-header,rich-text,shareholder-information,tablesaw-enhanced
root|https://www.astrazeneca.com/what-science-can-do.html?filters=sustainability,Sustainability#filter|archive-link-popup,az-filter-items,block-wrapper,cmp-form-recaptcha,col-left,col-right,content-set-curator,email-first-name,email-last-name,email-signup,footer-component,g-recaptcha,g-recaptcha-response,grecaptcha-badge,grecaptcha-error,grecaptcha-logo,hero-header,homepage-hero,homepage-hero-story-wrapper,jump-to-anchor,l-constrained,l-one-block,l-one-block-c0,l-padded,main-section,modal-close,modal-content,modal-inner,modal-window,newsletter-sign-up,ng-scope,object-fit,pt-column-control-inverted,publications-list,rich-text,row-container,signup-container,signup-content,submit-captcha-btn,tablesaw-enhanced,treding-story-content,ui-accordion,ui-accordion-content,ui-accordion-header,ui-accordion-header-collapsed,ui-accordion-header-icon,ui-accordion-icons,ui-corner-all,ui-corner-bottom,ui-corner-top,ui-helper-reset,ui-icon,ui-state-default,ui-widget,ui-widget-content,vertical-align
root|https://www.astrazeneca.com/what-science-can-do.html?filters=Topics/data-science-ai,Data%20Science%20%26%20AI#filter|archive-link-popup,az-filter-items,block-wrapper,cmp-form-recaptcha,col-left,col-right,content-set-curator,email-first-name,email-last-name,email-signup,footer-component,g-recaptcha,g-recaptcha-response,grecaptcha-badge,grecaptcha-error,grecaptcha-logo,hero-header,homepage-hero,homepage-hero-story-wrapper,jump-to-anchor,l-constrained,l-one-block,l-one-block-c0,l-padded,main-section,modal-close,modal-content,modal-inner,modal-window,newsletter-sign-up,ng-scope,object-fit,pt-column-control-inverted,publications-list,rich-text,row-container,signup-container,signup-content,submit-captcha-btn,tablesaw-enhanced,treding-story-content,ui-accordion,ui-accordion-content,ui-accordion-header,ui-accordion-header-collapsed,ui-accordion-header-icon,ui-accordion-icons,ui-corner-all,ui-corner-bottom,ui-corner-top,ui-helper-reset,ui-icon,ui-state-default,ui-widget,ui-widget-content,vertical-align
root|https://www.astrazeneca.com/404.html#:~:text=total%20abstracts%20across%20its%20Immunology,systemic%20lupus%20erythematosus%20(SLE).|archive-link-popup,block-wrapper,footer-component,image-replace,l-constrained,l-padded,main-section,modal-close,modal-content,modal-inner,modal-window,object-fit,pt-column-control-inverted,responsive-image,rich-header,rich-text,tablesaw-enhanced,ui-accordion,ui-accordion-content,ui-accordion-header,ui-accordion-header-collapsed,ui-accordion-header-icon,ui-accordion-icons,ui-corner-all,ui-corner-bottom,ui-corner-top,ui-helper-reset,ui-icon,ui-state-default,ui-widget,ui-widget-content
root|https://www.astrazeneca.com/terms-and-conditions.html|archive-link-popup,block-wrapper,footer-component,generic-tabs,hero-header,l-constrained,l-four-block,l-four-block-c0,l-four-block-c1,l-four-block-c2,l-four-block-c3,l-margin,l-one-block,l-three-block,l-three-block-c0,l-three-block-c1,l-three-block-c2,main-section,modal-close,modal-content,modal-inner,modal-window,object-fit,pt-column-control-inverted,rich-text,tablesaw-enhanced,ui-accordion,ui-accordion-content,ui-accordion-header,ui-accordion-header-collapsed,ui-accordion-header-icon,ui-accordion-icons,ui-accordion-tagging,ui-corner-all,ui-corner-bottom,ui-corner-top,ui-helper-reset,ui-icon,ui-state-default,ui-widget,ui-widget-content
root|https://www.astrazeneca.com/what-science-can-do.html?filters=Topics/technologies,Technonolgies#filter|archive-link-popup,az-filter-items,block-wrapper,cmp-form-recaptcha,col-left,col-right,content-set-curator,email-first-name,email-last-name,email-signup,footer-component,g-recaptcha,g-recaptcha-response,grecaptcha-badge,grecaptcha-error,grecaptcha-logo,hero-header,homepage-hero,homepage-hero-story-wrapper,jump-to-anchor,l-constrained,l-one-block,l-one-block-c0,l-padded,main-section,modal-close,modal-content,modal-inner,modal-window,newsletter-sign-up,ng-scope,object-fit,pt-column-control-inverted,publications-list,rich-text,row-container,signup-container,signup-content,submit-captcha-btn,tablesaw-enhanced,treding-story-content,ui-accordion,ui-accordion-content,ui-accordion-header,ui-accordion-header-collapsed,ui-accordion-header-icon,ui-accordion-icons,ui-corner-all,ui-corner-bottom,ui-corner-top,ui-helper-reset,ui-icon,ui-state-default,ui-widget,ui-widget-content,vertical-align
root|https://www.astrazeneca.com/what-science-can-do.html|archive-link-popup,az-filter-items,block-wrapper,cmp-form-recaptcha,col-left,col-right,content-set-curator,email-first-name,email-last-name,email-signup,footer-component,g-recaptcha,g-recaptcha-response,grecaptcha-badge,grecaptcha-error,grecaptcha-logo,hero-header,homepage-hero,homepage-hero-story-wrapper,jump-to-anchor,l-constrained,l-one-block,l-one-block-c0,l-padded,main-section,modal-close,modal-content,modal-inner,modal-window,newsletter-sign-up,ng-scope,object-fit,pt-column-control-inverted,publications-list,rich-text,row-container,signup-container,signup-content,submit-captcha-btn,tablesaw-enhanced,treding-story-content,ui-accordion,ui-accordion-content,ui-accordion-header,ui-accordion-header-collapsed,ui-accordion-header-icon,ui-accordion-icons,ui-corner-all,ui-corner-bottom,ui-corner-top,ui-helper-reset,ui-icon,ui-state-default,ui-widget,ui-widget-content,vertical-align
root|https://www.astrazeneca.com/404.html|archive-link-popup,block-wrapper,footer-component,image-replace,l-constrained,l-padded,main-section,modal-close,modal-content,modal-inner,modal-window,object-fit,pt-column-control-inverted,responsive-image,rich-header,rich-text,tablesaw-enhanced,ui-accordion,ui-accordion-content,ui-accordion-header,ui-accordion-header-collapsed,ui-accordion-header-icon,ui-accordion-icons,ui-corner-all,ui-corner-bottom,ui-corner-top,ui-helper-reset,ui-icon,ui-state-default,ui-widget,ui-widget-content
root|https://www.astrazeneca.com/what-science-can-do.html?filters=Topics/data-science-ai,Data%20Science%20and%20AI#filter|archive-link-popup,az-filter-items,block-wrapper,cmp-form-recaptcha,col-left,col-right,content-set-curator,email-first-name,email-last-name,email-signup,footer-component,g-recaptcha,g-recaptcha-response,grecaptcha-badge,grecaptcha-error,grecaptcha-logo,hero-header,homepage-hero,homepage-hero-story-wrapper,jump-to-anchor,l-constrained,l-one-block,l-one-block-c0,l-padded,main-section,modal-close,modal-content,modal-inner,modal-window,newsletter-sign-up,ng-scope,object-fit,pt-column-control-inverted,publications-list,rich-text,row-container,signup-container,signup-content,submit-captcha-btn,tablesaw-enhanced,treding-story-content,ui-accordion,ui-accordion-content,ui-accordion-header,ui-accordion-header-collapsed,ui-accordion-header-icon,ui-accordion-icons,ui-corner-all,ui-corner-bottom,ui-corner-top,ui-helper-reset,ui-icon,ui-state-default,ui-widget,ui-widget-content,vertical-align
root|https://www.astrazeneca.com/r-d.html|archive-link-popup,block-wrapper,footer-component,homepage-hero,homepage-hero-story-wrapper,icon-link-panel,image-panel-feature,image-replace,l-constrained,l-margin,l-one-block,l-one-block-c0,l-padded,l-three-block,l-three-block-c0,l-three-block-c1,l-three-block-c2,link-image-panel-v2,main-section,modal-close,modal-content,modal-inner,modal-window,object-fit,pt-column-control-inverted,responsive-bg,responsive-image,rich-header,rich-text,section-header,tablesaw-enhanced,treding-story-content,ui-accordion,ui-accordion-content,ui-accordion-header,ui-accordion-header-collapsed,ui-accordion-header-icon,ui-accordion-icons,ui-corner-all,ui-corner-bottom,ui-corner-top,ui-helper-reset,ui-icon,ui-state-default,ui-widget,ui-widget-content,video-module,video-template,wscd-split-feature-tile
root|https://www.astrazeneca.com/what-science-can-do.html?filters=Topics/technologies,Technologies#filter|archive-link-popup,az-filter-items,block-wrapper,cmp-form-recaptcha,col-left,col-right,content-set-curator,email-first-name,email-last-name,email-signup,footer-component,g-recaptcha,g-recaptcha-response,grecaptcha-badge,grecaptcha-error,grecaptcha-logo,hero-header,homepage-hero,homepage-hero-story-wrapper,jump-to-anchor,l-constrained,l-one-block,l-one-block-c0,l-padded,main-section,modal-close,modal-content,modal-inner,modal-window,newsletter-sign-up,ng-scope,object-fit,pt-column-control-inverted,publications-list,rich-text,row-container,signup-container,signup-content,submit-captcha-btn,tablesaw-enhanced,treding-story-content,ui-accordion,ui-accordion-content,ui-accordion-header,ui-accordion-header-collapsed,ui-accordion-header-icon,ui-accordion-icons,ui-corner-all,ui-corner-bottom,ui-corner-top,ui-helper-reset,ui-icon,ui-state-default,ui-widget,ui-widget-content,vertical-align
root|https://www.astrazeneca.com/what-science-can-do.html?filters=Topics/clinical-innovation,Clinical%20innovation#filter|archive-link-popup,az-filter-items,block-wrapper,cmp-form-recaptcha,col-left,col-right,content-set-curator,email-first-name,email-last-name,email-signup,footer-component,g-recaptcha,g-recaptcha-response,grecaptcha-badge,grecaptcha-error,grecaptcha-logo,hero-header,homepage-hero,homepage-hero-story-wrapper,jump-to-anchor,l-constrained,l-one-block,l-one-block-c0,l-padded,main-section,modal-close,modal-content,modal-inner,modal-window,newsletter-sign-up,ng-scope,object-fit,pt-column-control-inverted,publications-list,rich-text,row-container,signup-container,signup-content,submit-captcha-btn,tablesaw-enhanced,treding-story-content,ui-accordion,ui-accordion-content,ui-accordion-header,ui-accordion-header-collapsed,ui-accordion-header-icon,ui-accordion-icons,ui-corner-all,ui-corner-bottom,ui-corner-top,ui-helper-reset,ui-icon,ui-state-default,ui-widget,ui-widget-content,vertical-align
root|https://www.astrazeneca.com/publication.html|archive-link-popup,az-filter-items,block-wrapper,footer-component,image-replace,l-constrained,l-one-block,l-one-block-c0,main-section,modal-close,modal-content,modal-inner,modal-window,ng-scope,object-fit,pt-column-control-inverted,publications-list,responsive-image,rich-header,rich-text,tablesaw-enhanced
root|https://www.astrazeneca.com/legal-notice-and-terms-of-use.html|archive-link-popup,block-wrapper,footer-component,hero-header,l-constrained,l-padded,l-six-block-center,l-six-block-center-c0,main-section,modal-close,modal-content,modal-inner,modal-window,object-fit,pt-column-control-inverted,rich-text,tablesaw-enhanced,ui-accordion,ui-accordion-content,ui-accordion-header,ui-accordion-header-collapsed,ui-accordion-header-icon,ui-accordion-icons,ui-corner-all,ui-corner-bottom,ui-corner-top,ui-helper-reset,ui-icon,ui-state-default,ui-widget,ui-widget-content
root|https://www.astrazeneca.com/media-centre.html|archive-link-popup,block-wrapper,cmp-form-recaptcha,dynamic-news-container,email-signup,footer-component,g-recaptcha,g-recaptcha-response,grecaptcha-badge,grecaptcha-error,grecaptcha-logo,hero-header,l-constrained,l-four-block,l-four-block-c0,l-four-block-c1,l-four-block-c2,l-four-block-c3,l-three-block-wide,l-three-block-wide-c0,l-three-block-wide-c1,l-three-block-wide-c2,l-two-block,l-two-block-c0,l-two-block-c1,link-image-panel-v2,main-section,modal-close,modal-content,modal-inner,modal-window,object-fit,promo-tiles-v2,pt-column-control-inverted,rich-text,signup-content,submit-captcha-btn,tablesaw-enhanced
root|https://www.astrazeneca.com/what-science-can-do.html?filters=Topics/disease-understanding,Disease%20understanding#filter|archive-link-popup,az-filter-items,block-wrapper,cmp-form-recaptcha,col-left,col-right,content-set-curator,email-first-name,email-last-name,email-signup,footer-component,g-recaptcha,g-recaptcha-response,grecaptcha-badge,grecaptcha-error,grecaptcha-logo,hero-header,homepage-hero,homepage-hero-story-wrapper,jump-to-anchor,l-constrained,l-one-block,l-one-block-c0,l-padded,main-section,modal-close,modal-content,modal-inner,modal-window,newsletter-sign-up,ng-scope,object-fit,pt-column-control-inverted,publications-list,rich-text,row-container,signup-container,signup-content,submit-captcha-btn,tablesaw-enhanced,treding-story-content,ui-accordion,ui-accordion-content,ui-accordion-header,ui-accordion-header-collapsed,ui-accordion-header-icon,ui-accordion-icons,ui-corner-all,ui-corner-bottom,ui-corner-top,ui-helper-reset,ui-icon,ui-state-default,ui-widget,ui-widget-content,vertical-align
root|https://www.astrazeneca.com/what-science-can-do.html?filters=sustainability,Sustainability+science,Science#filter|archive-link-popup,az-filter-items,block-wrapper,cmp-form-recaptcha,col-left,col-right,content-set-curator,email-first-name,email-last-name,email-signup,footer-component,g-recaptcha,g-recaptcha-response,grecaptcha-badge,grecaptcha-error,grecaptcha-logo,hero-header,homepage-hero,homepage-hero-story-wrapper,jump-to-anchor,l-constrained,l-one-block,l-one-block-c0,l-padded,main-section,modal-close,modal-content,modal-inner,modal-window,newsletter-sign-up,ng-scope,object-fit,pt-column-control-inverted,publications-list,rich-text,row-container,signup-container,signup-content,submit-captcha-btn,tablesaw-enhanced,treding-story-content,ui-accordion,ui-accordion-content,ui-accordion-header,ui-accordion-header-collapsed,ui-accordion-header-icon,ui-accordion-icons,ui-corner-all,ui-corner-bottom,ui-corner-top,ui-helper-reset,ui-icon,ui-state-default,ui-widget,ui-widget-content,vertical-align
root|https://www.astrazeneca.com/partnering.html|archive-link-popup,block-wrapper,footer-component,image-panel-feature,image-replace,isolated-news-component,jump-to,l-constrained,l-margin,l-one-block,l-one-block-c0,l-padded,l-six-block-stacked,l-six-block-stacked-c0,l-six-block-stacked-c1,l-six-block-stacked-c2,l-six-block-stacked-c3,l-six-block-stacked-c4,l-six-block-stacked-c5,l-three-block,l-three-block-c0,l-three-block-c1,l-three-block-c2,l-two-block,l-two-block-c0,l-two-block-c1,link-image-panel-v2,main-section,modal-close,modal-content,modal-inner,modal-window,news-component,object-fit,pt-column-control-inverted,responsive-bg,responsive-image,rich-header,rich-text,section-header,tablesaw-enhanced,video-module,video-template
root|https://www.astrazeneca.com/sustainability.html|archive-link-popup,block-wrapper,cq-colctrl-default,cq-colctrl-default-c0,footer-component,image-replace,jump-to-anchor,l-constrained,l-four-block,l-four-block-c0,l-four-block-c1,l-four-block-c2,l-four-block-c3,l-three-block,l-three-block-c0,l-three-block-c1,l-three-block-c2,main-section,modal-close,modal-content,modal-inner,modal-window,object-fit,pt-column-control-inverted,responsive-image,rich-header,rich-text,tablesaw-enhanced,text-action-block,text-action-block-light-platinum,ui-accordion,ui-accordion-content,ui-accordion-header,ui-accordion-header-collapsed,ui-accordion-header-icon,ui-accordion-icons,ui-corner-all,ui-corner-bottom,ui-corner-top,ui-helper-reset,ui-icon,ui-state-default,ui-widget,ui-widget-content,video-module,video-template,wscd-split-feature-tile
root|https://www.astrazeneca.com/what-science-can-do.html?filters=Topics/covid-19,COVID-19#filter|archive-link-popup,az-filter-items,block-wrapper,cmp-form-recaptcha,col-left,col-right,content-set-curator,email-first-name,email-last-name,email-signup,footer-component,g-recaptcha,g-recaptcha-response,grecaptcha-badge,grecaptcha-error,grecaptcha-logo,hero-header,homepage-hero,homepage-hero-story-wrapper,jump-to-anchor,l-constrained,l-one-block,l-one-block-c0,l-padded,main-section,modal-close,modal-content,modal-inner,modal-window,newsletter-sign-up,ng-scope,object-fit,pt-column-control-inverted,publications-list,rich-text,row-container,signup-container,signup-content,submit-captcha-btn,tablesaw-enhanced,treding-story-content,ui-accordion,ui-accordion-content,ui-accordion-header,ui-accordion-header-collapsed,ui-accordion-header-icon,ui-accordion-icons,ui-corner-all,ui-corner-bottom,ui-corner-top,ui-helper-reset,ui-icon,ui-state-default,ui-widget,ui-widget-content,vertical-align
sustainability|https://www.astrazeneca.com/sustainability/nature/pharmaceuticals-in-the-environment/dashboard-archive.html|archive-link-popup,block-wrapper,font-weight-bold,footer-component,geo-map-overlay,hero-header,l-constrained,main-section,mdi-arrow-up,mdi-chevron-down,mdi-chevron-up,mdi-information,mdi-refresh,modal-close,modal-content,modal-inner,modal-window,object-fit,ol-attribution,ol-attribution-collpase,ol-compass,ol-control,ol-hidden,ol-layer,ol-layers,ol-overlaycontainer,ol-overlaycontainer-stopevent,ol-rotate,ol-rotate-reset,ol-uncollapsible,ol-unselectable,ol-viewport,ol-zoom,ol-zoom-in,ol-zoom-out,pt-column-control-inverted,rich-text,tablesaw-enhanced,text-start,v-application,v-btn,v-card,v-data-table,v-data-table-header,v-expansion-panel,v-expansion-panel-header,v-expansion-panels,v-icon,v-input,v-item-group,v-label,v-main,v-overlay,v-sheet,v-text-field,v-toolbar
sustainability|https://www.astrazeneca.com/sustainability/climate-change/renewable-energy.html|archive-link-popup,block-wrapper,footer-component,image-replace,l-constrained,l-eight-block-center,l-eight-block-center-c0,l-margin,main-section,modal-close,modal-content,modal-inner,modal-window,object-fit,pt-column-control-inverted,responsive-image,rich-header,rich-text,tablesaw-enhanced
sustainability|https://www.astrazeneca.com/sustainability/climate-change.html|archive-link-popup,article-container,article-cta,article-cta-align,block-wrapper,btn-outline-mulberry,footer-component,image-replace,jump-to-anchor,l-constrained,l-flex-three-block,l-flex-three-block-c0,l-flex-three-block-c1,l-flex-three-block-c2,l-four-block,l-four-block-c0,l-four-block-c1,l-four-block-c2,l-four-block-c3,l-three-block,l-three-block-c0,l-three-block-c1,l-three-block-c2,main-section,modal-close,modal-content,modal-inner,modal-window,object-fit,pt-column-control-inverted,responsive-image,rich-header,rich-text,tablesaw-enhanced,ui-accordion,ui-accordion-content,ui-accordion-header,ui-accordion-header-collapsed,ui-accordion-header-icon,ui-accordion-icons,ui-corner-all,ui-corner-bottom,ui-corner-top,ui-helper-reset,ui-icon,ui-state-default,ui-widget,ui-widget-content
sustainability|https://www.astrazeneca.com/sustainability/partnerships-and-alliances.html|archive-link-popup,article-container,article-cta,article-cta-align,block-wrapper,btn-outline-mulberry,footer-component,homepage-hero,homepage-hero-story-wrapper,image-replace,jump-to-anchor,l-constrained,l-padded,main-section,modal-close,modal-content,modal-inner,modal-window,object-fit,pt-column-control-inverted,responsive-image,rich-header,rich-text,tablesaw-enhanced,treding-story-content,ui-accordion,ui-accordion-content,ui-accordion-header,ui-accordion-header-collapsed,ui-accordion-header-icon,ui-accordion-icons,ui-corner-all,ui-corner-bottom,ui-corner-top,ui-helper-reset,ui-icon,ui-state-default,ui-widget,ui-widget-content
sustainability|https://www.astrazeneca.com/sustainability/ethics-compliance/data-and-ai-ethics.html|archive-link-popup,block-wrapper,carousel-full-bleed,carousel-outer-wrapper,footer-component,image-replace,l-constrained,l-margin,l-one-block,l-one-block-c0,main-section,modal-close,modal-content,modal-inner,modal-window,object-fit,pt-column-control-inverted,responsive-image,rich-header,rich-text,slick-active,slick-arrow,slick-current,slick-disabled,slick-initialized,slick-list,slick-next,slick-prev,slick-slide,slick-slider,slick-track,tablesaw-enhanced,ui-accordion,ui-accordion-content,ui-accordion-header,ui-accordion-header-collapsed,ui-accordion-header-icon,ui-accordion-icons,ui-accordion-tagging,ui-corner-all,ui-corner-bottom,ui-corner-top,ui-helper-reset,ui-icon,ui-state-default,ui-widget,ui-widget-content
sustainability|https://www.astrazeneca.com/sustainability/ethics-compliance/bioethics.html|archive-link-popup,block-wrapper,content-tile,footer-component,image-replace,l-constrained,l-three-block,l-three-block-c0,l-three-block-c1,l-three-block-c2,main-section,modal-close,modal-content,modal-inner,modal-window,object-fit,pt-column-control-inverted,responsive-image,rich-header,rich-text,tablesaw-enhanced
sustainability|https://www.astrazeneca.com/sustainability/resources.html|archive-link-popup,block-wrapper,download-tile,footer-component,image-replace,jump-to-anchor,l-constrained,l-four-block,l-four-block-c0,l-four-block-c1,l-four-block-c2,l-four-block-c3,l-three-block,l-three-block-c0,l-three-block-c1,l-three-block-c2,l-two-block,l-two-block-c0,l-two-block-c1,main-section,modal-close,modal-content,modal-inner,modal-window,mode-stack,object-fit,pt-column-control-inverted,responsive-image,rich-header,rich-text,tablesaw-bar,tablesaw-cell-content,tablesaw-cell-label,tablesaw-enhanced,tablesaw-stack,text-action-block,ui-accordion,ui-accordion-content,ui-accordion-header,ui-accordion-header-collapsed,ui-accordion-header-icon,ui-accordion-icons,ui-accordion-tagging,ui-corner-all,ui-corner-bottom,ui-corner-top,ui-helper-reset,ui-icon,ui-state-default,ui-widget,ui-widget-content,wscd-split-feature-tile
sustainability|https://www.astrazeneca.com/sustainability/ethics-compliance.html|archive-link-popup,article-container,article-cta,article-cta-align,block-wrapper,btn-outline-mulberry,footer-component,image-replace,jump-to,jump-to-anchor,l-constrained,l-three-block,l-three-block-c0,l-three-block-c1,l-three-block-c2,main-section,modal-close,modal-content,modal-inner,modal-window,object-fit,pt-column-control-inverted,responsive-image,rich-header,rich-text,tablesaw-enhanced
sustainability|https://www.astrazeneca.com/sustainability/resources/sustainability-governance.html|archive-link-popup,article-container,article-cta,article-cta-align,block-wrapper,btn-outline-mulberry,download-tile,footer-component,image-replace,l-constrained,l-margin,main-section,modal-close,modal-content,modal-inner,modal-window,object-fit,pt-column-control-inverted,responsive-image,rich-header,rich-text,tablesaw-enhanced
sustainability|https://www.astrazeneca.com/sustainability/nature.html|archive-link-popup,article-container,article-cta,article-cta-align,block-wrapper,btn-outline-mulberry,footer-component,image-replace,l-constrained,l-flex-three-block,l-flex-three-block-c0,l-flex-three-block-c1,l-flex-three-block-c2,main-section,modal-close,modal-content,modal-inner,modal-window,object-fit,pt-column-control-inverted,responsive-image,rich-header,rich-text,tablesaw-enhanced,ui-accordion,ui-accordion-content,ui-accordion-header,ui-accordion-header-collapsed,ui-accordion-header-icon,ui-accordion-icons,ui-corner-all,ui-corner-bottom,ui-corner-top,ui-helper-reset,ui-icon,ui-state-default,ui-widget,ui-widget-content,video-module,video-template
sustainability|https://www.astrazeneca.com/sustainability/climate-change/product-sustainability.html|archive-link-popup,article-container,article-cta,article-cta-align,block-wrapper,btn-outline-mulberry,footer-component,homepage-hero,homepage-hero-story-wrapper,image-replace,l-constrained,l-eight-block-center,l-eight-block-center-c0,l-flex-two-block,l-flex-two-block-c0,l-flex-two-block-c1,l-padded,main-section,modal-close,modal-content,modal-inner,modal-window,object-fit,pt-column-control-inverted,responsive-image,rich-header,rich-text,tablesaw-enhanced,treding-story-content,ui-accordion,ui-accordion-content,ui-accordion-header,ui-accordion-header-collapsed,ui-accordion-header-icon,ui-accordion-icons,ui-corner-all,ui-corner-bottom,ui-corner-top,ui-helper-reset,ui-icon,ui-state-default,ui-widget,ui-widget-content
sustainability|https://www.astrazeneca.com/sustainability/nature/pharmaceuticals-in-the-environment.html|archive-link-popup,block-wrapper,download-tile,footer-component,image-replace,jump-to-anchor,l-constrained,link-image-panel-v2,main-section,modal-close,modal-content,modal-inner,modal-window,object-fit,pt-column-control-inverted,responsive-image,rich-header,rich-text,tablesaw-enhanced,video-module,video-template
sustainability|https://www.astrazeneca.com/sustainability/health-equity/healthy-heart-africa.html|archive-link-popup,block-wrapper,download-tile,footer-component,icon-link-panel,image-replace,l-constrained,l-margin,l-padded,l-three-block,l-three-block-c0,l-three-block-c1,l-three-block-c2,main-section,modal-close,modal-content,modal-inner,modal-window,object-fit,pt-column-control-inverted,responsive-image,rich-header,rich-text,tablesaw-enhanced
sustainability|https://www.astrazeneca.com/sustainability/climate-change/az-forest.html|archive-link-popup,block-wrapper,carousel-full-bleed,carousel-outer-wrapper,footer-component,homepage-hero,homepage-hero-story-wrapper,image-replace,l-constrained,l-margin,l-one-block,l-one-block-c0,l-padded,main-section,modal-close,modal-content,modal-inner,modal-window,object-fit,pt-column-control-inverted,responsive-image,rich-header,rich-text,section-header,slick-active,slick-arrow,slick-current,slick-disabled,slick-initialized,slick-list,slick-next,slick-prev,slick-slide,slick-slider,slick-track,tablesaw-enhanced,treding-story-content,ui-accordion,ui-accordion-content,ui-accordion-header,ui-accordion-header-collapsed,ui-accordion-header-icon,ui-accordion-icons,ui-corner-all,ui-corner-bottom,ui-corner-top,ui-helper-reset,ui-icon,ui-state-default,ui-widget,ui-widget-content,video-module,video-template
sustainability|https://www.astrazeneca.com/sustainability/resources/our-impact.html|archive-link-popup,block-wrapper,content-tile,download-tile,footer-component,generic-tabs,image-replace,l-constrained,l-one-block,l-padded,l-three-block,l-three-block-c0,l-three-block-c1,l-three-block-c2,main-section,modal-close,modal-content,modal-inner,modal-window,object-fit,pt-column-control-inverted,responsive-image,rich-header,rich-text,tablesaw-enhanced,wscd-split-feature-tile
sustainability|https://www.astrazeneca.com/sustainability/health-systems-resilience/PHSSR.html|archive-link-popup,article-container,article-cta,article-cta-align,block-wrapper,btn-outline-mulberry,footer-component,image-replace,l-constrained,l-eight-block-center,l-eight-block-center-c0,l-flex-three-block,l-flex-three-block-c0,l-flex-three-block-c1,l-flex-three-block-c2,l-margin,l-three-block,l-three-block-c0,l-three-block-c1,l-three-block-c2,main-section,modal-close,modal-content,modal-inner,modal-window,object-fit,pt-column-control-inverted,responsive-image,rich-header,rich-text,tablesaw-enhanced,ui-accordion,ui-accordion-content,ui-accordion-header,ui-accordion-header-collapsed,ui-accordion-header-icon,ui-accordion-icons,ui-accordion-tagging,ui-corner-all,ui-corner-bottom,ui-corner-top,ui-helper-reset,ui-icon,ui-state-default,ui-widget,ui-widget-content
sustainability|https://www.astrazeneca.com/sustainability/nature/waste-circularity.html|archive-link-popup,article-container,article-cta,article-cta-align,block-wrapper,btn-outline-mulberry,footer-component,image-replace,l-constrained,l-eight-block-center,l-eight-block-center-c0,l-margin,main-section,modal-close,modal-content,modal-inner,modal-window,object-fit,pt-column-control-inverted,responsive-image,rich-header,rich-text,tablesaw-enhanced
sustainability|https://www.astrazeneca.com/sustainability/workforce-safety-and-health.html|archive-link-popup,article-container,article-cta,article-cta-align,block-wrapper,btn-outline-mulberry,footer-component,image-replace,l-constrained,link-image-panel-v2,main-section,modal-close,modal-content,modal-inner,modal-window,object-fit,pt-column-control-inverted,responsive-image,rich-header,rich-text,tablesaw-enhanced
sustainability|https://www.astrazeneca.com/sustainability/resources/archive.html|archive-link-popup,block-wrapper,download-tile,footer-component,image-replace,l-constrained,l-three-block,l-three-block-c0,l-three-block-c1,l-three-block-c2,main-section,modal-close,modal-content,modal-inner,modal-window,object-fit,promo-tiles-v2,pt-column-control-inverted,responsive-image,rich-header,rich-text,tablesaw-enhanced,ui-accordion,ui-accordion-content,ui-accordion-header,ui-accordion-header-collapsed,ui-accordion-header-icon,ui-accordion-icons,ui-accordion-tagging,ui-corner-all,ui-corner-bottom,ui-corner-top,ui-helper-reset,ui-icon,ui-state-default,ui-widget,ui-widget-content
sustainability|https://www.astrazeneca.com/sustainability/ethics-compliance/our-commitment-to-clinical-trial-transparency.html|archive-link-popup,block-wrapper,footer-component,image-replace,l-constrained,l-margin,main-section,modal-close,modal-content,modal-inner,modal-window,object-fit,pt-column-control-inverted,responsive-image,rich-header,rich-text,section-header,tablesaw-enhanced
sustainability|https://www.astrazeneca.com/sustainability/health-systems-resilience.html|archive-link-popup,article-container,article-cta,article-cta-align,block-wrapper,btn-outline-mulberry,footer-component,image-replace,l-constrained,l-margin,l-three-block,l-three-block-c0,l-three-block-c1,l-three-block-c2,main-section,modal-close,modal-content,modal-inner,modal-window,object-fit,pt-column-control-inverted,responsive-image,rich-header,rich-text,tablesaw-enhanced,wscd-split-feature-tile
sustainability|https://www.astrazeneca.com/sustainability/health-equity/community-investment.html|archive-link-popup,article-container,article-cta,article-cta-align,block-wrapper,btn-outline-mulberry,footer-component,image-replace,l-constrained,l-flex-four-block,l-flex-four-block-c0,l-flex-four-block-c1,l-flex-four-block-c2,l-flex-four-block-c3,l-margin,l-three-block,l-three-block-c0,l-three-block-c1,l-three-block-c2,main-section,modal-close,modal-content,modal-inner,modal-window,object-fit,pt-column-control-inverted,responsive-image,rich-header,rich-text,tablesaw-enhanced
sustainability|https://www.astrazeneca.com/sustainability/health-equity/healthcare-delivery.html|archive-link-popup,article-container,article-cta,article-cta-align,block-wrapper,btn-outline-mulberry,footer-component,homepage-hero,homepage-hero-story-wrapper,image-replace,l-constrained,l-padded,main-section,modal-close,modal-content,modal-inner,modal-window,object-fit,pt-column-control-inverted,responsive-image,rich-header,rich-text,tablesaw-enhanced,treding-story-content
sustainability|https://www.astrazeneca.com/sustainability/ethics-compliance/animals-in-research.html|archive-link-popup,block-wrapper,carousel-full-bleed,carousel-outer-wrapper,content-tile,footer-component,image-replace,jump-to-anchor,l-constrained,l-margin,l-one-block,l-one-block-c0,l-padded,l-three-block,l-three-block-c0,l-three-block-c1,l-three-block-c2,main-section,modal-close,modal-content,modal-inner,modal-window,object-fit,pt-column-control-inverted,responsive-image,rich-header,rich-text,slick-active,slick-arrow,slick-current,slick-disabled,slick-initialized,slick-list,slick-next,slick-prev,slick-slide,slick-slider,slick-track,tablesaw-enhanced,ui-accordion,ui-accordion-content,ui-accordion-header,ui-accordion-header-collapsed,ui-accordion-header-icon,ui-accordion-icons,ui-accordion-tagging,ui-corner-all,ui-corner-bottom,ui-corner-top,ui-helper-reset,ui-icon,ui-state-default,ui-widget,ui-widget-content
sustainability|https://www.astrazeneca.com/sustainability/ethics-compliance/astrazeneca-and-global-transparency.html|archive-link-popup,block-wrapper,footer-component,image-replace,l-constrained,l-margin,l-three-block,l-three-block-c0,l-three-block-c1,l-three-block-c2,main-section,modal-close,modal-content,modal-inner,modal-window,object-fit,pt-column-control-inverted,responsive-image,rich-header,rich-text,section-header,tablesaw-enhanced,ui-accordion,ui-accordion-content,ui-accordion-header,ui-accordion-header-collapsed,ui-accordion-header-icon,ui-accordion-icons,ui-accordion-tagging,ui-corner-all,ui-corner-bottom,ui-corner-top,ui-helper-reset,ui-icon,ui-state-default,ui-widget,ui-widget-content
sustainability|https://www.astrazeneca.com/sustainability/nature/water-stewardship.html|archive-link-popup,article-container,article-cta,article-cta-align,block-wrapper,btn-outline-mulberry,footer-component,image-replace,l-constrained,l-margin,main-section,modal-close,modal-content,modal-inner,modal-window,object-fit,pt-column-control-inverted,responsive-image,rich-header,rich-text,section-header,tablesaw-enhanced,ui-accordion,ui-accordion-content,ui-accordion-header,ui-accordion-header-collapsed,ui-accordion-header-icon,ui-accordion-icons,ui-corner-all,ui-corner-bottom,ui-corner-top,ui-helper-reset,ui-icon,ui-state-default,ui-widget,ui-widget-content
sustainability|https://www.astrazeneca.com/sustainability/resources/double-materiality-assessment.html|archive-link-popup,block-wrapper,footer-component,image-replace,l-constrained,l-margin,main-section,modal-close,modal-content,modal-inner,modal-window,object-fit,pt-column-control-inverted,responsive-image,rich-header,rich-text,tablesaw-enhanced
sustainability|https://www.astrazeneca.com/sustainability/health-equity.html|archive-link-popup,article-container,article-cta,article-cta-align,block-wrapper,btn-outline-mulberry,footer-component,image-replace,l-constrained,l-flex-two-block,l-flex-two-block-c0,l-flex-two-block-c1,l-margin,l-padded,l-three-block,l-three-block-c0,l-three-block-c1,l-three-block-c2,main-section,modal-close,modal-content,modal-inner,modal-window,object-fit,pt-column-control-inverted,responsive-image,rich-header,rich-text,tablesaw-enhanced,wscd-split-feature-tile
sustainability|https://www.astrazeneca.com/sustainability/health-equity/science.html|archive-link-popup,article-container,article-cta,article-cta-align,block-wrapper,btn-outline-mulberry,footer-component,homepage-hero,homepage-hero-story-wrapper,image-replace,l-constrained,l-padded,l-three-block,l-three-block-c0,l-three-block-c1,l-three-block-c2,main-section,modal-close,modal-content,modal-inner,modal-window,object-fit,pt-column-control-inverted,responsive-image,rich-header,rich-text,tablesaw-enhanced,treding-story-content
sustainability|https://www.astrazeneca.com/sustainability/nature/pharmaceuticals-in-the-environment/EcoPharmacoVigilance-Dashboard.html|archive-link-popup,bg-accent,bg-actions,bg-white,block-wrapper,font-weight-bold,footer-component,geo-map-overlay,gm-wrapper,hero-header,l-constrained,main-section,mdi-arrow-up,mdi-chevron-down,mdi-chevron-up,mdi-information,mdi-refresh,modal-close,modal-content,modal-inner,modal-window,object-fit,ol-attribution,ol-attribution-collapse,ol-compass,ol-control,ol-hidden,ol-layer,ol-layers,ol-overlaycontainer,ol-overlaycontainer-stopevent,ol-rotate,ol-rotate-reset,ol-uncollapsible,ol-unselectable,ol-viewport,ol-zoom,ol-zoom-in,ol-zoom-out,pt-column-control-inverted,rich-text,stat-field,tablesaw-enhanced,test-geo,text-white,v-application,v-btn,v-card,v-col,v-col-true,v-container,v-data-table,v-expansion-panel,v-expansion-panel-text,v-expansion-panel-title,v-expansion-panels,v-field,v-field-label,v-icon,v-input,v-label,v-layout,v-list,v-main,v-progress-linear,v-row,v-spacer,v-table,v-text-field,v-toolbar,w-auto
what-science-can-do|https://www.astrazeneca.com/what-science-can-do/topics/next-generation-therapeutics/liquid-biopsy-ctdna.html|archive-link-popup,block-wrapper,col-left,col-right,content-tile,email-first-name,email-last-name,email-signup,footer-component,hero-feature,image-replace,l-constrained,l-eight-block-center,l-eight-block-center-c0,l-four-block,l-four-block-c0,l-four-block-c1,l-four-block-c2,l-four-block-c3,l-margin,l-padded,l-three-block,l-three-block-c0,l-three-block-c1,l-three-block-c2,main-section,modal-close,modal-content,modal-inner,modal-window,newsletter-sign-up,object-fit,pt-column-control-inverted,responsive-bg,responsive-image,rich-text,row-container,signup-container,signup-content,tablesaw-enhanced,ui-accordion,ui-accordion-content,ui-accordion-header,ui-accordion-header-collapsed,ui-accordion-header-icon,ui-accordion-icons,ui-corner-all,ui-corner-bottom,ui-corner-top,ui-helper-reset,ui-icon,ui-state-default,ui-widget,ui-widget-content,vertical-align,video-module,video-template
what-science-can-do|https://www.astrazeneca.com/what-science-can-do/topics/clinical-innovation/holistic-approaches-for-oncology-clinical-development.html|archive-link-popup,block-wrapper,col-left,col-right,content-tile,email-first-name,email-last-name,email-signup,footer-component,hero-feature,image-replace,img-circle,l-constrained,l-margin,l-padded,l-three-block,l-three-block-c0,l-three-block-c1,l-three-block-c2,l-two-block,l-two-block-c0,l-two-block-c1,main-section,modal-close,modal-content,modal-inner,modal-window,newsletter-sign-up,object-fit,pt-column-control-inverted,responsive-bg,responsive-image,rich-text,row-container,signup-container,signup-content,tablesaw-enhanced,vertical-align
what-science-can-do|https://www.astrazeneca.com/what-science-can-do/stories-of-impact.html?filters=teams-and-partnerships,Teams%20and%20partnerships#filter|archive-link-popup,article-container,article-cta,article-cta-align,az-filter-items,bg-image-wrapper,block-wrapper,btn-outline-white,footer-component,homepage-hero,homepage-hero-story-wrapper,image-replace,jump-to-anchor,l-constrained,l-one-block,l-one-block-c0,l-padded,l-three-block,l-three-block-c0,l-three-block-c1,l-three-block-c2,main-section,modal-close,modal-content,modal-inner,modal-window,ng-scope,object-fit,pt-column-control-inverted,publications-list,responsive-image,rich-header,rich-text,tablesaw-enhanced,treding-story-content,ui-accordion,ui-accordion-content,ui-accordion-header,ui-accordion-header-collapsed,ui-accordion-header-icon,ui-accordion-icons,ui-corner-all,ui-corner-bottom,ui-corner-top,ui-helper-reset,ui-icon,ui-state-default,ui-widget,ui-widget-content,video-module,video-template
what-science-can-do|https://www.astrazeneca.com/what-science-can-do/topics/sustainability.html|archive-link-popup,az-filter-items,block-wrapper,cmp-form-recaptcha,col-left,col-right,content-set-curator,email-first-name,email-last-name,email-signup,footer-component,g-recaptcha,g-recaptcha-response,grecaptcha-badge,grecaptcha-error,grecaptcha-logo,image-replace,l-constrained,l-one-block,l-one-block-c0,main-section,modal-close,modal-content,modal-inner,modal-window,newsletter-sign-up,ng-scope,object-fit,pt-column-control-inverted,publications-list,responsive-image,rich-header,rich-text,row-container,signup-container,signup-content,submit-captcha-btn,tablesaw-enhanced,ui-accordion,ui-accordion-content,ui-accordion-header,ui-accordion-header-collapsed,ui-accordion-header-icon,ui-accordion-icons,ui-corner-all,ui-corner-bottom,ui-corner-top,ui-helper-reset,ui-icon,ui-state-default,ui-widget,ui-widget-content,vertical-align
what-science-can-do|https://www.astrazeneca.com/what-science-can-do/topics/data-science-ai/uniting-human-and-machine-intelligence-for-drug-discovery.html#modal-historic-confirmation|archive-link-popup,block-wrapper,col-left,col-right,content-tile,email-first-name,email-last-name,email-signup,footer-component,hero-feature,image-replace,img-circle,l-constrained,l-flex-three-block,l-flex-three-block-c0,l-flex-three-block-c1,l-flex-three-block-c2,l-margin,l-padded,l-three-block,l-three-block-c0,l-three-block-c1,l-three-block-c2,l-two-block,l-two-block-c0,l-two-block-c1,main-section,modal-close,modal-content,modal-inner,modal-window,newsletter-sign-up,object-fit,pt-column-control-inverted,responsive-bg,responsive-image,rich-text,row-container,signup-container,signup-content,tablesaw-enhanced,ui-accordion,ui-accordion-content,ui-accordion-header,ui-accordion-header-collapsed,ui-accordion-header-icon,ui-accordion-icons,ui-corner-all,ui-corner-bottom,ui-corner-top,ui-helper-reset,ui-icon,ui-state-default,ui-widget,ui-widget-content,vertical-align,video-module,video-template
what-science-can-do|https://www.astrazeneca.com/what-science-can-do/topics/data-science-ai/how-data-and-ai-are-helping-unlock-the-secrets-of-disease.html#modal-historic-confirmation|archive-link-popup,block-wrapper,col-left,col-right,content-tile,email-first-name,email-last-name,email-signup,footer-component,hero-feature,image-replace,img-circle,l-constrained,l-margin,l-padded,l-three-block,l-three-block-c0,l-three-block-c1,l-three-block-c2,l-two-block,l-two-block-c0,l-two-block-c1,main-section,modal-close,modal-content,modal-inner,modal-window,newsletter-sign-up,object-fit,pt-column-control-inverted,responsive-bg,responsive-image,rich-text,row-container,signup-container,signup-content,tablesaw-enhanced,vertical-align
what-science-can-do|https://www.astrazeneca.com/what-science-can-do/topics/data-science-ai/connected-medicines-innovations-data-science-ai.html#modal-historic-confirmation|archive-link-popup,block-wrapper,cmp-form-recaptcha,col-left,col-right,content-tile,email-first-name,email-last-name,email-signup,footer-component,g-recaptcha,g-recaptcha-response,grecaptcha-badge,grecaptcha-error,grecaptcha-logo,hero-feature,image-replace,img-circle,l-constrained,l-margin,l-padded,l-three-block,l-three-block-c0,l-three-block-c1,l-three-block-c2,l-two-block,l-two-block-c0,l-two-block-c1,main-section,modal-close,modal-content,modal-inner,modal-window,newsletter-sign-up,object-fit,pt-column-control-inverted,responsive-bg,responsive-image,rich-text,row-container,signup-container,signup-content,submit-captcha-btn,tablesaw-enhanced,ui-accordion,ui-accordion-content,ui-accordion-header,ui-accordion-header-collapsed,ui-accordion-header-icon,ui-accordion-icons,ui-corner-all,ui-corner-bottom,ui-corner-top,ui-helper-reset,ui-icon,ui-state-default,ui-widget,ui-widget-content,vertical-align
what-science-can-do|https://www.astrazeneca.com/what-science-can-do/topics/clinical-innovation/nash-clinical-development.html#modal-historic-confirmation|archive-link-popup,block-wrapper,col-left,col-right,content-tile,email-first-name,email-last-name,email-signup,footer-component,hero-feature,image-replace,l-constrained,l-eight-block-center,l-eight-block-center-c0,l-margin,l-padded,l-three-block,l-three-block-c0,l-three-block-c1,l-three-block-c2,l-two-block,l-two-block-c0,l-two-block-c1,main-section,modal-close,modal-content,modal-inner,modal-window,newsletter-sign-up,object-fit,pt-column-control-inverted,responsive-bg,responsive-image,rich-text,row-container,signup-container,signup-content,tablesaw-enhanced,vertical-align,video-module,video-template
what-science-can-do|https://www.astrazeneca.com/what-science-can-do/topics/technologies/smart-factories-delivering-more-for-patients-worldwide.html#modal-historic-confirmation|archive-link-popup,block-wrapper,col-left,col-right,content-tile,email-first-name,email-last-name,email-signup,footer-component,hero-feature,image-replace,l-constrained,l-eight-block-center,l-eight-block-center-c0,l-margin,l-padded,l-three-block,l-three-block-c0,l-three-block-c1,l-three-block-c2,l-two-block,l-two-block-c0,l-two-block-c1,main-section,modal-close,modal-content,modal-inner,modal-window,newsletter-sign-up,object-fit,pt-column-control-inverted,responsive-bg,responsive-image,rich-text,row-container,signup-container,signup-content,tablesaw-enhanced,vertical-align,video-module,video-template
what-science-can-do|https://www.astrazeneca.com/what-science-can-do/topics/clinical-innovation/haematology-research-blood-cancer-care.html|archive-link-popup,block-wrapper,cmp-form-recaptcha,col-left,col-right,content-tile,email-first-name,email-last-name,email-signup,footer-component,g-recaptcha,g-recaptcha-response,grecaptcha-badge,grecaptcha-error,grecaptcha-logo,hero-feature,image-replace,img-circle,l-constrained,l-eight-block-center,l-eight-block-center-c0,l-margin,l-padded,l-three-block,l-three-block-c0,l-three-block-c1,l-three-block-c2,l-two-block,l-two-block-c0,l-two-block-c1,main-section,modal-close,modal-content,modal-inner,modal-window,newsletter-sign-up,object-fit,pt-column-control-inverted,responsive-bg,responsive-image,rich-text,row-container,signup-container,signup-content,submit-captcha-btn,tablesaw-enhanced,vertical-align
what-science-can-do|https://www.astrazeneca.com/what-science-can-do/topics/next-generation-therapeutics/r-d-postdoctoral-challenge-final.html#modal-historic-confirmation|archive-link-popup,block-wrapper,col-left,col-right,content-tile,email-first-name,email-last-name,email-signup,footer-component,hero-feature,image-replace,img-circle,l-constrained,l-eight-block-center,l-eight-block-center-c0,l-margin,l-padded,l-three-block-c0,l-three-block-c1,l-three-block-c2,l-two-block,l-two-block-c0,l-two-block-c1,main-section,modal-close,modal-content,modal-inner,modal-window,newsletter-sign-up,object-fit,pt-column-control-inverted,responsive-bg,responsive-image,rich-text,row-container,signup-container,signup-content,tablesaw-enhanced,vertical-align,video-module,video-template
what-science-can-do|https://www.astrazeneca.com/what-science-can-do/topics/technologies/mapping-immunological-landscape-cancer.html|archive-link-popup,block-wrapper,col-left,col-right,content-tile,email-first-name,email-last-name,email-signup,footer-component,hero-feature,image-replace,img-circle,l-constrained,l-flex-three-block,l-flex-three-block-c0,l-flex-three-block-c1,l-flex-three-block-c2,l-margin,l-padded,l-three-block,l-three-block-c0,l-three-block-c1,l-three-block-c2,l-two-block,l-two-block-c0,l-two-block-c1,main-section,modal-close,modal-content,modal-inner,modal-window,newsletter-sign-up,object-fit,pt-column-control-inverted,responsive-bg,responsive-image,rich-text,row-container,signup-container,signup-content,tablesaw-enhanced,ui-accordion,ui-accordion-content,ui-accordion-header,ui-accordion-header-collapsed,ui-accordion-header-icon,ui-accordion-icons,ui-corner-all,ui-corner-bottom,ui-corner-top,ui-helper-reset,ui-icon,ui-state-default,ui-widget,ui-widget-content,vertical-align
what-science-can-do|https://www.astrazeneca.com/what-science-can-do/topics/disease-understanding/unpacking-raas-pathway-role-aldosterone.html|archive-link-popup,block-wrapper,col-left,col-right,content-tile,email-first-name,email-last-name,email-signup,footer-component,hero-feature,image-replace,img-circle,l-constrained,l-margin,l-padded,l-three-block,l-three-block-c0,l-three-block-c1,l-three-block-c2,l-two-block,l-two-block-c0,l-two-block-c1,main-section,modal-close,modal-content,modal-inner,modal-window,newsletter-sign-up,object-fit,pt-column-control-inverted,responsive-bg,responsive-image,rich-text,row-container,signup-container,signup-content,tablesaw-enhanced,ui-accordion,ui-accordion-content,ui-accordion-header,ui-accordion-header-collapsed,ui-accordion-header-icon,ui-accordion-icons,ui-corner-all,ui-corner-bottom,ui-corner-top,ui-helper-reset,ui-icon,ui-state-default,ui-widget,ui-widget-content,vertical-align
what-science-can-do|https://www.astrazeneca.com/what-science-can-do/topics/clinical-innovation/data-visualisation-turning-science-into-stories.html|archive-link-popup,block-wrapper,cmp-form-recaptcha,col-left,col-right,content-tile,download-tile,email-first-name,email-last-name,email-signup,footer-component,g-recaptcha,g-recaptcha-response,grecaptcha-badge,grecaptcha-error,grecaptcha-logo,hero-feature,image-replace,l-constrained,l-margin,l-padded,l-three-block-c0,l-three-block-c1,l-three-block-c2,l-two-block,l-two-block-c0,l-two-block-c1,main-section,modal-close,modal-content,modal-inner,modal-window,newsletter-sign-up,object-fit,pt-column-control-inverted,responsive-bg,responsive-image,rich-text,row-container,signup-container,signup-content,submit-captcha-btn,tablesaw-enhanced,ui-accordion,ui-accordion-content,ui-accordion-header,ui-accordion-header-collapsed,ui-accordion-header-icon,ui-accordion-icons,ui-corner-all,ui-corner-bottom,ui-corner-top,ui-helper-reset,ui-icon,ui-state-default,ui-widget,ui-widget-content,vertical-align,video-module,video-template
what-science-can-do|https://www.astrazeneca.com/what-science-can-do/topics/next-generation-therapeutics/developing-cell-based-therapies-to-put-cancer-cures-within-reach.html#modal-historic-confirmation|archive-link-popup,bg-image-wrapper,block-wrapper,col-left,col-right,content-tile,email-first-name,email-last-name,email-signup,footer-component,hero-feature,image-replace,img-circle,l-constrained,l-eight-block-center,l-eight-block-center-c0,l-margin,l-padded,l-three-block,l-three-block-c0,l-three-block-c1,l-three-block-c2,l-two-block,l-two-block-c0,l-two-block-c1,main-section,modal-close,modal-content,modal-inner,modal-window,newsletter-sign-up,object-fit,pt-column-control-inverted,responsive-bg,responsive-image,rich-text,row-container,signup-container,signup-content,tablesaw-enhanced,vertical-align,video-module,video-template
what-science-can-do|https://www.astrazeneca.com/what-science-can-do/topics/disease-understanding/nash-a-new-approach-brings-new-hope.html#modal-historic-confirmation|archive-link-popup,block-wrapper,col-left,col-right,content-tile,email-first-name,email-last-name,email-signup,footer-component,hero-feature,image-replace,l-constrained,l-margin,l-padded,l-three-block,l-three-block-c0,l-three-block-c1,l-three-block-c2,l-two-block,l-two-block-c0,l-two-block-c1,main-section,modal-close,modal-content,modal-inner,modal-window,newsletter-sign-up,object-fit,pt-column-control-inverted,responsive-bg,responsive-image,rich-text,row-container,signup-container,signup-content,tablesaw-enhanced,vertical-align
what-science-can-do|https://www.astrazeneca.com/what-science-can-do/stories-of-impact/early-diagnosis-and-treatment-to-transform-care.html|archive-link-popup,block-wrapper,content-tile,footer-component,hero-feature,image-replace,l-constrained,l-margin,l-three-block-c0,l-three-block-c1,l-three-block-c2,main-section,modal-close,modal-content,modal-inner,modal-window,object-fit,pt-column-control-inverted,responsive-bg,responsive-image,rich-text,tablesaw-enhanced,ui-accordion,ui-accordion-content,ui-accordion-header,ui-accordion-header-collapsed,ui-accordion-header-icon,ui-accordion-icons,ui-corner-all,ui-corner-bottom,ui-corner-top,ui-helper-reset,ui-icon,ui-state-default,ui-widget,ui-widget-content
what-science-can-do|https://www.astrazeneca.com/what-science-can-do/topics/technologies/synthetic-data-biopharma-research.html#modal-historic-confirmation|archive-link-popup,block-wrapper,col-left,col-right,content-tile,email-first-name,email-last-name,email-signup,footer-component,hero-feature,image-replace,img-circle,l-constrained,l-eight-block-center,l-eight-block-center-c0,l-margin,l-padded,l-three-block-c0,l-three-block-c1,l-three-block-c2,l-two-block,l-two-block-c0,l-two-block-c1,main-section,modal-close,modal-content,modal-inner,modal-window,newsletter-sign-up,object-fit,pt-column-control-inverted,responsive-bg,responsive-image,rich-text,row-container,signup-container,signup-content,tablesaw-enhanced,vertical-align
what-science-can-do|https://www.astrazeneca.com/what-science-can-do/topics/technologies/Kidney-disease-research-organoids.html#modal-historic-confirmation|archive-link-popup,block-wrapper,col-left,col-right,content-tile,email-first-name,email-last-name,email-signup,footer-component,hero-feature,image-replace,img-circle,l-constrained,l-flex-three-block,l-flex-three-block-c0,l-flex-three-block-c1,l-flex-three-block-c2,l-margin,l-padded,l-three-block,l-three-block-c0,l-three-block-c1,l-three-block-c2,l-two-block,l-two-block-c0,l-two-block-c1,main-section,modal-close,modal-content,modal-inner,modal-window,newsletter-sign-up,object-fit,pt-column-control-inverted,responsive-bg,responsive-image,rich-text,row-container,signup-container,signup-content,tablesaw-enhanced,ui-accordion,ui-accordion-content,ui-accordion-header,ui-accordion-header-collapsed,ui-accordion-header-icon,ui-accordion-icons,ui-corner-all,ui-corner-bottom,ui-corner-top,ui-helper-reset,ui-icon,ui-state-default,ui-widget,ui-widget-content,vertical-align,video-module,video-template
what-science-can-do|https://www.astrazeneca.com/what-science-can-do/topics/data-science-ai/computational-pathology-potential-transform-cancer-diagnostics.html#!|archive-link-popup,block-wrapper,col-left,col-right,content-tile,email-first-name,email-last-name,email-signup,footer-component,hero-feature,image-replace,img-circle,l-constrained,l-eight-block-center,l-eight-block-center-c0,l-flex-three-block,l-flex-three-block-c0,l-flex-three-block-c1,l-flex-three-block-c2,l-margin,l-padded,l-three-block,l-three-block-c0,l-three-block-c1,l-three-block-c2,l-two-block,l-two-block-c0,l-two-block-c1,main-section,modal-close,modal-content,modal-inner,modal-window,newsletter-sign-up,object-fit,pt-column-control-inverted,responsive-bg,responsive-image,rich-text,row-container,signup-container,signup-content,tablesaw-enhanced,ui-accordion,ui-accordion-content,ui-accordion-header,ui-accordion-header-collapsed,ui-accordion-header-icon,ui-accordion-icons,ui-corner-all,ui-corner-bottom,ui-corner-top,ui-helper-reset,ui-icon,ui-state-default,ui-widget,ui-widget-content,vertical-align,video-module,video-template
what-science-can-do|https://www.astrazeneca.com/what-science-can-do/topics/data-science-ai/democratising-data-from-no-to-know.html#modal-historic-confirmation|archive-link-popup,block-wrapper,col-left,col-right,content-tile,email-first-name,email-last-name,email-signup,footer-component,hero-feature,image-replace,img-circle,l-constrained,l-flex-three-block,l-flex-three-block-c0,l-flex-three-block-c1,l-flex-three-block-c2,l-margin,l-padded,l-three-block,l-three-block-c0,l-three-block-c1,l-three-block-c2,l-two-block,l-two-block-c0,l-two-block-c1,main-section,modal-close,modal-content,modal-inner,modal-window,newsletter-sign-up,object-fit,pt-column-control-inverted,read-more,responsive-bg,responsive-image,rich-text,row-container,signup-container,signup-content,tablesaw-enhanced,vertical-align,video-module,video-template
what-science-can-do|https://www.astrazeneca.com/what-science-can-do/topics/disease-understanding/the-unmet-need-in-dyslipidaemia.html|archive-link-popup,block-wrapper,cmp-form-recaptcha,col-left,col-right,content-tile,email-first-name,email-last-name,email-signup,footer-component,g-recaptcha,g-recaptcha-response,grecaptcha-badge,grecaptcha-error,grecaptcha-logo,hero-feature,image-replace,l-constrained,l-margin,l-padded,l-three-block,l-three-block-c0,l-three-block-c1,l-three-block-c2,l-two-block,l-two-block-c0,l-two-block-c1,main-section,modal-close,modal-content,modal-inner,modal-window,newsletter-sign-up,object-fit,pt-column-control-inverted,responsive-bg,responsive-image,rich-text,row-container,signup-container,signup-content,submit-captcha-btn,tablesaw-enhanced,vertical-align
what-science-can-do|https://www.astrazeneca.com/what-science-can-do/topics/next-generation-therapeutics/engineering-novel-cancer-treatments.html|archive-link-popup,block-wrapper,cmp-form-recaptcha,col-left,col-right,content-tile,email-first-name,email-last-name,email-signup,footer-component,g-recaptcha,g-recaptcha-response,grecaptcha-badge,grecaptcha-error,grecaptcha-logo,hero-feature,image-replace,img-circle,l-constrained,l-margin,l-padded,l-three-block,l-three-block-c0,l-three-block-c1,l-three-block-c2,l-two-block,l-two-block-c0,l-two-block-c1,main-section,modal-close,modal-content,modal-inner,modal-window,newsletter-sign-up,object-fit,pt-column-control-inverted,responsive-bg,responsive-image,rich-text,row-container,signup-container,signup-content,submit-captcha-btn,tablesaw-enhanced,ui-accordion,ui-accordion-content,ui-accordion-header,ui-accordion-header-collapsed,ui-accordion-header-icon,ui-accordion-icons,ui-corner-all,ui-corner-bottom,ui-corner-top,ui-helper-reset,ui-icon,ui-state-default,ui-widget,ui-widget-content,vertical-align
what-science-can-do|https://www.astrazeneca.com/what-science-can-do/topics/sustainability/personal-growth-can-transform-societies.html|archive-link-popup,block-wrapper,content-tile,footer-component,hero-feature,image-replace,l-constrained,l-eight-block-center,l-eight-block-center-c0,l-flex-three-block,l-flex-three-block-c0,l-flex-three-block-c1,l-flex-three-block-c2,l-margin,l-padded,l-three-block-c0,l-three-block-c1,l-three-block-c2,l-two-block,l-two-block-c0,l-two-block-c1,main-section,modal-close,modal-content,modal-inner,modal-window,object-fit,pt-column-control-inverted,responsive-bg,responsive-image,rich-text,tablesaw-enhanced,ui-accordion,ui-accordion-content,ui-accordion-header,ui-accordion-header-collapsed,ui-accordion-header-icon,ui-accordion-icons,ui-corner-all,ui-corner-bottom,ui-corner-top,ui-helper-reset,ui-icon,ui-state-default,ui-widget,ui-widget-content
what-science-can-do|https://www.astrazeneca.com/what-science-can-do/topics/next-generation-therapeutics/Accelerating-innovation-to-transform-cancer-care.html|archive-link-popup,block-wrapper,col-left,col-right,content-tile,email-first-name,email-last-name,email-signup,footer-component,hero-feature,image-replace,img-circle,l-constrained,l-eight-block-center,l-eight-block-center-c0,l-margin,l-padded,l-three-block,l-three-block-c0,l-three-block-c1,l-three-block-c2,l-two-block,l-two-block-c0,l-two-block-c1,main-section,modal-close,modal-content,modal-inner,modal-window,newsletter-sign-up,object-fit,pt-column-control-inverted,responsive-bg,responsive-image,rich-text,row-container,signup-container,signup-content,tablesaw-enhanced,ui-accordion,ui-accordion-content,ui-accordion-header,ui-accordion-header-collapsed,ui-accordion-header-icon,ui-accordion-icons,ui-corner-all,ui-corner-bottom,ui-corner-top,ui-helper-reset,ui-icon,ui-state-default,ui-widget,ui-widget-content,vertical-align,video-module,video-template
what-science-can-do|https://www.astrazeneca.com/what-science-can-do/topics/data-science-ai/biologics-discovery.html|archive-link-popup,block-wrapper,cmp-form-recaptcha,col-left,col-right,content-tile,email-first-name,email-last-name,email-signup,footer-component,g-recaptcha,g-recaptcha-response,grecaptcha-badge,grecaptcha-error,grecaptcha-logo,hero-feature,image-replace,img-circle,l-constrained,l-flex-three-block,l-flex-three-block-c0,l-flex-three-block-c1,l-flex-three-block-c2,l-margin,l-padded,l-three-block,l-three-block-c0,l-three-block-c1,l-three-block-c2,l-two-block,l-two-block-c0,l-two-block-c1,main-section,modal-close,modal-content,modal-inner,modal-window,newsletter-sign-up,object-fit,pt-column-control-inverted,responsive-bg,responsive-image,rich-text,row-container,signup-container,signup-content,submit-captcha-btn,tablesaw-enhanced,vertical-align
what-science-can-do|https://www.astrazeneca.com/what-science-can-do/topics/next-generation-therapeutics/transforming-treatment-for-billions-of-people-living-with-chronic-diseases.html|archive-link-popup,block-wrapper,cmp-form-recaptcha,col-left,col-right,content-tile,email-first-name,email-last-name,email-signup,footer-component,g-recaptcha,g-recaptcha-response,grecaptcha-badge,grecaptcha-error,grecaptcha-logo,hero-feature,image-replace,img-circle,l-constrained,l-margin,l-padded,l-three-block,l-three-block-c0,l-three-block-c1,l-three-block-c2,l-two-block,l-two-block-c0,l-two-block-c1,main-section,modal-close,modal-content,modal-inner,modal-window,newsletter-sign-up,object-fit,pt-column-control-inverted,responsive-bg,responsive-image,rich-text,row-container,signup-container,signup-content,submit-captcha-btn,tablesaw-enhanced,ui-accordion,ui-accordion-content,ui-accordion-header,ui-accordion-header-collapsed,ui-accordion-header-icon,ui-accordion-icons,ui-corner-all,ui-corner-bottom,ui-corner-top,ui-helper-reset,ui-icon,ui-state-default,ui-widget,ui-widget-content,vertical-align
what-science-can-do|https://www.astrazeneca.com/what-science-can-do/topics/next-generation-therapeutics/novel-gene-editing-efficient-route-gene-therapies.html|archive-link-popup,block-wrapper,col-left,col-right,content-tile,email-first-name,email-last-name,email-signup,footer-component,hero-feature,image-replace,img-circle,l-constrained,l-margin,l-padded,l-three-block,l-three-block-c0,l-three-block-c1,l-three-block-c2,l-two-block,l-two-block-c0,l-two-block-c1,main-section,modal-close,modal-content,modal-inner,modal-window,newsletter-sign-up,object-fit,pt-column-control-inverted,responsive-bg,responsive-image,rich-text,row-container,signup-container,signup-content,tablesaw-enhanced,vertical-align
what-science-can-do|https://www.astrazeneca.com/what-science-can-do/topics/next-generation-therapeutics/targeting-progression-of-liver-damage-in-nash.html|animated-header,archive-link-popup,block-wrapper,chapter-heading,chapter-navigation,chapter-outer-wrapper,content-tile,footer-component,heading-level-one,image-replace,l-constrained,l-padded,l-three-block,l-three-block-c0,l-three-block-c1,l-three-block-c2,main-section,modal-close,modal-content,modal-inner,modal-window,nav-wrapper,object-fit,pt-column-control-inverted,pt-story,responsive-image,rich-text,story-overview,tablesaw-enhanced,tray-launch,video-module,video-template
what-science-can-do|https://www.astrazeneca.com/what-science-can-do/topics/technologies/aiming-to-revolutionise-gi-cancer-care.html|archive-link-popup,block-wrapper,cmp-form-recaptcha,col-left,col-right,content-tile,email-first-name,email-last-name,email-signup,footer-component,g-recaptcha,g-recaptcha-response,grecaptcha-badge,grecaptcha-error,grecaptcha-logo,hero-feature,image-replace,img-circle,l-constrained,l-margin,l-padded,l-three-block,l-three-block-c0,l-three-block-c1,l-three-block-c2,l-two-block,l-two-block-c0,l-two-block-c1,main-section,modal-close,modal-content,modal-inner,modal-window,newsletter-sign-up,object-fit,pt-column-control-inverted,responsive-bg,responsive-image,rich-text,row-container,signup-container,signup-content,submit-captcha-btn,tablesaw-enhanced,vertical-align
what-science-can-do|https://www.astrazeneca.com/what-science-can-do/topics/disease-understanding/multifaceted-mechanisms-and-approaches-in-weight-management.html|archive-link-popup,block-wrapper,cmp-form-recaptcha,col-left,col-right,content-tile,email-first-name,email-last-name,email-signup,footer-component,g-recaptcha,g-recaptcha-response,grecaptcha-badge,grecaptcha-error,grecaptcha-logo,hero-feature,image-replace,l-constrained,l-eight-block-center,l-eight-block-center-c0,l-margin,l-padded,l-three-block-c0,l-three-block-c1,l-three-block-c2,l-two-block,l-two-block-c0,l-two-block-c1,main-section,modal-close,modal-content,modal-inner,modal-window,newsletter-sign-up,object-fit,pt-column-control-inverted,responsive-bg,responsive-image,rich-text,row-container,signup-container,signup-content,submit-captcha-btn,tablesaw-enhanced,vertical-align
what-science-can-do|https://www.astrazeneca.com/what-science-can-do/topics/technologies/multiple-myeloma-lymphoma-leukemia-treatment-advances.html|archive-link-popup,block-wrapper,cmp-form-recaptcha,col-left,col-right,content-tile,email-first-name,email-last-name,email-signup,footer-component,g-recaptcha,g-recaptcha-response,grecaptcha-badge,grecaptcha-error,grecaptcha-logo,hero-feature,image-replace,img-circle,l-constrained,l-eight-block-center,l-eight-block-center-c0,l-margin,l-padded,l-three-block-c0,l-three-block-c1,l-three-block-c2,l-two-block,l-two-block-c0,l-two-block-c1,main-section,modal-close,modal-content,modal-inner,modal-window,newsletter-sign-up,object-fit,pt-column-control-inverted,responsive-bg,responsive-image,rich-text,row-container,signup-container,signup-content,submit-captcha-btn,tablesaw-enhanced,vertical-align
what-science-can-do|https://www.astrazeneca.com/what-science-can-do/topics/disease-understanding/novel-genetic-targets-for-fatty-liver-disease.html#modal-historic-confirmation|archive-link-popup,block-wrapper,content-tile,footer-component,hero-feature,image-replace,img-circle,l-constrained,l-eight-block-center,l-eight-block-center-c0,l-margin,l-padded,l-three-block,l-three-block-c0,l-three-block-c1,l-three-block-c2,main-section,modal-close,modal-content,modal-inner,modal-window,object-fit,pt-column-control-inverted,responsive-bg,responsive-image,rich-text,tablesaw-enhanced,ui-accordion,ui-accordion-content,ui-accordion-header,ui-accordion-header-collapsed,ui-accordion-header-icon,ui-accordion-icons,ui-corner-all,ui-corner-bottom,ui-corner-top,ui-helper-reset,ui-icon,ui-state-default,ui-widget,ui-widget-content,video-module,video-template
what-science-can-do|https://www.astrazeneca.com/what-science-can-do/topics/technologies.html|archive-link-popup,az-filter-items,block-wrapper,cmp-form-recaptcha,col-left,col-right,content-set-curator,email-first-name,email-last-name,email-signup,footer-component,g-recaptcha,g-recaptcha-response,grecaptcha-badge,grecaptcha-error,grecaptcha-logo,image-replace,l-constrained,l-one-block,l-one-block-c0,main-section,modal-close,modal-content,modal-inner,modal-window,newsletter-sign-up,ng-scope,object-fit,pt-column-control-inverted,publications-list,responsive-image,rich-header,rich-text,row-container,signup-container,signup-content,submit-captcha-btn,tablesaw-enhanced,vertical-align
what-science-can-do|https://www.astrazeneca.com/what-science-can-do/topics/technologies/science-and-innovation-for-cancer-chronic-and-rare-disease.html|archive-link-popup,block-wrapper,footer-component,hero-feature,image-replace,l-constrained,l-margin,l-three-block-c0,l-three-block-c1,l-three-block-c2,l-two-block,l-two-block-c0,l-two-block-c1,main-section,modal-close,modal-content,modal-inner,modal-window,object-fit,pt-column-control-inverted,responsive-bg,responsive-image,rich-text,tablesaw-enhanced,video-module,video-template
what-science-can-do|https://www.astrazeneca.com/what-science-can-do/stories-of-impact.html?filters=impact,Feature|archive-link-popup,article-container,article-cta,article-cta-align,az-filter-items,bg-image-wrapper,block-wrapper,btn-outline-white,footer-component,homepage-hero,homepage-hero-story-wrapper,image-replace,jump-to-anchor,l-constrained,l-one-block,l-one-block-c0,l-padded,l-three-block,l-three-block-c0,l-three-block-c1,l-three-block-c2,main-section,modal-close,modal-content,modal-inner,modal-window,ng-scope,object-fit,pt-column-control-inverted,publications-list,responsive-image,rich-header,rich-text,tablesaw-enhanced,treding-story-content,ui-accordion,ui-accordion-content,ui-accordion-header,ui-accordion-header-collapsed,ui-accordion-header-icon,ui-accordion-icons,ui-corner-all,ui-corner-bottom,ui-corner-top,ui-helper-reset,ui-icon,ui-state-default,ui-widget,ui-widget-content,video-module,video-template
what-science-can-do|https://www.astrazeneca.com/what-science-can-do/topics/clinical-innovation/rare-disease-research.html#modal-historic-confirmation|archive-link-popup,block-wrapper,cmp-form-recaptcha,col-left,col-right,content-tile,email-first-name,email-last-name,email-signup,footer-component,g-recaptcha,g-recaptcha-response,grecaptcha-badge,grecaptcha-error,grecaptcha-logo,hero-feature,image-replace,img-circle,l-constrained,l-margin,l-padded,l-three-block,l-three-block-c0,l-three-block-c1,l-three-block-c2,l-two-block,l-two-block-c0,l-two-block-c1,main-section,modal-close,modal-content,modal-inner,modal-window,newsletter-sign-up,object-fit,pt-column-control-inverted,responsive-bg,responsive-image,rich-text,row-container,signup-container,signup-content,submit-captcha-btn,tablesaw-enhanced,vertical-align
what-science-can-do|https://www.astrazeneca.com/what-science-can-do/topics/sustainability/sustainable-genomics-research.html|archive-link-popup,block-wrapper,content-tile,footer-component,hero-feature,image-replace,img-circle,jump-to-anchor,l-constrained,l-flex-three-block,l-flex-three-block-c0,l-flex-three-block-c1,l-flex-three-block-c2,l-margin,l-padded,l-three-block-c0,l-three-block-c1,l-three-block-c2,l-two-block,l-two-block-c0,l-two-block-c1,link-image-panel-v2,main-section,modal-close,modal-content,modal-inner,modal-window,object-fit,pt-column-control-inverted,responsive-bg,responsive-image,rich-text,tablesaw-enhanced,text-action-block
what-science-can-do|https://www.astrazeneca.com/what-science-can-do/topics/disease-understanding/ebv-genomics-chronic-disease-variants-study.html|archive-link-popup,block-wrapper,cmp-form-recaptcha,col-left,col-right,content-tile,email-first-name,email-last-name,email-signup,footer-component,g-recaptcha,g-recaptcha-response,grecaptcha-badge,grecaptcha-error,grecaptcha-logo,hero-feature,image-replace,img-circle,l-constrained,l-flex-three-block,l-flex-three-block-c0,l-flex-three-block-c1,l-flex-three-block-c2,l-margin,l-padded,l-three-block,l-three-block-c0,l-three-block-c1,l-three-block-c2,l-two-block,l-two-block-c0,l-two-block-c1,main-section,modal-close,modal-content,modal-inner,modal-window,newsletter-sign-up,object-fit,pt-column-control-inverted,responsive-bg,responsive-image,rich-text,row-container,signup-container,signup-content,submit-captcha-btn,tablesaw-enhanced,ui-accordion,ui-accordion-content,ui-accordion-header,ui-accordion-header-collapsed,ui-accordion-header-icon,ui-accordion-icons,ui-corner-all,ui-corner-bottom,ui-corner-top,ui-helper-reset,ui-icon,ui-state-default,ui-widget,ui-widget-content,vertical-align
what-science-can-do|https://www.astrazeneca.com/what-science-can-do/topics/technologies/discover-me-south-africa-enabling-diversity-discovery-science.html#modal-historic-confirmation|archive-link-popup,block-wrapper,col-left,col-right,content-tile,email-first-name,email-last-name,email-signup,footer-component,hero-feature,image-replace,img-circle,l-constrained,l-flex-three-block,l-flex-three-block-c0,l-flex-three-block-c1,l-flex-three-block-c2,l-margin,l-padded,l-three-block-c0,l-three-block-c1,l-three-block-c2,l-two-block,l-two-block-c0,l-two-block-c1,main-section,modal-close,modal-content,modal-inner,modal-window,newsletter-sign-up,object-fit,pt-column-control-inverted,responsive-bg,responsive-image,rich-text,row-container,signup-container,signup-content,tablesaw-enhanced,vertical-align
what-science-can-do|https://www.astrazeneca.com/what-science-can-do/topics/clinical-innovation/oncology-partnerships.html#modal-historic-confirmation|archive-link-popup,block-wrapper,col-left,col-right,content-tile,email-first-name,email-last-name,email-signup,footer-component,hero-feature,image-replace,img-circle,l-constrained,l-margin,l-padded,l-three-block-c0,l-three-block-c1,l-three-block-c2,l-two-block,l-two-block-c0,l-two-block-c1,main-section,modal-close,modal-content,modal-inner,modal-window,newsletter-sign-up,object-fit,pt-column-control-inverted,responsive-bg,responsive-image,rich-text,row-container,signup-container,signup-content,tablesaw-enhanced,vertical-align
what-science-can-do|https://www.astrazeneca.com/what-science-can-do/topics/sustainability/improving-global-health-through-climate-action-and-equity.html|archive-link-popup,block-wrapper,footer-component,hero-feature,image-replace,l-constrained,l-margin,l-three-block-c0,l-three-block-c1,l-three-block-c2,l-two-block,l-two-block-c0,l-two-block-c1,main-section,modal-close,modal-content,modal-inner,modal-window,object-fit,pt-column-control-inverted,responsive-bg,responsive-image,rich-text,tablesaw-enhanced,ui-accordion,ui-accordion-content,ui-accordion-header,ui-accordion-header-collapsed,ui-accordion-header-icon,ui-accordion-icons,ui-corner-all,ui-corner-bottom,ui-corner-top,ui-helper-reset,ui-icon,ui-state-default,ui-widget,ui-widget-content,video-module,video-template
what-science-can-do|https://www.astrazeneca.com/what-science-can-do/topics/next-generation-therapeutics/multispecific-antibodies-redefining-medicine.html|archive-link-popup,block-wrapper,cmp-form-recaptcha,col-left,col-right,content-tile,email-first-name,email-last-name,email-signup,footer-component,g-recaptcha,g-recaptcha-response,grecaptcha-badge,grecaptcha-error,grecaptcha-logo,hero-feature,image-replace,img-circle,l-constrained,l-margin,l-padded,l-three-block,l-three-block-c0,l-three-block-c1,l-three-block-c2,l-two-block,l-two-block-c0,l-two-block-c1,main-section,modal-close,modal-content,modal-inner,modal-window,newsletter-sign-up,object-fit,pt-column-control-inverted,responsive-bg,responsive-image,rich-text,row-container,signup-container,signup-content,submit-captcha-btn,tablesaw-enhanced,vertical-align
what-science-can-do|https://www.astrazeneca.com/what-science-can-do/topics/technologies/every-breath-counts-local-efforts-impact-global-asthma-care.html|archive-link-popup,block-wrapper,cmp-form-recaptcha,col-left,col-right,content-tile,email-first-name,email-last-name,email-signup,footer-component,g-recaptcha,g-recaptcha-response,grecaptcha-badge,grecaptcha-error,grecaptcha-logo,hero-feature,image-replace,l-constrained,l-margin,l-padded,l-three-block-c0,l-three-block-c1,l-three-block-c2,l-two-block,l-two-block-c0,l-two-block-c1,main-section,modal-close,modal-content,modal-inner,modal-window,newsletter-sign-up,object-fit,pt-column-control-inverted,responsive-bg,responsive-image,rich-text,row-container,signup-container,signup-content,submit-captcha-btn,tablesaw-enhanced,vertical-align
what-science-can-do|https://www.astrazeneca.com/what-science-can-do/topics/sustainability/medicine-and-a-lower-carbon-future.html|archive-link-popup,block-wrapper,footer-component,hero-feature,image-replace,l-constrained,l-margin,l-three-block-c0,l-three-block-c1,l-three-block-c2,l-two-block,l-two-block-c0,l-two-block-c1,main-section,modal-close,modal-content,modal-inner,modal-window,object-fit,pt-column-control-inverted,responsive-bg,responsive-image,rich-text,tablesaw-enhanced,ui-accordion,ui-accordion-content,ui-accordion-header,ui-accordion-header-collapsed,ui-accordion-header-icon,ui-accordion-icons,ui-corner-all,ui-corner-bottom,ui-corner-top,ui-helper-reset,ui-icon,ui-state-default,ui-widget,ui-widget-content
what-science-can-do|https://www.astrazeneca.com/what-science-can-do/topics/disease-understanding/hope-and-innovation-in-bladder-cancer.html|archive-link-popup,block-wrapper,cmp-form-recaptcha,col-left,col-right,content-tile,email-first-name,email-last-name,email-signup,footer-component,g-recaptcha,g-recaptcha-response,grecaptcha-badge,grecaptcha-error,grecaptcha-logo,hero-feature,image-replace,img-circle,l-constrained,l-flex-three-block,l-flex-three-block-c0,l-flex-three-block-c1,l-flex-three-block-c2,l-margin,l-padded,l-three-block,l-three-block-c0,l-three-block-c1,l-three-block-c2,l-two-block,l-two-block-c0,l-two-block-c1,main-section,modal-close,modal-content,modal-inner,modal-window,newsletter-sign-up,object-fit,pt-column-control-inverted,responsive-bg,responsive-image,rich-text,row-container,signup-container,signup-content,submit-captcha-btn,tablesaw-enhanced,vertical-align
what-science-can-do|https://www.astrazeneca.com/what-science-can-do/topics/clinical-innovation/diagnosis-monitoring-respiratory-diseases.html#modal-historic-confirmation|archive-link-popup,block-wrapper,col-left,col-right,content-tile,email-first-name,email-last-name,email-signup,footer-component,hero-feature,image-replace,img-circle,l-constrained,l-flex-three-block,l-flex-three-block-c0,l-flex-three-block-c1,l-flex-three-block-c2,l-margin,l-padded,l-three-block,l-three-block-c0,l-three-block-c1,l-three-block-c2,l-two-block,l-two-block-c0,l-two-block-c1,main-section,modal-close,modal-content,modal-inner,modal-window,newsletter-sign-up,object-fit,pt-column-control-inverted,responsive-bg,responsive-image,rich-text,row-container,signup-container,signup-content,tablesaw-enhanced,vertical-align
what-science-can-do|https://www.astrazeneca.com/what-science-can-do/topics/disease-understanding/exploring-the-genome-to-find-novel-targets-for-chronic-diseases.html|archive-link-popup,block-wrapper,col-left,col-right,content-tile,email-first-name,email-last-name,email-signup,footer-component,hero-feature,image-replace,img-circle,l-constrained,l-margin,l-padded,l-three-block,l-three-block-c0,l-three-block-c1,l-three-block-c2,l-two-block,l-two-block-c0,l-two-block-c1,main-section,modal-close,modal-content,modal-inner,modal-window,newsletter-sign-up,object-fit,pt-column-control-inverted,responsive-bg,responsive-image,rich-text,row-container,signup-container,signup-content,tablesaw-enhanced,vertical-align
what-science-can-do|https://www.astrazeneca.com/what-science-can-do/topics/disease-understanding/endothelin-1.html#modal-historic-confirmation|archive-link-popup,block-wrapper,cmp-form-recaptcha,col-left,col-right,content-tile,email-first-name,email-last-name,email-signup,footer-component,g-recaptcha,g-recaptcha-response,grecaptcha-badge,grecaptcha-error,grecaptcha-logo,hero-feature,image-replace,img-circle,l-constrained,l-flex-three-block,l-flex-three-block-c0,l-flex-three-block-c1,l-flex-three-block-c2,l-margin,l-padded,l-three-block,l-three-block-c0,l-three-block-c1,l-three-block-c2,l-two-block,l-two-block-c0,l-two-block-c1,main-section,modal-close,modal-content,modal-inner,modal-window,newsletter-sign-up,object-fit,pt-column-control-inverted,responsive-bg,responsive-image,rich-text,row-container,signup-container,signup-content,submit-captcha-btn,tablesaw-enhanced,vertical-align
what-science-can-do|https://www.astrazeneca.com/what-science-can-do/topics/data-science-ai/neural-networks-strengthen-drug-discovery-approaches.html#modal-historic-confirmation|archive-link-popup,block-wrapper,col-left,col-right,content-tile,email-first-name,email-last-name,email-signup,footer-component,hero-feature,image-replace,img-circle,l-constrained,l-flex-three-block,l-flex-three-block-c0,l-flex-three-block-c1,l-flex-three-block-c2,l-margin,l-padded,l-three-block,l-three-block-c0,l-three-block-c1,l-three-block-c2,l-two-block,l-two-block-c0,l-two-block-c1,main-section,modal-close,modal-content,modal-inner,modal-window,newsletter-sign-up,object-fit,pt-column-control-inverted,responsive-bg,responsive-image,rich-text,row-container,signup-container,signup-content,tablesaw-enhanced,ui-accordion,ui-accordion-content,ui-accordion-header,ui-accordion-header-collapsed,ui-accordion-header-icon,ui-accordion-icons,ui-corner-all,ui-corner-bottom,ui-corner-top,ui-helper-reset,ui-icon,ui-state-default,ui-widget,ui-widget-content,vertical-align
what-science-can-do|https://www.astrazeneca.com/what-science-can-do/stories-of-impact/studying-the-worlds-genetic-diversity-to-achieve-better-global-health.html|archive-link-popup,block-wrapper,carousel-full-bleed,carousel-outer-wrapper,content-tile,footer-component,hero-feature,image-replace,l-constrained,l-eight-block-center,l-eight-block-center-c0,l-margin,l-one-block,l-one-block-c0,l-padded,l-three-block-c0,l-three-block-c1,l-three-block-c2,main-section,modal-close,modal-content,modal-inner,modal-window,object-fit,pt-column-control-inverted,responsive-bg,responsive-image,rich-text,slick-active,slick-arrow,slick-current,slick-disabled,slick-initialized,slick-list,slick-next,slick-prev,slick-slide,slick-slider,slick-track,tablesaw-enhanced,ui-accordion,ui-accordion-content,ui-accordion-header,ui-accordion-header-collapsed,ui-accordion-header-icon,ui-accordion-icons,ui-corner-all,ui-corner-bottom,ui-corner-top,ui-helper-reset,ui-icon,ui-state-default,ui-widget,ui-widget-content,video-module,video-template
what-science-can-do|https://www.astrazeneca.com/what-science-can-do/topics/disease-understanding/pioneers-in-asthma-where-is-the-science-leading-us.html#modal-historic-confirmation|archive-link-popup,block-wrapper,cmp-form-recaptcha,col-left,col-right,content-tile,email-first-name,email-last-name,email-signup,footer-component,g-recaptcha,g-recaptcha-response,grecaptcha-badge,grecaptcha-error,grecaptcha-logo,hero-feature,image-replace,img-circle,l-constrained,l-margin,l-padded,l-three-block,l-three-block-c0,l-three-block-c1,l-three-block-c2,l-two-block,l-two-block-c0,l-two-block-c1,main-section,modal-close,modal-content,modal-inner,modal-window,newsletter-sign-up,object-fit,pt-column-control-inverted,responsive-bg,responsive-image,rich-text,row-container,signup-container,signup-content,submit-captcha-btn,tablesaw-enhanced,ui-accordion,ui-accordion-content,ui-accordion-header,ui-accordion-header-collapsed,ui-accordion-header-icon,ui-accordion-icons,ui-corner-all,ui-corner-bottom,ui-corner-top,ui-helper-reset,ui-icon,ui-state-default,ui-widget,ui-widget-content,vertical-align
what-science-can-do|https://www.astrazeneca.com/what-science-can-do/topics/disease-understanding/understanding-links-between-genetics-and-biology-to-advance-drug-discovery.html#modal-historic-confirmation|archive-link-popup,block-wrapper,cmp-form-recaptcha,col-left,col-right,content-tile,email-first-name,email-last-name,email-signup,footer-component,g-recaptcha,g-recaptcha-response,grecaptcha-badge,grecaptcha-error,grecaptcha-logo,hero-feature,image-replace,img-circle,l-constrained,l-margin,l-padded,l-three-block,l-three-block-c0,l-three-block-c1,l-three-block-c2,l-two-block,l-two-block-c0,l-two-block-c1,main-section,modal-close,modal-content,modal-inner,modal-window,newsletter-sign-up,object-fit,pt-column-control-inverted,responsive-bg,responsive-image,rich-text,row-container,signup-container,signup-content,submit-captcha-btn,tablesaw-enhanced,ui-accordion,ui-accordion-content,ui-accordion-header,ui-accordion-header-collapsed,ui-accordion-header-icon,ui-accordion-icons,ui-corner-all,ui-corner-bottom,ui-corner-top,ui-helper-reset,ui-icon,ui-state-default,ui-widget,ui-widget-content,vertical-align
what-science-can-do|https://www.astrazeneca.com/what-science-can-do/topics/clinical-innovation/investing-in-clinical-trials.html|archive-link-popup,block-wrapper,cmp-form-recaptcha,col-left,col-right,content-tile,email-first-name,email-last-name,email-signup,footer-component,g-recaptcha,g-recaptcha-response,grecaptcha-badge,grecaptcha-error,grecaptcha-logo,hero-feature,image-replace,img-circle,l-constrained,l-flex-three-block,l-flex-three-block-c0,l-flex-three-block-c1,l-flex-three-block-c2,l-four-block,l-four-block-c0,l-four-block-c1,l-four-block-c2,l-four-block-c3,l-margin,l-padded,l-three-block-c0,l-three-block-c1,l-three-block-c2,l-two-block,l-two-block-c0,l-two-block-c1,main-section,modal-close,modal-content,modal-inner,modal-window,newsletter-sign-up,object-fit,pt-column-control-inverted,responsive-bg,responsive-image,rich-text,row-container,signup-container,signup-content,submit-captcha-btn,tablesaw-enhanced,ui-accordion,ui-accordion-content,ui-accordion-header,ui-accordion-header-collapsed,ui-accordion-header-icon,ui-accordion-icons,ui-corner-all,ui-corner-bottom,ui-corner-top,ui-helper-reset,ui-icon,ui-state-default,ui-widget,ui-widget-content,vertical-align
what-science-can-do|https://www.astrazeneca.com/what-science-can-do/topics/next-generation-therapeutics/regulatory-success-cell-therapy.html|archive-link-popup,block-wrapper,cmp-form-recaptcha,col-left,col-right,content-tile,email-first-name,email-last-name,email-signup,footer-component,g-recaptcha,g-recaptcha-response,grecaptcha-badge,grecaptcha-error,grecaptcha-logo,hero-feature,image-replace,img-circle,l-constrained,l-flex-three-block,l-flex-three-block-c0,l-flex-three-block-c1,l-flex-three-block-c2,l-margin,l-padded,l-three-block,l-three-block-c0,l-three-block-c1,l-three-block-c2,l-two-block,l-two-block-c0,l-two-block-c1,main-section,modal-close,modal-content,modal-inner,modal-window,newsletter-sign-up,object-fit,pt-column-control-inverted,responsive-bg,responsive-image,rich-text,row-container,signup-container,signup-content,submit-captcha-btn,tablesaw-enhanced,vertical-align
what-science-can-do|https://www.astrazeneca.com/what-science-can-do/topics/clinical-innovation/clinical-innovation-driving-sustainable-clinical-trials.html|archive-link-popup,block-wrapper,col-left,col-right,content-tile,email-first-name,email-last-name,email-signup,footer-component,hero-feature,image-replace,l-constrained,l-four-block,l-four-block-c0,l-four-block-c1,l-four-block-c2,l-four-block-c3,l-margin,l-padded,l-three-block-c0,l-three-block-c1,l-three-block-c2,l-two-block,l-two-block-c0,l-two-block-c1,main-section,modal-close,modal-content,modal-inner,modal-window,newsletter-sign-up,object-fit,pt-column-control-inverted,responsive-bg,responsive-image,rich-text,row-container,signup-container,signup-content,tablesaw-enhanced,vertical-align
what-science-can-do|https://www.astrazeneca.com/what-science-can-do/topics/data-science-ai/unlocking-potential-data-ai-driven-drug-discovery-development.html#modal-historic-confirmation|archive-link-popup,block-wrapper,cmp-form-recaptcha,col-left,col-right,content-tile,email-first-name,email-last-name,email-signup,footer-component,g-recaptcha,g-recaptcha-response,grecaptcha-badge,grecaptcha-error,grecaptcha-logo,hero-feature,image-replace,img-circle,l-constrained,l-eight-block-center,l-eight-block-center-c0,l-flex-three-block,l-flex-three-block-c0,l-flex-three-block-c1,l-flex-three-block-c2,l-margin,l-padded,l-three-block,l-three-block-c0,l-three-block-c1,l-three-block-c2,l-two-block,l-two-block-c0,l-two-block-c1,main-section,modal-close,modal-content,modal-inner,modal-window,newsletter-sign-up,object-fit,pt-column-control-inverted,responsive-bg,responsive-image,rich-text,row-container,signup-container,signup-content,submit-captcha-btn,tablesaw-enhanced,ui-accordion,ui-accordion-content,ui-accordion-header,ui-accordion-header-collapsed,ui-accordion-header-icon,ui-accordion-icons,ui-corner-all,ui-corner-bottom,ui-corner-top,ui-helper-reset,ui-icon,ui-state-default,ui-widget,ui-widget-content,vertical-align,video-module,video-template
what-science-can-do|https://www.astrazeneca.com/what-science-can-do/topics/disease-understanding/hcc-patient-charter-collective-action-transform-care.html|archive-link-popup,block-wrapper,cmp-form-recaptcha,col-left,col-right,content-tile,email-first-name,email-last-name,email-signup,footer-component,g-recaptcha,g-recaptcha-response,grecaptcha-badge,grecaptcha-error,grecaptcha-logo,hero-feature,image-replace,img-circle,l-constrained,l-eight-block-center,l-eight-block-center-c0,l-margin,l-padded,l-three-block-c0,l-three-block-c1,l-three-block-c2,l-two-block,l-two-block-c0,l-two-block-c1,main-section,modal-close,modal-content,modal-inner,modal-window,newsletter-sign-up,object-fit,pt-column-control-inverted,responsive-bg,responsive-image,rich-text,row-container,signup-container,signup-content,submit-captcha-btn,tablesaw-enhanced,vertical-align,video-module,video-template
what-science-can-do|https://www.astrazeneca.com/what-science-can-do/topics/data-science-ai/unlocking-future-drug-discovery-through-AI-advances.html|archive-link-popup,block-wrapper,cmp-form-recaptcha,col-left,col-right,content-tile,email-first-name,email-last-name,email-signup,footer-component,g-recaptcha,g-recaptcha-response,grecaptcha-badge,grecaptcha-error,grecaptcha-logo,hero-feature,image-replace,img-circle,l-constrained,l-margin,l-padded,l-three-block,l-three-block-c0,l-three-block-c1,l-three-block-c2,l-two-block,l-two-block-c0,l-two-block-c1,link-image-panel-v2,main-section,modal-close,modal-content,modal-inner,modal-window,newsletter-sign-up,object-fit,pt-column-control-inverted,responsive-bg,responsive-image,rich-text,row-container,signup-container,signup-content,submit-captcha-btn,tablesaw-enhanced,text-action-block,ui-accordion,ui-accordion-content,ui-accordion-header,ui-accordion-header-collapsed,ui-accordion-header-icon,ui-accordion-icons,ui-corner-all,ui-corner-bottom,ui-corner-top,ui-helper-reset,ui-icon,ui-state-default,ui-widget,ui-widget-content,vertical-align
what-science-can-do|https://www.astrazeneca.com/what-science-can-do/topics/next-generation-therapeutics/cell-lineage-targeted-regeneration-research.html#modal-historic-confirmation|archive-link-popup,block-wrapper,cmp-form-recaptcha,col-left,col-right,content-tile,email-first-name,email-last-name,email-signup,footer-component,g-recaptcha,g-recaptcha-response,grecaptcha-badge,grecaptcha-error,grecaptcha-logo,hero-feature,image-replace,img-circle,l-constrained,l-eight-block-center,l-eight-block-center-c0,l-margin,l-padded,l-three-block,l-three-block-c0,l-three-block-c1,l-three-block-c2,l-two-block,l-two-block-c0,l-two-block-c1,main-section,modal-close,modal-content,modal-inner,modal-window,newsletter-sign-up,object-fit,pt-column-control-inverted,responsive-bg,responsive-image,rich-text,row-container,signup-container,signup-content,submit-captcha-btn,tablesaw-enhanced,ui-accordion,ui-accordion-content,ui-accordion-header,ui-accordion-header-collapsed,ui-accordion-header-icon,ui-accordion-icons,ui-corner-all,ui-corner-bottom,ui-corner-top,ui-helper-reset,ui-icon,ui-state-default,ui-widget,ui-widget-content,vertical-align,video-module,video-template
